# 3d layout of every node in the WeakC4 graph.
# Format: one line per node: position,x,y,z. The root's position is empty.

,0.0,0.0,0.0
4,-0.008229735205720783,24.856123976273203,31.392297962030355
41,-7.843031847144267,47.95298553817173,35.36131654692344
415,-17.132101946688714,63.01969485093737,38.164863262316885
4151,-19.279812308921237,72.32574753282904,39.98294812532859
4152,-13.51497386585098,72.8576483780104,42.249007485584144
4153,-20.747652124694977,77.8850069785937,44.82356552740877
41535,-18.354914477763373,84.63968910770205,51.9600952438439
415351,-28.025544289667828,85.05394066895755,52.00708190890617
4153516,-25.817850984803606,81.90395611571451,53.86277053808498
41535167,-29.360247260546107,78.00365908519792,56.7426471795325
415352,-29.791901162672733,84.9747389311029,49.77237609619581
4153524,-19.64667144359702,92.10529593810254,47.80600998184245
41535241,-28.474271983543858,81.68030052381891,44.544166054132646
41535242,-30.46875283938585,82.2101015510526,49.430560248422644
41535243,-33.49970120650723,83.46616835139113,47.71815243399351
41535244,-32.9066185152881,84.08886499309513,44.23741003274404
41535245,-24.12463736687605,88.38645900476982,47.62019761538553
41535247,-33.833201657295625,87.74633885906552,48.323208966094356
415353,-25.917919018701397,87.87769172893026,54.76537064528173
4153535,-22.092665605297096,86.44416331115492,58.35997539339982
41535355,-22.2246761433369,86.73398173223967,62.16429688180479
415353556,-21.44056898446062,86.57331873121004,65.63517698312016
4153535567,-20.516324573579848,86.6035815879563,71.98116515707603
415354,-18.962118597680604,84.83869918792888,51.824255916683335
415355,-23.66906909395817,89.30660959012206,49.829458778046885
4153554,-39.3977906742345,89.74272282611406,42.7703726018742
41535541,-18.826882987412883,91.68288142754164,45.92942645656941
41535543,-25.55374014544551,93.11636281576288,48.46419538204741
41535544,-19.33870731474218,88.00360895401498,46.50575901759973
41535545,-21.20696476569577,94.78177875925525,48.092107176036855
41535547,-22.21111404254661,92.54351665122975,51.201960977081654
415357,-30.080238385658625,92.96910177263071,55.87493423756013
4153573,-28.437154221122476,97.4034672998938,60.67047453473166
41535731,-35.738380164886266,105.36661031232151,69.04454714758693
41535732,-28.60306772964632,97.47323312292129,60.77638599884049
41535733,-29.945166496614267,104.09029351493581,64.94777386163169
415357333,-38.37454866338257,93.10145235780675,60.43255217064252
4153573331,-26.31004122891209,107.68680172105043,68.30101179176295
4153573332,-23.46020539076719,105.74988287883414,66.72867953210525
4153573333,-26.303892944705744,106.53940173226424,61.09998889583991
4153573334,-23.5460687489474,103.05624816446206,64.42005756727885
4153573335,-28.332489651558614,104.6736379100919,68.96657187860485
4153573336,-25.602639251448952,108.81820971995792,63.83813870790694
4153573337,-29.45644440199728,108.40483821443433,66.01526830323624
41535734,-36.34322904639685,97.39279711549052,67.13524422384442
415357344,-27.423476804388862,102.56829247481933,55.84512069749702
4153573441,-37.28878596952277,92.11452619716925,67.00444535192511
4153573442,-39.279987961742336,96.56295763295364,72.04448052191205
4153573443,-38.03663226447246,99.55313038073179,70.69806172577414
4153573444,-33.73045204654351,95.9380102181889,71.33223542739952
4153573445,-41.041278939296625,96.5535841596537,67.21430424859366
4153573446,-36.287343988782474,93.33030234269852,71.72135040338753
4153573447,-40.10296976465453,93.35599314829898,69.50160762753873
41535735,-37.56634649355973,102.66304206896902,61.09072707571146
415357355,-25.601078868916794,94.65519358234728,64.94311136970283
4153573551,-41.75956101461866,100.85490380716415,61.37086545354061
4153573552,-36.9877613580406,107.21919691174033,58.64000602415662
4153573553,-42.329892997079455,103.4715869456293,57.2750092959913
4153573554,-43.222862569628646,103.85396108897271,61.030431043058535
4153573555,-38.86591714650236,103.83875735023929,55.74977999189543
4153573556,-39.983889381003415,106.56457360458059,63.092135579028046
4153573557,-40.90098766994068,107.42445438875316,59.11349576947281
41535736,-36.17497400352696,97.25554318411135,60.65586639881519
41535737,-28.357063577833575,97.27866551056886,61.00498321703457
4154,-15.204875249212234,68.85135177554756,43.88829785579681
4155,-13.697372863096417,70.99508143213927,37.91250137508552
4156,-18.98931986648213,82.38843805235993,40.77307509965139
41565,-26.79493611831279,92.37648963018539,37.17710904718061
415651,-19.206429555031974,98.24182343048834,42.69173285122393
415652,-24.940894551915036,103.24838354664595,41.59701414289723
4156525,-27.226844819932698,109.71037242989736,40.31252347743321
41565255,-29.11798006155746,116.25206029737822,41.65987282273923
415652556,-28.051448045672423,127.12731800295057,28.154603245672774
4156525561,-32.539388437579845,119.27843755602798,39.027436616775994
4156525562,-27.825164312517096,124.50052486588744,43.46037057139089
4156525563,-33.097917242086744,124.73370513617952,42.10648270704307
4156525565,-29.719319341861034,120.58839779730435,44.75226659713211
4156525566,-34.14544338642439,120.82816993842172,42.95302870967628
4156525567,-26.799808189498307,120.76347549378599,40.37363104792342
415653,-23.951281003635906,93.98828775911197,44.59933045272498
4156534,-18.60464782231046,87.67691384385446,52.763286550605265
41565341,-29.567039560348107,89.28849825577197,38.309078967531654
41565342,-31.995318175726215,86.92320638852236,43.14082413350967
41565343,-32.49572430904519,93.1044473306143,43.728263803626945
41565344,-25.49250750812937,90.19502780652752,39.360320586455224
41565345,-25.978603381852878,95.56897280303026,40.03649382711589
41565346,-28.899004521397337,86.21352270805325,39.63079762669192
41565347,-33.05679129400694,89.50035537112188,41.20978568120369
415654,-25.533551364118992,105.7569973269161,39.5887329460227
4156545,-27.993407652199316,114.08271633510482,37.75932797103559
41565455,-29.19305147815473,123.75029262158917,34.20059464708224
415654556,-37.58489245705269,124.65993270083554,44.92796900391589
4156545561,-31.774972382537076,131.94466079894215,30.082914295269884
4156545562,-30.530563768187765,128.89162119727263,42.181762790860915
41565455624,-29.72475736939135,131.96574319457437,25.10729682648436
415654556241,-34.57985080159546,136.70953434643894,44.37120223002514
415654556242,-30.085511241622697,135.90364688419476,44.94430252808427
415654556243,-34.555032726767244,134.3624929621682,46.79477340900458
415654556244,-30.278226389745537,132.16949072386498,44.89758906849607
415654556245,-37.38381263514653,133.58656871462432,42.652178103458716
415654556246,-34.83506522398969,131.03435643719604,45.11890558906702
4156545563,-29.22746431110577,135.61213760275308,30.364139517439703
4156545564,-32.181098199060465,136.79504422716423,32.65595987908952
41565455644,-33.06573437483854,140.95922867785023,31.00160363524869
415654556447,-33.234071768536936,144.41531957820123,29.034158513781616
4156545564473,-33.46152555125952,147.56834332808015,26.967859137365448
41565455644732,-34.014329505778214,151.94901353461978,25.357105532611744
415654556447323,-33.52595540993428,145.19306837059278,29.661315501903445
4156545564473231,-38.54743373386656,155.11813224825428,22.954975324739188
4156545564473232,-36.4479629552237,155.98455712304363,19.362558338692356
4156545564473233,-34.680053950645906,160.45324422881805,20.46576857493531
4156545564473234,-32.75263166806042,153.93969483939603,19.103628181691267
4156545564473235,-36.11369536807323,157.9449349993582,25.953034447113485
4156545564473236,-31.86933795380653,158.65957111424507,24.616632118755167
4156545564473237,-29.932960367369873,155.54433936295197,22.326107933842003
4156545565,-27.17253464528804,134.0557254448853,33.601424425363426
4156545566,-37.234669811010676,135.109616538669,32.80136600768551
4156545567,-31.54771775789282,137.6930357073804,37.42653178421057
41565455674,-38.41993590260296,142.0689087148215,34.61907741550948
415654556741,-31.812320596143497,142.59983374298116,45.558611932325434
415654556742,-33.14206361176435,138.29895636613927,44.35261584348501
415654556743,-34.59207805171086,145.51663990733002,43.212183506879434
415654556744,-36.747739827935604,141.68552980886523,45.215704373798154
415654556745,-30.293544071619593,144.07198645880908,41.34940672734794
415654556746,-35.792456002608645,150.63457970313098,44.09967937377634
415654556747,-37.536909403858914,142.15775510224788,36.035436961627255
415655,-26.514253565386632,92.74550255057102,37.403151753662314
4156554,-22.915608148220922,88.8650563474188,54.40497894258847
41565541,-29.005786678874284,97.63007179416313,35.377585031780065
41565542,-26.21557437025352,93.2128426244192,34.250413347485335
41565544,-32.37060415643136,95.99341908361306,38.612654211899354
41565545,-28.75426113427682,98.86566549919483,38.430204436051504
41565546,-29.948281598960847,94.66508482877538,34.24377398710685
41565547,-30.14920717134294,91.57631018764187,35.67864522726992
415656,-21.67054910582669,98.09241545007136,40.28409839811683
4156565,-20.139004202255155,99.68278506580715,35.913986253034665
41565655,-20.177237418099637,99.64342369765819,36.001661315525844
415657,-22.52590686753828,100.55878618365578,43.56336495868094
4157,-17.04958704831784,63.423113438666476,38.30678460438307
42,40.0515162323345,23.413288302665524,45.73307887507017
426,77.51701977744685,15.7964121695129,62.688347711713064
4261,77.59917008563421,15.943264041532435,62.64671739751553
4262,79.19991949647931,22.38899166738538,63.64178558251338
4264,80.81666858485748,24.76684660947694,61.269320383818936
4265,94.55393542259404,6.8676483802214205,85.32413877569707
42656,105.18937829068152,-4.6990383848246,99.78182932941316
426561,113.36707509762944,-5.253568041767943,112.58151770756213
4265616,117.44138883510524,-2.524644307857024,116.28681867818503
42656166,120.46791218642089,-1.298836386423018,121.69589713769338
426561664,123.64271586709818,0.5994015771612795,118.83383075701808
4265616641,128.13953396150842,-2.0967576838469015,124.22580365252593
4265616643,121.66601268553177,4.0840586289672345,126.71253191181397
4265616644,130.95207647494667,4.07654820155259,128.98166095103267
42656166444,120.1007408368087,-3.383235762257985,132.61238817272206
426561664441,133.82551482633744,9.313536183181611,133.6470821394008
426561664443,131.1611753924973,7.093083962437996,133.32864561920556
426561664444,136.09612408175929,2.620443847885446,130.40956766698807
426561664445,138.06626047476732,7.978063638242812,136.31578220064338
426561664446,137.72937228035843,5.713175478888247,132.62046824595663
426561664447,135.06278240514933,7.3608442998449926,129.62178890548475
4265616645,129.4302822346346,2.914849284857714,125.24016573695403
4265616646,123.78120306413473,0.6840892727040192,119.47061306084774
4265616647,126.43586979845063,5.512381704028432,126.71775394453931
426562,112.62739995676242,-6.932267158611248,114.75326718901303
4265626,116.5775270675603,-4.807013098210353,119.31876227844836
42656266,119.62396481290715,-3.032466559449082,124.38342772170846
426562664,126.73164774244654,-5.135220698783229,131.36881294473238
4265626641,123.74896614111451,1.2890587036928038,128.06426858244384
4265626642,120.07273151678818,-1.3888335325293886,133.84016763764504
42656266422,127.5705575693335,-0.33931255631836776,121.40391338867275
426562664221,122.70353812705059,0.39781085055143606,138.08713737563454
426562664222,120.84328734736707,-7.115484146853205,136.56581950446534
426562664223,116.9524867359484,-4.631564242629569,134.3013969006744
426562664224,122.25647142487752,-3.332511438049427,139.6600875640279
426562664225,118.60889910558686,-4.489872130769563,139.27634090769104
426562664226,119.07487182174475,0.7587645235367497,138.34421015584445
426562664227,116.2374077964203,-1.5355899002177111,136.82682838835052
4265626643,126.1285838591231,-3.2789831952600204,126.3340419379664
4265626644,128.9911447735301,1.465386478386229,133.3352058394891
42656266444,130.84591989194223,-2.5319814878370863,139.60082015722696
426562664441,135.550348975192,4.940314114392594,135.35934937073603
426562664442,135.6610633696308,-1.1684473510312505,142.57311181466173
4265626644422,140.2230593677366,9.256144036859572,140.5430273897635
42656266444221,140.13218484396123,-4.721293055488431,144.25263668514043
42656266444222,135.94150961366478,-6.123217591482983,145.0148069129191
42656266444223,137.94824041887162,-5.0339839070894605,148.59021391773743
42656266444224,138.51916629362393,2.6573233244189334,143.8701776980333
42656266444225,140.78616285930917,-1.2449587050237931,150.12533237710022
42656266444226,133.09670743230794,-3.3258634842988553,147.36057994800808
42656266444227,135.08506821746846,-0.8276741721117717,149.68050614302948
426562664443,137.72760271281282,0.11600442128402283,136.1779399489007
426562664444,131.07803401748833,-2.1582418926807865,139.33944647928266
426562664445,136.60849221336713,4.247151842236526,139.4197919136082
4265626644455,139.44529551729454,4.923619946522411,143.24811964045904
42656266444557,143.274431209819,7.567737608979166,145.28810685751787
426562664445575,137.80177338502034,-2.166849367846173,148.24581564246583
4265626644455751,143.8253768354604,10.71722221777238,142.27229215658681
4265626644455752,146.0459240765738,3.956166304932445,152.36267376184026
4265626644455753,146.54563558011048,8.169108769188565,150.55316100077465
4265626644455754,149.96886804718565,10.555775325310249,151.52091662920617
4265626644455755,146.44677660843416,11.76429489630278,149.52949016053782
4265626644455756,144.35016372362307,12.169130442062976,146.95253513049232
4265626644455757,149.3848731023355,8.124546263972622,146.25576637734935
426562664446,131.77085210915888,5.482336415826843,140.07092937727904
426562664447,130.81028335063826,-2.49204002463021,139.3354060642522
4265626645,126.7406358950385,-4.958406984437386,131.29600956613828
4265626646,119.38251687179233,-0.19089811103290832,128.24896150199052
4265626647,126.78169749050576,-4.7191164651563176,131.20590189030816
426563,109.52272890430874,-8.008000993800033,89.85423697618991
426564,115.79175549904768,-18.402656044185285,119.10619168746544
4265646,122.21855615045308,-29.929193815564084,128.5428780619939
42656466,128.02050573617367,-40.99801784004428,138.96031971134133
426564664,136.34416832435699,-45.51015183856652,137.33562918415555
4265646641,137.15793877597122,-51.181001954898846,148.53707701018243
42656466414,129.70712274059665,-51.80923737848429,156.15547822137805
426564664141,135.99868086381036,-47.8889537295239,151.98530945324498
426564664142,140.13500102677295,-51.74067985535327,151.23550617206382
426564664144,139.3129650013814,-48.378706459732555,150.1791096377868
426564664145,139.20930710940817,-51.27586031340661,155.42740132404958
426564664146,135.93517892286226,-56.62591137444427,147.08463398108844
426564664147,135.4620050183305,-57.836101228993364,154.57190983584985
4265646642,136.92371573046242,-54.02659557495682,147.5061730294663
42656466424,143.73630900669306,-57.15655657679789,149.99223698660015
426564664242,143.68528230661178,-57.42544322312556,150.1330200132341
4265646642422,131.27061390495385,-53.88950490140968,150.23446694604672
42656466424221,146.836320537109,-63.333556706916866,151.99826621647435
42656466424222,147.7300279724029,-60.0299566875984,155.4534313931161
42656466424223,149.0693610871631,-56.018050494413146,153.68987442175387
42656466424224,150.51232704982732,-56.706308717027376,149.93028042583958
42656466424225,147.3682490331618,-61.164071823382926,147.4966426036113
42656466424226,150.40673053933267,-60.69014602546877,149.10164095979346
42656466424227,150.56234839341116,-60.75035803792406,152.94377063932436
426564664244,142.83923331888647,-57.15698722569783,150.12152332899328
426564664245,143.34185345372268,-57.31915396638924,150.07097009913375
426564664246,134.68421676572714,-58.82298620523818,147.33381279270935
4265646643,131.92347119899745,-52.91540481400986,151.3318271325822
426564664341,131.1269929753701,-51.86449892194081,155.32408481715945
426564664342,134.1497325781364,-53.715494245885374,152.21875648545662
4265646644,142.8809588110311,-64.48887335236418,160.23132455331813
42656466442,150.4058341317114,-74.28122785630981,169.46514211752293
426564664421,150.28160952915013,-73.93548388718519,169.44263260499042
426564664422,152.5851858163141,-73.27182464189028,177.19748204347798
4265646644222,154.65323838368525,-87.07654173524976,167.53001442742072
42656466442221,153.96375879579742,-70.06765525187576,179.04625946962847
42656466442222,155.96580529121053,-72.5728671946985,182.03820482383225
42656466442223,154.25365141813754,-76.70739314647085,183.46086472314278
42656466442224,155.8598928671736,-72.22299176465484,177.41450096576392
42656466442225,152.30449900880788,-71.99995099914034,182.51263802653304
42656466442226,149.76972671006277,-72.38623402361786,180.08099606946288
42656466442227,155.2609686461775,-80.09646017492472,180.24188714515088
426564664423,151.81785256601103,-79.1557035744396,176.28710673814663
426564664424,159.58384253480145,-87.81701258883635,184.3112939827232
426564664425,150.5681623881121,-74.23456662749561,169.3744305007598
426564664426,150.31236029248905,-74.32597210534156,169.27721794997234
426564664427,153.3267589647986,-81.73950802811216,172.6123772010948
4265646645,130.16809538131693,-48.98515959526822,139.7074578800119
4265646646,133.44286634162384,-57.53350456858116,147.12737772973338
4265646647,132.66979338648792,-57.41747044823028,152.30489128093305
426564664742,134.41527939618183,-58.989680543457695,153.6490299523782
426565,111.74788022369067,-12.781016237267757,111.10692960459274
4265656,113.8829863925293,-19.321435203413433,111.04052723439229
42656566,115.07015727890644,-25.986721812407144,112.18835388243075
426565665,122.82386149391843,-29.33134897057371,114.26127330909043
4265656651,116.88490301066041,-36.59731686167379,116.50810074985522
4265656652,117.12762422054402,-35.104134353621234,107.59029599604764
4265656653,114.7541849533034,-30.25735836660506,103.71183419082605
4265656654,123.65446744147214,-39.51519727881793,124.10571765083486
42656566544,120.05963355326594,-31.766805449280973,117.69986489118621
426565665441,128.7056803070124,-41.22058987488096,133.74947962905455
426565665442,131.12932479363272,-43.46797653899724,130.62379360183309
426565665443,125.44365131542015,-46.63713965340212,130.7467830400842
426565665444,130.09668341478323,-44.72199308510819,134.94673300288605
426565665445,124.94889425682598,-44.01387529758384,134.53123233252143
426565665446,130.04234740059363,-46.939946500593805,130.19372141996251
426565665447,127.6077621305023,-47.69841810166391,133.71328977587774
4265656655,122.51122977074753,-29.554680578649506,114.26010408653293
4265656656,117.32913994243798,-30.34000162307546,107.44904175791612
4265656657,117.97225454110851,-32.22391704626872,118.731644760971
426566,110.79856781871074,-7.138840024490884,129.2731643556968
4265664,111.18748620860501,-8.852713400112602,142.64550924497615
42656641,112.28075995710591,-3.484060880930136,153.21978008542158
42656642,110.95679882633007,-3.114118259526892,150.02531200885335
42656643,111.28000214650584,-8.639412943726418,143.1354973693694
42656644,109.90404994507377,-3.6572811541403096,154.95823525556662
426566444,115.70912128644373,-11.527009629165306,157.04291248564402
4265664441,108.94791039509202,0.036173519538680254,161.36662267075462
4265664442,112.21193683370832,-7.928654757056527,158.164046853651
4265664443,104.59275884427703,-5.353732798414241,157.69803949624736
4265664444,104.33520844724752,-3.7195557382749325,160.9914796632975
4265664445,110.00083974384405,-4.4415933463507065,163.45472536643535
4265664446,107.90615069490131,-0.14427838811886046,157.43057523023052
4265664447,106.73195185143061,-3.4705704826119352,164.47807999588835
42656644476,110.2708360248599,-5.1025065527745985,155.93288072806348
426566444761,102.15834118380843,-3.3538503447261276,166.31385321910074
426566444762,102.05863891883038,-2.856162395546627,169.83268073865767
426566444763,104.9298289535041,-7.644446725940716,169.60642769634802
426566444764,109.80914354697451,-4.287524503749595,169.1316144261959
426566444765,107.9756426018434,-3.146342662799329,171.88481030969857
426566444766,106.02572694790368,0.8033505959541891,168.74671920321447
426566444767,104.1118504520658,-2.9834134342190066,173.708811881011
42656645,116.75547541995792,-6.370172944898637,164.33942427901184
426566454,119.94143330366724,-6.0836779855499055,178.3228497469684
4265664544,123.00603833436809,-5.643395028259605,192.2186247747772
42656645446,128.38670691752003,-5.948433510714471,201.47891997055456
426566454461,122.2025674768573,-4.489639094952869,207.59913489991294
426566454462,128.23740614217817,-5.9448071230180295,201.57097455804907
426566454463,125.40460198551784,-4.471774461286472,209.68397080895969
4265664544635,136.27200763169262,-14.414622554050581,210.38396629429755
42656645446351,121.60294382582893,-4.04514834822691,209.6181847449245
42656645446352,122.89701531439803,-8.338571529422975,212.16969667104132
42656645446353,128.5902767703498,-2.688563390370928,213.45867076956694
42656645446354,130.41072860598342,-9.219092251648632,211.23401050723297
42656645446355,124.82501196697892,-1.684766474229606,214.00088498857266
42656645446356,123.22063252262069,-5.293257105167197,214.78130325886525
42656645446357,124.75383585693494,-0.7557637747302026,209.79385464975562
426566454464,129.56106260641013,-8.130928179345856,209.33702697214463
426566454465,130.2035510657726,-4.7674102598288215,218.7670506693417
4265664544655,130.7420217091989,-4.622585441607749,224.67934893496732
42656645446551,131.2217748380819,-1.7395953128211505,233.2838223521344
42656645446552,132.74458737098718,-8.184578893085689,232.91180488277865
42656645446553,134.348629790341,-4.654313623306487,237.76500284011624
4265664544655346,137.09366681131675,-3.5393370993464104,241.50703786109722
42656645446554,136.6248486920909,-4.567836401832652,229.93099715949597
42656645446555,137.2578615492034,-2.9287718654393915,233.05315212522035
42656645446556,138.37880531918853,-3.1896150449858474,239.32400407946898
426566454465564,124.8428985574107,-10.36484574598519,243.46864364804227
4265664544655641,140.75996953586338,-5.743711616656275,247.14356650128735
42656645446556415,137.45766467491404,-7.97922274212784,255.3411295555831
426566454465564151,143.61450286818015,-9.774588321200309,248.08601804171155
426566454465564152,142.98663991465733,-2.0679926780716147,251.2164671053358
426566454465564153,145.81374205697324,-8.77028465159178,251.9316521414986
426566454465564154,147.09464456220348,-4.044538974432206,252.9492359876851
426566454465564155,140.02814304637772,-9.937807168666263,251.53341377334618
426566454465564156,145.15631847488493,-3.442804577780567,245.95472376794166
4265664544655642,139.5097259419866,-0.4840493274119225,247.64077651807114
42656645446556425,141.3206951723222,5.807386041768125,255.16143410648877
426566454465564252,141.23013944864985,5.674010211836025,255.24391998590863
4265664544655642522,141.56051717892768,-5.159500585693825,247.37054931749296
42656645446556425221,141.37269921436325,7.225457229797886,260.26512664906556
42656645446556425222,146.42061783978122,8.878431725124166,256.46716254424155
42656645446556425223,141.77113087273486,11.411325680609622,253.0562674649305
42656645446556425224,143.73116005232706,9.970155729950326,259.81523986109136
42656645446556425225,140.16447348280118,12.032358671751908,257.2897243857918
42656645446556425226,137.99269751122233,9.142227181562772,257.3179760241284
42656645446556425227,144.19113414858026,12.189062455004676,256.2294710813198
426566454465564253,141.33721014133621,5.140673096892969,254.70109129545966
426566454465564254,146.27831325473235,-2.38249924672288,252.5147521825005
426566454465564255,142.1912824433595,2.8722767188582146,248.3882022803855
426566454465564256,143.84038927436472,-0.7392124578465035,246.5058417817189
4265664544655644,144.39013894497137,-3.1035727540771645,250.6952070516213
4265664544655645,137.2719677065712,-6.210486453019671,259.26486742460486
4265664544655646,142.7969614726375,-1.7356011395813882,246.33401864800484
4265664544655647,138.33734488555513,-2.2641243812211402,251.55564855457547
426566454465564751,138.00744616943035,-3.3635015648244972,253.70135417973756
426566454465564752,137.56128647972287,-1.948173185915971,252.70335626359292
42656645446557,130.90012917049245,-4.612232754546531,224.96934326079648
426566454466,127.99766465133908,-6.005265693399856,201.66595420765324
426566454467,125.52779904257514,-0.9173401152291114,207.89764213668062
42656646,116.70726439895024,-5.439019421092788,151.30285966115915
42656647,112.52280283247158,-9.771867056629176,153.04615360201765
426566476,113.33311978052717,0.4167020642329925,145.2829016289151
4265664761,112.63652066708956,-16.726378522839074,152.23862515211573
4265664762,116.13103842381857,-14.023201609293151,152.99197118708048
4265664763,114.56832833206788,-11.683173592963582,156.70044596430472
4265664764,108.39520813310784,-15.167307202348635,154.21993443826034
4265664765,108.91796672333689,-13.869879740109656,150.60705937743893
4265664766,109.45088827416457,-12.253694302336587,156.80741558721547
4265664767,112.82521914251454,-15.546029978370498,156.51521012703506
426567,108.94650218858632,-7.274319539658628,112.15800816315839
4265676,104.17808950494869,-5.835726160496897,112.38235063307057
42656766,102.01374002610696,-2.584175498176726,115.43597700094483
426567665,102.9967274138308,-10.604106899756548,115.44926742269134
4265676651,95.47528294426426,-5.282374159331475,117.13878929527866
4265676652,99.93765730002976,-0.0332219830363228,121.00746625795352
4265676653,102.05041545563017,-8.688917876671196,116.16947892851664
4265676654,95.28700640846269,-1.9032109493088845,122.19330630538565
4265676655,99.53689580588751,-5.334934060589924,122.1691392695163
4265676656,96.8150516281236,-0.5486341602133221,115.81463152472215
4265676657,102.16528749756776,0.1797625155995834,117.56360721626353
4266,80.29970874837218,22.178395717789563,57.33915189199529
4267,95.8344380641254,35.96222843952924,68.04342210170701
42675,111.7448711112047,51.452686115231145,75.10483975584376
426753,127.40377485278866,66.95826458267108,82.30339801833702
43,47.124864407958434,21.106103934967678,26.022541543029874
436,91.0859649275151,20.07224123966125,19.599453749143514
4361,97.64467751206823,11.81965547113168,30.56827799145809
43617,100.78944468434004,7.378047752646562,39.86463043956392
436175,104.33574376358793,3.2610688036560407,49.00059037480957
4361756,105.61323444239345,-1.4334609049927263,54.42053988802131
43617561,105.64396517348895,-1.804336665352882,54.474492264291705
43617563,108.798647658157,-6.96975469300902,58.74276166634951
436175635,117.4169160391138,-0.725063254281354,71.9027376106815
4361756351,109.84546609022163,-9.769117955463233,58.34044348989376
4361756353,115.30604950393368,-5.209341500604577,56.604461343878526
4361756354,111.84259507356958,-5.723233756475805,55.885510154992694
4361756355,114.39710509441592,-9.693364805768429,57.1728555799407
4361756356,119.57748451489773,-5.66530329361686,61.75707347603175
43617564,105.90031592978781,1.4766675491677406,60.79305705953815
436175646,102.79090503553667,3.5303977571370613,57.66710912155927
4361756466,99.52161288340284,8.261454864677905,59.89400074567646
43617565,105.5369437052851,-1.6998970062673193,54.471983959045964
43617566,112.43496694882522,0.5063798035735855,60.41438917070234
436175665,115.54200459561405,-13.141459394382483,64.58632657600555
4361756651,115.2166080787109,3.592765913186219,63.73094731295568
4361756654,120.13721792447667,3.471024778053035,65.86270595264418
43617566545,121.37424821717481,-12.339546593894664,66.992841998628
436175665451,124.56611881726562,5.932875316007542,70.62414242058568
436175665453,130.32721895937536,1.368770946543045,69.82349490406943
436175665455,127.32534637183896,4.326411896896296,67.01947189818411
436175665456,122.85563089494185,6.524024647312372,67.34374028274473
436175665457,124.00918355860603,4.441596628075245,64.64806255898246
4361756655,117.44426836806583,0.4804449623093518,59.65292500788442
4361756656,118.81191720713923,1.9572295693373072,62.93928403615797
43617567,107.80080124936006,0.10853726313993949,61.78944001677581
436175675,116.45635081318784,-15.34088024364077,63.45128039965988
4361756751,105.51707095000702,1.2170389549410678,63.067308232378714
4361756753,108.66238616576763,-2.8833517550077796,60.91543575686515
4361756754,109.65423685847406,3.914942813612565,63.06131123685752
4361756755,105.5663627335091,0.12549073721570733,66.61740933258012
4361756756,112.18382169785832,2.4791531356463374,64.29751632492187
4361756757,107.9563156469621,3.0291413765661415,66.57528918869383
4362,89.76204361253376,15.137425340579505,43.89869889189021
43627,95.31340865998683,6.729155999351133,53.511849559813506
436275,101.14995281035625,-0.969962152200985,61.78530302770346
4362756,102.01905833965067,-11.588546414167002,74.16301523011295
43627561,107.09778255723435,-5.659065367904001,64.65894875448895
43627562,102.51706888729458,-11.394696510249839,73.87695736864892
43627563,108.4043888140281,-10.96750692065461,63.83371724985392
436275635,121.94196870988623,3.7134657490685763,66.53880027740092
4362756351,110.75387200033816,-10.85942561067451,61.97040022682247
4362756352,111.12837401460168,-13.031768255639653,69.36517961436965
4362756353,112.68631472345827,-13.581999932577277,63.36367763770107
4362756354,110.68312751620041,-14.005827995842077,66.19052681057396
4362756355,115.19554222026169,-13.839635576393254,67.33153916344564
4362756356,121.85772168998933,-8.9972622212904,72.97897352590226
436275635654,125.35374042237052,-6.061169147490238,70.07540211236807
4362756357,108.09704103991045,-9.31505666779754,69.13090812159281
43627564,108.64279989648372,-18.35229386885474,61.00186665885034
436275644,104.08521737932634,-20.201660903444175,54.255927698901395
4362756441,110.54089606898103,-29.259108006783375,52.06046635054447
4362756442,106.66459964244203,-33.17288586724414,52.90155994448367
4362756444,112.06625591644097,-32.2383981269055,54.08317390856884
43627564446,115.9456351698557,-38.12166586046319,55.158268944038866
436275644466,119.15678105215845,-45.13682686953538,54.47672808155025
4362756444663,123.21798495334309,-42.39655561483232,61.307819560079714
43627564446631,123.45846596387608,-54.625319977489056,54.19504756953487
43627564446632,122.09557586998241,-51.0073146743214,52.126084013374616
43627564446633,126.22765641877818,-55.424102110058335,56.46307054347715
436275644466333,129.78929886539427,-59.086499867946735,58.304005498169
4362756444663335,131.34285123060064,-64.5742264032021,57.988841747059546
43627564446633355,136.8423140038771,-64.58014519537201,60.73747908926243
436275644466333551,131.5980974764476,-70.89246538438029,57.813528413031584
436275644466333552,137.4203222173752,-72.5751936410549,60.018265968050336
4362756444663335521,135.22227363310998,-67.82642491560817,57.36068382902317
43627564446633355211,141.79053090529342,-77.71509609507403,60.14860693390646
43627564446633355212,141.900727433234,-79.91435038467138,64.35484731928402
436275644466333552122,136.09882001314716,-70.27720881769103,61.16329152668926
4362756444663335521221,142.91206054706512,-85.75787969238554,64.66091096419561
4362756444663335521222,146.83149212003644,-82.62808533775517,62.93681622877321
4362756444663335521223,146.45440400049156,-80.0836313386032,66.78809744805402
4362756444663335521224,140.51152018080032,-83.44530956682992,67.51459935338522
4362756444663335521225,144.95773909668492,-83.6166477875322,67.7203699175865
4362756444663335521226,142.80609207834746,-84.06286826090502,61.11093251183007
43627564446633355213,141.1894991360548,-76.42541083410154,67.03695294572735
43627564446633355214,143.09096788094692,-73.59453876754111,64.4646174315426
43627564446633355215,136.7953336457017,-76.28147249184617,66.68926944540462
43627564446633355216,136.77192326368203,-79.18662778562327,62.40305652039149
436275644466333553,136.62979889083525,-64.62911115164826,60.652273914974884
436275644466333554,134.0251808409823,-71.23322314761931,62.526136928993154
436275644466333555,136.48053562955874,-64.53719361093209,60.47659615227244
436275644466333556,138.35551241852204,-71.36879156420437,55.28462219296942
43627564446634,125.89474953394392,-53.149686797265986,58.452885807585915
43627564446635,127.10653367950096,-51.02997802996849,53.77729476747848
43627564446636,123.21177842570528,-45.06249440000332,59.53456552980318
43627564446637,120.54857873934331,-53.56415894384574,57.565093542985075
4362756445,105.44166169160268,-29.34074095405347,54.550540397217084
4362756446,104.32276728809845,-20.57463575989051,54.202814108738615
4362756447,111.36339718097018,-25.4930241230135,52.17815317886431
43627565,110.70643543628124,-13.936822820596364,77.87773293817078
436275656,111.26028180591732,-18.80539395922385,85.36040693425669
4362756566,113.48105133817721,-24.195116615475445,91.82637404899728
43627565665,114.03265535008909,-25.007423781979057,99.67787531344355
436275656651,114.08425840437442,-25.166207520763646,99.70776199409435
436275656652,117.27234237370863,-34.53969536268634,103.95832842864662
436275656653,112.58116686827427,-31.178526595053878,92.38481997379262
436275656654,112.07342312879858,-32.55277119685196,98.88813612814842
436275656655,114.173432398423,-25.356273399686124,99.87343026327403
436275656656,118.3116033966918,-30.07573209592341,104.77486913573337
436275656657,118.03215175468998,-31.96392170444498,96.84054133092245
43627566,112.89327882305983,-7.291613821728297,72.66611776386551
436275665,115.5059299452219,-13.407944229958211,58.129683882325644
4362756651,116.16915410100349,0.020775861974685006,68.9842478577574
4362756652,116.41476482496887,-7.911445020957021,73.83259978045106
4362756654,118.43852417057604,-2.479032846516664,72.61656368474874
43627566545,125.8297925999033,-0.09619727861890476,76.83328145277721
436275665451,122.72564023856258,2.5687157146576958,70.22453564457261
436275665452,125.29815465082089,-0.14702932537392865,76.49025769350105
436275665455,122.39853471561396,3.880828026016994,79.08580511270917
436275665456,119.70495172515184,1.5950255192842147,74.17140114292421
4362756655,116.60713971936802,-0.265559245483087,71.83189484507633
4362756656,114.1819087304788,-1.7774403482205554,73.97579843359154
43627567,108.08141731152574,-6.8711653085433575,71.14084050972203
436275675,124.846682818178,-5.269501484287266,62.42152312877485
4362756751,106.98666332321625,-1.3758738004879014,69.22914127224647
4362756752,105.39686202791401,-4.931011102701648,72.68631191696011
4362756754,107.29010148313115,-2.9270577289779793,74.88898755848602
4362756755,108.76409094771627,-6.013612025236608,75.85134271084246
4362756756,115.95125944619626,-5.200998116969752,78.56129990447884
436275675654,119.16660357114844,-5.793266571835633,75.45840868916844
4362756757,108.79873273643358,-0.9735789539906802,72.98531915072762
4363,98.12360970441827,8.696102570008074,30.115599544934035
43637,101.59536764698771,2.4824287626015678,39.24651867254687
436375,105.72594905842203,-3.5535733195131476,48.451709611382924
4363756,104.1327596567051,-15.726757063009982,51.93553349987921
43637563,106.53725039799457,-15.772387531994303,64.51121460531773
436375633,113.21528802056383,-17.606854953756194,56.77180819869211
4363756331,104.24159412863298,-26.41497180903992,69.82209921676022
4363756332,101.36759462183308,-23.809527299393338,67.50495378941324
4363756333,108.02439352139267,-24.331096883096496,70.93494364558097
4363756334,106.74399784020282,-22.12833539574215,65.55215182620277
4363756335,105.48239243497437,-27.006892427680746,71.76326639431468
43637563356,106.02684697158102,-30.854410373467946,75.37718058055682
436375633566,106.20454632108127,-36.10020434139089,78.3151059227438
4363756336,103.04216281633576,-21.762563557756422,70.90907468168193
4363756337,105.70172348362354,-27.186878680529148,66.432312407285
43637564,104.89709814649713,-14.915759728484717,47.373577092418955
43637565,109.9527708645359,-15.92773368047245,65.2422667763683
436375656,110.08995474205435,-20.592659014198123,72.39521715578425
4363756566,109.48465201926525,-26.622785879546285,78.81968575263379
43637565665,113.4584681946348,-18.46402392855778,80.09311305238171
436375656651,113.93781661975113,-31.452428783583102,85.3438462557696
436375656653,109.4170241339413,-35.60726320454941,84.47308423647942
4363756566533,103.73430685828761,-31.574791761718053,88.12311017450742
43637565665331,108.62868354062532,-41.92094937071637,85.60664220364748
43637565665332,105.95331216726512,-45.45300549492737,85.98746963886855
436375656653324,105.85688914401945,-40.38978284647206,84.51955532948465
4363756566533241,104.06662353593866,-51.55391618756386,92.24322245976182
4363756566533242,105.09439557742652,-58.00833690618324,91.43227496496128
4363756566533243,109.17576942935372,-51.60200205783765,90.43490118680278
4363756566533245,102.1117253666111,-53.15864786408645,87.79907270475785
4363756566533246,106.9045389268883,-53.29174490060129,85.27348930146925
4363756566533247,106.62762289730334,-54.9940609987177,89.22796132682298
43637565665333,102.6535310452882,-38.83460487721931,82.09696237661309
43637565665334,110.19176246876727,-40.352328037261756,81.42922491558335
43637565665335,104.71349341315072,-34.557744581075426,86.18626469610139
43637565665336,101.3580070058486,-42.69996310876762,84.71862219685345
43637565665337,106.22815956440064,-42.20502451585246,79.94839407519363
436375656654,110.97532996559603,-28.82249229732748,88.92019278128171
436375656655,110.46337518303676,-33.21193059054714,88.65864603222826
436375656656,109.40266139604613,-32.77119580708784,83.39949634149305
436375656657,106.43782470980639,-29.36950530794537,87.07459207361991
43637566,116.20460693601633,-10.669497846192458,61.032334072804176
436375665,121.13984935561733,-10.624969393756338,60.730269422797015
4363756653,121.31505446239488,-10.485124540209547,61.15164406688946
4363756654,127.54299182944963,-4.573711122087438,69.05220516232937
4363756655,128.25716804698635,-12.349581111278724,62.649710653393
4363756656,129.38018952303318,-12.645511348745028,65.99282491631249
4363756657,126.40583775023283,-9.454151730203913,71.5196739416135
43637567,112.64673816211034,-8.72673442997659,54.41700752525603
436375676,114.9359716699274,-6.471404489454532,50.068508982641305
4363756766,119.59332306946273,-2.3323185810196425,45.978038673576435
4364,82.95540464583837,-2.7130024347491433,-3.2536765075398137
4365,107.44980318223263,12.0961893707816,-1.4430836957371396
43655,112.15228687661275,11.37989071098357,-29.12959729540989
436551,119.93336153547135,13.69972074426717,-21.959041968792924
4365515,124.95548842870879,13.372126612896936,-24.627827667323622
43655151,117.97353704197323,23.00911813911,-17.350383360865116
436551513,126.72440472166075,13.994170679911727,-25.16720217326473
4365515131,116.80610965242994,28.48034795392374,-16.5928640003914
4365515132,114.19600316107501,22.22397228586272,-13.422365495735873
4365515133,113.58138558023374,25.87780468875529,-14.293064869011118
4365515134,115.3925259058062,26.582822473116433,-19.448780129897298
4365515135,119.97246148923553,23.060932866108562,-12.440886097629733
4365515136,112.76784306179135,23.482699920958822,-17.77164652270317
4365515137,116.88002267886603,27.04254805409203,-13.209954237127395
43655152,117.82574800810916,17.792379518926055,-18.453473218212718
43655154,118.22663137199055,21.035733241920937,-22.901294435537324
43655155,121.65101219657429,21.32837767652,-14.365037246336417
43655156,124.16976505147021,18.862559038487714,-16.81182632887458
43655157,124.38979185625585,14.178906359785127,-23.914855026989805
436552,120.68444483407865,7.204546721943044,-20.958883949977533
4365524,120.68062958256391,12.380717429170573,-33.18265876904853
43655241,121.98732230443677,4.525161593927242,-15.707895661806495
43655242,115.67292021030022,8.744186591633254,-18.05182031422262
43655243,115.56494644049741,4.846141268205999,-16.74071585274616
43655244,123.49934856928576,7.147926251331106,-17.87884223901861
43655245,119.18573214408622,8.075255700173877,-15.172816023165865
43655246,119.07851987150912,2.3239598479829455,-16.659105885438294
43655247,118.79616321199971,3.1284174110490834,-19.25532698506931
436553,126.27092423411177,13.19640108554589,-24.287767557907607
4365535,126.03081579185292,17.0551547021804,-31.02748656414247
43655351,125.59733486284473,23.884599488918894,-21.728275461307174
436553516,129.2526549921664,9.125133464555308,-20.914627155607125
4365535161,123.75522606484803,27.33176088841654,-20.270654728272596
4365535162,120.22136097253829,24.96656607520397,-25.601313308685487
4365535163,127.42168907374004,26.644104025999365,-24.726620711515594
4365535164,125.11544731042149,28.35069662862982,-27.504622038623676
4365535165,121.74043964707509,27.497171797488026,-27.548219065174703
4365535166,121.41518052044026,28.93018592613614,-23.437133642199512
4365535167,125.63705678902076,29.604772592713292,-23.031604035549044
43655352,133.1723847404732,24.57367733643231,-21.62859710268427
436553523,126.43516850546126,14.309132287957748,-29.854498376843882
4365535231,138.4982860414545,27.62845560716252,-19.175644362568235
4365535232,133.98217468254785,30.282015047527217,-22.596747109331663
4365535233,137.85044450054122,27.503760712155305,-22.5395493709167
4365535234,133.45841187868754,30.74187854054486,-19.060205163627238
4365535235,132.32076454104845,26.601719972615612,-16.63885469175808
4365535236,135.86120546623812,29.630426593469114,-17.37105170010207
4365535237,135.9084455011025,25.810501840424788,-16.289998939894932
43655353,131.84036290467398,23.527293862163503,-26.816833291500256
43655354,133.37260906294142,18.30091200086255,-25.680100474996205
43655355,135.71674779976945,24.76350598388761,-29.520406837648633
436553557,132.98613738967396,22.264190233355013,-39.43416395935416
4365535571,144.30683562762752,27.51130597512721,-33.320274166858674
4365535572,133.87185234588608,23.008170398303413,-38.96027638361562
4365535573,137.6829560240286,28.27995143664357,-32.79906155953976
4365535574,141.73841646303384,27.336851628878954,-38.27011743200528
4365535575,143.2568666161889,31.572130886780123,-34.59080543026516
4365535577,137.56113653672026,33.570423964467736,-35.54798742807883
43655356,126.54299240023724,17.389072874580396,-30.384387680397367
43655357,134.723904332505,18.481585704876412,-21.5131661363366
436553577,123.17472515157972,22.425572102481798,-30.152911497826572
4365535771,137.63154897347079,13.216593241418254,-18.930185569357707
4365535772,140.9205471612713,16.58085275551661,-19.301741724524614
4365535773,139.16313864380191,14.520430325751416,-22.937403308695817
4365535774,140.26911549444944,19.089233064697734,-22.089828589382464
4365535775,138.15106507256908,16.165594022017434,-16.464101333074883
4365535776,134.4340531634614,15.125141650674621,-17.85430112967865
4365535777,138.14259583547846,19.951761882666183,-17.70970644538448
436554,111.3645683519965,0.010106346884962175,-28.90598787964207
436555,128.2868224602889,2.789734832918468,-34.56643168737874
4365553,134.71489336539364,-0.15278394091694383,-51.241036402165065
43655531,134.7478972275269,-0.28348147295884824,-50.944716195481014
43655532,136.40527917689937,-6.107272258772597,-44.92042212690873
43655533,132.0091767646845,-2.4582514199560572,-42.371454352386785
43655534,126.96970579282181,-8.40377794688813,-44.276514933599465
43655535,137.42721090574395,-1.4223996828562993,-40.39971813123351
436555354,137.4436798095703,-1.3374905586242676,-41.713619232177734
4365553546,138.61795043945312,-1.019097089767456,-40.04157257080078
43655536,147.7279751174738,-0.6546411950188886,-56.87836312538952
43655537,139.78407669889287,-5.534115566351088,-42.380583714201215
436555373,132.6922395062889,0.13447845319028068,-45.86205685348187
4365553731,145.41086256502524,-8.755822879001949,-38.118654068734116
4365553732,143.52841516347556,-9.435900984798149,-45.3904580853728
4365553733,148.063048375827,-11.403226662270088,-39.54198742190161
43655537335,136.1326159639641,-3.5416640495422103,-45.38275270238667
436555373351,148.2457670938774,-15.672619696500854,-36.34046386099177
436555373352,150.21839826697297,-16.27688308064952,-39.79750822529614
436555373353,151.79545187099842,-12.792425150170857,-42.209992460944534
436555373354,153.0606039174701,-14.654635588566222,-38.3807472110072
436555373355,150.6638900155796,-13.443780069007989,-34.698433167570194
436555373356,150.60858234310564,-9.786859904581439,-35.37703453917866
436555373357,153.5168971480504,-10.554368634535672,-38.636428916780915
4365553734,144.81326986770858,-12.365720973671278,-42.769754144291255
4365553735,146.95554172367508,-7.882293707328631,-44.30402577217946
4365553736,141.27200970404735,-11.449602057725604,-39.530113445781375
4365553737,144.67632878103296,-5.428759235028788,-39.03734405194612
436556,128.21136604119673,12.268798502681218,-39.45227985641122
4365567,138.79662988323955,3.3689622115703974,-42.96359036255661
43655671,135.41683818744804,16.055610034882797,-54.44408823247728
436556715,126.27270503190519,13.487879593280951,-54.19660961453818
4365567151,127.41095116090095,14.30436347173763,-54.55813142844248
4365567153,135.19844117691505,20.383909199271653,-53.684517189337775
4365567154,131.26959061167378,11.871485142286202,-61.18925488442045
4365567155,131.5626862996613,20.730665574313974,-54.39550193852557
4365567156,129.47452620492513,24.138187761305666,-57.64250556537502
4365567157,133.67298165652494,20.761466074349237,-56.64648433689293
43655672,138.69628520184995,14.857767453152398,-54.430687436545696
436556725,140.96755216711,18.731445235234474,-60.86641651115352
4365567251,136.06650966470707,17.31291214350867,-56.65739012587772
4365567252,140.94509246135163,18.943276440667123,-60.871215841616056
4365567253,139.49899546426707,19.1000948440354,-53.43928674671382
4365567254,135.46777281201514,10.892184047068566,-61.63178459408433
4365567255,142.84124838827339,16.6545141343556,-54.33278346355177
4365567256,143.4129136569946,25.878734646817456,-59.163606828975595
43655672565562,150.82917844273032,38.32428748097575,-65.13237214308694
4365567257,141.14401328840486,18.645104307998277,-60.47462974499021
43655673,137.23233367748955,17.43050870480414,-52.66976311619745
436556735,138.7619114016889,23.28335405769889,-47.57124398808622
4365567353,138.621914741322,23.214708443647837,-47.484749412466584
4365567354,138.858150187005,23.296937294620847,-47.711060378887055
4365567355,139.1571819465456,24.93814041082264,-43.44137962420272
4365567356,141.50630554952784,27.430782001621786,-54.64643371914319
4365567357,136.67457587928044,21.96632440862185,-54.48412195914107
43655674,133.4104943971272,9.766651805594385,-60.14762675640833
43655675,147.70660883726535,8.697014770248757,-61.466888587791615
436556753,158.94326103308785,6.9416053729360305,-67.35216071998516
4365567531,164.1190813145569,-1.3358936396945698,-66.60034467656567
43655675315,163.8372444835394,6.144023677555861,-70.62704488116563
436556753151,172.30981038831558,-1.190069984743134,-63.24904605420642
436556753152,174.73318205911494,-6.54574282081967,-62.44512656375571
4365567531526,165.25535499919724,-0.879144731197649,-66.907986472036
43655675315261,181.73354110050195,-6.3002695351373985,-62.130366630540934
43655675315262,178.2166998704027,-9.482507623582263,-64.56157713662826
43655675315263,175.9116021550597,-9.058829333108553,-57.969544373203654
43655675315264,183.1409158470401,-10.382001863409549,-59.1450206009364
43655675315265,179.4979419050641,-4.86941356117591,-58.59640348468366
43655675315266,179.86227757838876,-11.412759145866767,-62.26507562115258
43655675315267,179.15538893032476,-10.168691005755683,-57.99477634486104
436556753153,172.12669268442855,-2.820378092504442,-67.1075282431242
436556753154,169.49186130011094,-7.625557119160087,-65.80926002572623
436556753155,168.48125637193314,-3.0920857040975607,-60.165010087213496
436556753156,170.81641666759947,-5.793704503551996,-62.089129489923934
436556753157,163.99178147105025,-4.324833836884576,-65.77740123227605
4365567532,158.9261439584473,6.437199954605572,-67.50844262435655
4365567533,156.70913228868199,-0.30837569162452544,-69.18791980986204
4365567534,155.52127170604675,-1.5612287776024183,-73.89663381513445
4365567535,176.14195065519152,-0.2507689549751571,-81.77884958491134
43655675355,194.52722694693261,0.40451118060985697,-92.12194725235858
436556753551,200.78507971025942,-4.217997652864385,-98.92580595089993
4365567535513,206.2933046360424,-0.9525684561130022,-100.17910296821186
43655675355131,206.63377478645742,-1.467249344631145,-100.3943909947987
43655675355132,212.32587430128814,-9.125324500550182,-101.75640511521655
43655675355133,218.6253449694529,-6.830111436061527,-106.75924533494809
436556753551333,224.1412779139121,-5.980987466866636,-109.06019307564816
4365567535513331,224.19054493090437,-5.99634590774657,-109.0424408222105
4365567535513332,224.20585586791304,-6.28502778741255,-109.06764991054595
4365567535513333,232.2502455367837,-11.239188084390864,-105.94260264608668
4365567535513334,227.91157172033996,-13.989389299645943,-112.8482057724697
43655675355133344,231.35002002728706,-4.652870643214197,-113.34254441684398
436556753551333441,231.171587854888,-21.610912618343043,-115.86389663002623
436556753551333442,225.5877560594454,-19.355598489541634,-116.81760715971664
436556753551333443,231.83188937938624,-19.960932098632703,-109.6191739816448
436556753551333444,227.37113310140083,-21.766985274044217,-114.65241175591686
436556753551333445,236.76087925861043,-19.567208757784762,-114.36329030576239
436556753551333446,227.2985480084863,-23.82635447913821,-118.69746832588511
4365567535513335,236.2424093122652,-10.51864141877802,-110.5042102783111
4365567535513336,230.01324364003594,-0.5049294557558214,-110.47592460454696
43655675355133366,231.13881747406793,-13.92484013610853,-120.29171995309335
436556753551333661,227.2506470864448,4.145148836064909,-111.180378199018
436556753551333662,228.1711213983801,5.932207288519901,-114.82344370336816
436556753551333663,230.98200494019022,7.426746074101719,-112.6784681383628
436556753551333664,229.7074659120668,4.7920487143809325,-109.07746682368071
436556753551333665,233.94330197621863,5.141123692118882,-112.33289123638524
436556753551333666,232.98203818862552,5.107017800125383,-109.61243347571882
436556753551333667,233.36650302999948,5.664842799720942,-118.30981996820738
4365567535513337,232.59832489312217,-9.333579889011,-113.0918417154439
43655675355134,208.12751968668567,-9.129813362829564,-103.87085593710418
43655675355135,214.63090103811624,-3.8401065456847094,-101.73121163917061
43655675355136,212.12156802319208,-5.255537951404227,-99.126722032158
43655675355137,207.45553979765458,-5.5066530776125395,-107.45429175989425
436556753552,194.0423174759188,-4.475300732524204,-97.41680471569533
436556753553,194.5579187403783,0.4333205283015038,-92.08255594773763
436556753554,187.42935977688606,-3.2541021394379106,-96.41149288485983
436556753555,203.55693787142687,-1.3353034815496978,-99.12801649519393
4365567535553,207.46088287333038,-5.287797478760343,-113.4977898913746
43655675355532,217.13031782188875,-3.141113697377151,-102.10819906342532
43655675355533,221.8792871158601,-3.925633050516898,-109.26048139993453
436556753555333,226.15226002192526,-3.8705668829499547,-116.1061913890935
4365567535553332,226.6924367074047,-4.051666050270146,-116.10408484953864
4365567535553333,238.89233890092325,-7.254476663152308,-121.35292732862267
4365567535553334,234.84414871404542,-10.855902094663215,-119.02401124602767
43655675355533344,223.9173873613646,-11.194040587029948,-116.32328154899324
436556753555333442,237.02210223322737,-16.56066010382926,-120.23939003672619
436556753555333443,238.4057460594024,-15.121568774838318,-125.28772523862476
436556753555333444,234.54864009259975,-18.49548102053953,-122.82247703357058
436556753555333446,231.2463799421498,-21.68866333397172,-123.66777556314528
4365567535553336,235.58753329925878,-1.605795916375519,-116.05679217184057
43655675355533366,228.74845725640827,-10.028705681708674,-119.45277028202452
436556753555333662,240.0660887756808,1.9791447637483846,-115.52006619430739
436556753555333663,237.43272545488065,5.794498751064064,-114.35581965006695
436556753555333664,237.79648329848203,4.122435731215267,-111.47146194772404
436556753555333666,238.7587099282587,1.017817733487488,-111.63435200552688
43655675355534,214.06120921594334,1.076988433492447,-100.87927504677432
43655675355536,215.84792234464143,1.5014588862848555,-104.7238353746124
436556753556,187.51411420216013,1.6891155088088445,-92.98029541266044
436556753557,200.33885228255716,-2.139230416350267,-102.96559379105551
4365567535573,220.30246720116153,-1.9420134078914648,-101.11621980441208
43655675355732,205.62033925559862,-0.20932057803660437,-108.81437912310463
43655675355733,218.6875114234149,-3.944157112602321,-114.63140081670048
436556753557333,224.11388195781882,-1.6633594071971323,-120.43225633051371
4365567535573332,224.44533899736606,-1.8255195022685875,-120.46443140464548
4365567535573333,235.95919733631433,-5.233012203631218,-126.67207871038562
4365567535573334,229.7613858121029,-9.612134146841667,-122.54001134145486
4365567535573335,237.61892633158473,-5.336587459635413,-124.44725292690771
4365567535573336,234.5044831002779,1.3338066811162415,-120.885241178644
436556753557333665,236.53954572105366,4.846480772380872,-119.39811266333643
4365567535573337,234.95447143856998,-3.2999868735665263,-129.67568743304767
43655675355734,207.94446914224721,-2.8131477660062925,-112.5658851750616
43655675355735,211.66292105972198,-2.6475117357052556,-106.95393502775642
43655675355736,209.91531501570654,-0.1219782856164889,-111.2708368733902
43655675355737,206.27618278020736,-5.816818338317008,-110.17673141310881
4365567536,162.17707866229017,7.962269955842925,-74.76658165462005
4365567537,162.156704360404,-2.702360752377498,-67.72874085848126
43655676,148.06443320501558,18.64786733268163,-66.53285333474464
436556766,147.85046878425598,29.2359856034674,-72.8722509347631
4365567661,161.48849568823343,23.76644315645873,-77.97106237100886
43655676613,164.2638157632184,13.154473442679045,-91.19377179178473
436556766131,161.76292302074555,22.170549412890537,-74.7089914599666
436556766132,167.58340591682068,23.007307575917068,-74.11725667654355
436556766133,164.79506600350834,26.13296399657711,-75.6607915917857
436556766134,164.75741534573615,20.771630024103874,-73.31528119226498
436556766135,164.9597010539061,18.624417126267854,-76.91025699004109
436556766136,172.9901357825028,25.61081803233098,-76.53084663383763
436556766137,165.8596860868677,24.761757070052273,-78.57867841045153
4365567662,162.19229928350273,34.38472299233652,-78.66075002450837
43655676625,165.71700473594953,41.64973355112592,-82.71875874516589
436556766251,167.29851961570404,46.448680492818916,-74.65672439302682
436556766252,160.58280382439187,44.63169584037811,-73.37713820544084
4365567662525,156.59988867091178,41.57819901587416,-70.49574759024594
436556766253,165.6094899731545,42.00077367924967,-82.25134338589085
436556766254,169.50079872784787,52.37000865079384,-75.5599192266387
436556766255,166.94572593850958,53.67098544983534,-78.8763642771411
4365567662557,166.86753121396467,52.85988698260012,-85.68486296413916
43655676625571,173.00388849897115,59.345617019090376,-85.75607666631794
43655676625572,168.65987797739132,63.508998224093844,-87.16929641820968
43655676625573,168.0846665572865,63.97713363728463,-82.34816477740037
43655676625574,172.40444143361782,61.61156845322977,-78.6562138433924
43655676625575,167.34834088289708,53.958124359919374,-85.29259906197882
43655676625576,172.29830251626552,63.455916453249,-83.68433076899233
43655676625577,172.82101019400173,65.43029964401104,-85.30960592471392
436556766255774,170.4843006401894,60.428992267780515,-83.69719928259977
4365567662557741,178.32633019054495,70.28301408699798,-90.57028035681152
4365567662557742,175.73580987274718,72.95634463341017,-84.62559710654541
4365567662557743,172.66791835772284,73.91194525263977,-88.45473080808202
4365567662557744,176.50262347234653,73.75270156596704,-89.26712018816528
43655676625577443,178.24366297377745,76.5742549130211,-89.82589664326595
436556766255774432,179.53310190222555,79.21760618085095,-91.3948192145742
4365567662557744322,178.0761608426638,76.3658060721006,-90.52399238585652
43655676625577443221,185.97911865852092,83.25889419024465,-93.4680723718188
43655676625577443222,181.26018043661398,87.30902913496233,-90.50678734496896
43655676625577443223,178.39140342823603,85.85794366308052,-94.35673441920623
43655676625577443224,183.66836287059397,83.75701624230175,-89.02957879490457
43655676625577443225,184.12910428452557,88.41484451336676,-94.75483104732966
43655676625577443226,182.15613194237622,83.07672998406458,-96.97070040110589
4365567662557745,174.03952470890317,71.22916288018493,-91.8388118154731
4365567662557746,178.50752808111233,72.6795253284194,-86.97991049406745
436556766256,162.36689073541444,48.25661311668173,-74.1583313471348
436556766257,162.37847497219016,49.39582530845956,-78.36972809213653
4365567663,158.0738313535563,27.80947290148532,-89.64483348083694
43655676633,165.1575894058378,32.814376590946154,-96.21754841250025
436556766331,157.79497404322464,30.69539567676478,-102.35502882230202
436556766332,154.9969436314417,34.31833667630874,-101.95908856734393
436556766333,158.087376913783,37.45450572094292,-106.83066371173379
4365567663335,162.74274740457224,42.85172026026852,-111.51409379885956
43655676633351,162.37532765037307,42.80976318157308,-111.66838863506386
43655676633352,162.61603594923469,42.836311549151375,-111.50684849803869
43655676633353,160.00855129537666,40.31267249706093,-118.76482914699719
43655676633354,156.29382610877636,36.844695942763266,-112.09611166510926
43655676633355,163.44405209781502,49.21131658637067,-125.0414249534879
43655676633356,163.61742069231477,46.59337809688374,-118.18356364240651
43655676633357,158.36917522956665,46.78334733577118,-118.64150403306525
436556766334,153.34968847400057,28.497016744242213,-98.7110644395754
436556766335,157.10081925296112,36.71472134017011,-98.43517573644426
436556766336,164.09572717310346,32.82539039015074,-96.5694885774044
436556766337,153.61172557146904,34.60879788362005,-97.40176257480304
4365567664,155.80770480314743,19.65216940358091,-84.54660680800315
4365567665,161.2976540834875,18.784174263387104,-80.94005577671707
43655676653,167.09866966592142,10.101227983420873,-78.91701868745231
436556766532,167.44685505767674,10.326206606658104,-79.11531409205392
436556766533,167.28912823923,10.298318539628557,-78.98246506760587
436556766534,163.14460720250113,12.012762471721485,-84.11020173636123
436556766535,175.23610906833272,9.756771419538012,-86.52109611104254
4365567665355,171.05543680764953,14.016922725393822,-81.52934393804561
43655676653551,183.7916545250454,8.664666573617554,-90.61137170056432
43655676653552,183.16424641802632,6.2895253913724085,-94.01735385151787
43655676653553,184.17387191993518,2.089792714876829,-87.7144876067407
43655676653554,180.61718697855073,2.1612481828765535,-92.39288475826105
43655676653555,185.35359803537148,3.289512508883684,-91.90158635808044
43655676653556,188.70921129401083,7.892055776722221,-90.08938976459733
436556766535563,177.75914369174347,5.552852840396366,-87.59428533583062
4365567665355631,193.5391728176249,10.853930615979364,-86.3556495977731
4365567665355632,191.406243994132,9.634299551896861,-94.25615437602546
4365567665355633,197.52352752009315,12.033130128688146,-90.01522824068567
4365567665355634,194.22170646218137,6.6226278156418905,-88.14410961295991
4365567665355635,191.61015312879286,13.856752991383905,-90.2204246293597
4365567665355636,194.60150764442827,11.969663872399217,-92.26633877526918
4365567665355637,194.94157448741535,7.659997899012477,-92.46167106114159
43655676653557,185.8767200759584,5.851854326705287,-87.17417680131275
436556766536,173.28255380565008,17.300557589656552,-79.8541736234282
4365567665365,158.00508619854716,20.879364517513153,-84.51705294417027
43655676653651,178.53543948618483,15.539839758749311,-77.35634333395139
43655676653652,175.92416961370617,10.704697222949678,-78.4403781557845
43655676653653,176.8567801060439,13.092609817021733,-75.0553689010109
43655676653654,175.48760710854188,16.76239361098868,-74.75010858124172
43655676653655,173.43323310540407,11.803227084474656,-75.35537751261236
43655676653656,177.09644097980498,12.940519575581154,-81.08514434827741
43655676653657,177.39089922375544,16.736707234206797,-80.55182515281034
4365567666,164.2554781927024,23.66152049914611,-81.79694011208608
43655676663,155.4116691703202,15.976426952843799,-79.21588386564454
436556766632,172.73641903051404,20.303315398136505,-81.92032059332935
436556766633,171.3084947235424,20.227017941919325,-85.31101769909857
436556766634,167.09969639689228,14.971469350107487,-86.90674971289256
436556766636,172.0960170761506,27.181013552808494,-80.99480001761202
4365567667,161.17096929768138,24.272882684654913,-82.07404369883723
43655676673,164.1855942228411,21.853471962830522,-88.18538229084932
436556766732,165.16218436298846,27.380452360066318,-83.7839051126497
436556766733,164.1531148644645,22.065422669980506,-87.76168747774283
436556766734,163.97307559501704,21.904499598295303,-88.02608688692926
436556766735,165.57138151849,18.033881212446246,-82.25559720937841
436556766736,174.25574713462254,25.45854089476296,-83.49180542125387
436556766737,168.61054262305197,27.27925679283435,-89.78057907517946
43655677,136.53845023766607,16.79560551336897,-54.48504435002803
436556775,135.95335165038836,20.724249366506285,-64.63336960758974
4365567754,132.1927888227975,13.872037606798857,-62.95743973439133
4365567755,135.97459543046796,20.696789712834978,-64.14505736809367
4365567756,139.00902540464674,27.107927568867712,-58.96077328284472
4365567757,134.09113959095356,24.16576164026595,-57.03668946583152
436557,120.80841906406377,6.7058061621289005,-25.280919894308106
4365574,121.22918356295007,14.20955282712453,-27.267819676364834
43655741,123.4867938136369,1.4657683090809839,-24.782744461025338
43655743,116.86694790239719,-0.4544404154175829,-25.92164336729259
43655744,120.38630205564841,-1.1647504762768452,-23.181288039698522
43655745,119.536055421799,1.9940980589736677,-28.619365234272454
43655746,117.35740982704837,0.13844036440354096,-21.081575588133525
43655747,114.28098628304889,3.4487662695976025,-25.413071519389902
4366,104.8505393878465,15.202641824370922,3.496271433291398
43667,114.69330137565971,14.741617057394684,-14.813017834484038
436675,125.49185165517402,15.180894954066932,-34.88155696752768
4367,127.14691812301574,44.57118525932373,41.993451497144996
43676,155.20391221954247,71.82706485445154,58.7657976020513
436761,167.76633151931196,85.86935651914287,60.90769842383733
4367616,175.2734990168209,98.3588593491424,58.89630349657299
43676166,182.9342792441889,110.70434770408288,57.30282579938089
436761663,188.43106003536457,117.85079142986618,57.13427512821722
4367616631,195.0969338471501,128.16637300999645,52.65888274943738
436761663136,196.68454194145414,128.21488601174113,48.012215051931456
4367616632,193.5693138648297,125.08083014957485,54.92284992934092
43676166323,201.4551279168754,121.632772421258,59.01596606777479
436761663231,197.3551860898974,128.35869223413587,50.196088362237866
436761663232,199.45648658722092,121.63604193715197,49.817164199544436
436761663233,204.85773356057814,125.45607804732407,53.19357681092497
436761663234,196.54230083698695,120.81830682262209,54.09919171293156
436761663235,201.04377071872875,121.98598241138595,58.23299906213133
436761663236,195.5811760849416,123.16564225043113,48.99119997259864
436761663237,198.40741695660049,127.55352306437499,55.53944825352072
4367616633,196.75529155868662,133.71322287044617,55.74595701299645
43676166334,196.5312491699593,132.70038636041926,54.355962494147214
436761663341,206.2270620852936,142.4168597813722,56.995500844467564
436761663342,202.93519146833938,146.69002962919788,56.39939703197534
436761663343,206.0118157091855,145.6088349036702,54.123306091117186
436761663344,207.639827724222,149.8565545978144,54.274270396222114
4367616633444,210.80094738538327,154.6299988229687,51.92955235803767
43676166334441,216.09284495938766,162.74677754897448,52.85314991101799
436761663344414,217.01979179968905,164.96218682173097,47.00467016435385
4367616633444141,216.88803657567888,164.8734199529611,47.39011910821383
4367616633444143,216.93937254989706,165.01194650380347,47.18520727894042
4367616633444144,225.00068268156198,169.467999538625,50.100606752817924
4367616633444146,217.0736621596741,170.03189404356857,52.40941451641389
43676166334441461,215.20129324844802,167.50688241741986,51.624294043147756
436761663344414611,223.98522778735315,176.93921546808463,54.21847200793954
436761663344414613,219.24217468727542,176.65564604630123,55.33734134162971
436761663344414614,226.44283484186286,173.20336707141814,50.82714101889669
436761663344414616,220.03584350236224,178.71766224252133,51.851585178307914
4367616633444147,219.87471241983448,170.27773072105302,49.590212241596475
43676166334441471,218.9805188945218,173.3840502248444,42.906016476788835
436761663344414711,218.94414719575116,173.53432172341095,43.35345388376436
436761663344414713,218.92558117371138,173.48211119398195,43.080643629879965
436761663344414714,226.08544986647078,171.28285400798242,49.12078210562573
436761663344414716,221.24045688636173,176.9634400681088,50.64764560723219
436761663344414717,222.59258800190335,177.9933314324273,46.638864316653425
4367616633444147177,220.6473634142717,168.5725364094255,50.742402172821684
43676166334441471771,225.94843202428308,180.94935261089645,41.897264356367614
43676166334441471772,220.13181950090453,183.67107085853618,45.63055296984963
43676166334441471773,218.73859809352848,181.5596161601576,41.414965676587045
43676166334441471774,224.72123400175144,183.29239210984022,45.55536652517677
43676166334441471776,222.25871052114158,184.02342514073973,41.805124401559596
43676166334441471777,223.10635896180136,180.08838403633365,39.6023060388634
43676166334442,216.571809008327,162.7127664860808,55.35430021649567
4367616633444241,219.60680372246657,166.51731779644447,56.17161592861462
436761663344424116,222.20631060657178,171.08731525585284,54.946198979215644
436761663344424117,221.67171451603033,169.40149786981627,52.45472163512235
43676166334443,214.24471006774402,160.00961122345538,49.746191284442176
43676166334444,213.0949448014905,158.81837488829564,57.32191467043636
43676166334446,210.71453656636686,154.78773369272122,52.05137368090972
43676166334447,210.7621143691284,154.47622505758883,52.224287419821934
436761663346,204.45352137654945,143.58771598417715,51.082290999940106
436761663347,200.13483996184877,144.9836285697161,55.07284952086354
4367616634,182.43795843495485,121.10612636903296,62.6580338073899
4367616635,188.57256684905428,118.49110507555837,57.05618372719785
4367616636,190.46610095755554,124.56016290558813,51.87555827427732
43676166363,193.87791383196375,129.3503472337598,59.2590856105908
436761663633,194.3248179293914,128.64333959814016,42.938448102387504
436761663634,189.1413821161642,123.63682097734743,47.27186220518757
436761663635,190.17041451010385,128.6003135987301,47.79882627355555
436761663636,191.8354553328828,124.58010763579068,44.57120883507872
436761663637,193.71504974747958,120.9562526579221,46.7170695625875
4367616637,191.55444258738714,128.85317346018107,59.21562930038749
436762,152.41792315926455,78.19224610363709,75.88965887427267
4367625,142.9202529909766,79.44647944253751,83.17527009953217
43676251,142.9784886337013,79.6383874044101,83.45943239781496
43676252,145.53122214509847,84.8042495487365,88.12603921071171
43676253,144.51089650959452,81.48528529649016,92.02581348252247
436762535,140.78087812115243,87.50619713833534,84.88759237510381
4367625351,144.32276178086767,76.05071792134171,96.21724811469096
4367625352,149.13469316408987,76.45549814300246,94.92836680198083
4367625353,149.4223942800733,81.31872537108289,93.66219179408851
4367625354,145.11844060388233,74.2135811758938,92.65463412839898
4367625355,146.3434849284719,80.16134439320001,97.10556048267992
4367625356,141.53096342418883,77.39808605501061,93.16913153980269
4367625357,149.14299403496472,76.85820581756992,90.33702752358245
43676254,148.75477723905405,90.62235000027783,89.63051863313042
436762546,154.26781546119716,98.21003345715167,88.72920552586797
4367625466,158.8250440432517,106.58856163726767,89.7396594334155
43676255,141.80525476619314,85.55645181531492,96.62142070643218
436762556,140.1819489865775,87.991910438014,103.80158482595974
4367625566,137.64400404210082,90.42256611855196,110.9081583088092
43676255665,140.725508335154,94.04346414734835,117.80151346302354
436762556651,133.55428844238176,89.13532429078408,116.41023896854719
436762556652,133.94083450525773,96.18211587340996,124.3024535681133
4367625566524,136.23427067816522,101.11532774344266,119.26176543651287
43676255665241,133.55522152769285,105.18236766605835,127.75090622494484
43676255665242,131.18756227449614,101.41227388336625,133.15598854167771
43676255665243,129.29107740494692,101.26138871706173,127.76644836876416
43676255665244,132.6584398511587,107.14006955324749,130.22252271520688
43676255665245,137.0780228970113,101.57210285904412,130.18733718623153
43676255665246,135.66914143922588,101.11854227554716,120.99089481870475
43676255665247,133.42354533577105,98.16405896354202,130.45863120862376
436762556653,139.4761049335923,91.57143323641914,125.17059652051609
436762556654,140.59610276267418,94.00445557660298,117.84483745477964
436762556655,140.74967031425516,94.01859503051102,118.09180883883047
436762556656,130.82590769233545,93.62674504401875,120.59121351164146
436762556657,134.843660166147,96.39171954882475,116.69244417132467
43676256,148.066740377902,91.35417086831136,101.40664138097782
436762564,151.28069788735027,101.111411017402,106.43845043685037
4367625641,149.686295128959,102.81238556904583,115.50248594513474
4367625642,151.39985159904884,101.0703333191645,106.96209391376365
4367625643,155.38775747213603,104.47145597452236,114.22325703847136
4367625644,152.3503156711738,99.14680023550399,117.71780190469417
4367625645,156.7895600848285,109.44591762418452,124.70812294269471
43676256454,160.73501091213853,118.34556321433007,135.73930356098057
436762564544,164.28451067913372,126.87039426283144,147.04948173743662
4367625645442,169.98449287655484,132.6942874858388,153.14094604351945
43676256454421,169.87332266528946,132.90666659713924,153.4952986770026
43676256454422,165.85699753460997,138.03616161469822,157.57368744270957
43676256454423,165.69091226352592,133.71606656671656,162.78511361426635
43676256454424,169.74338227506223,142.0829163645651,162.95411754989522
436762564544242,165.95611756320105,145.9006712996598,162.81131698169025
4367625645442421,166.47711968442488,146.23897355936157,163.17046121745122
4367625645442422,173.38320264805984,154.3381565691685,170.28832150624487
43676256454424225,167.02219131313598,157.1152212022912,171.7310024712706
436762564544242251,172.9020444696008,162.9639842147816,172.60047362003704
436762564544242252,167.53456202314922,157.31798045037417,171.9234225677504
436762564544242254,173.61431851020674,157.5106431140762,177.773631419667
436762564544242255,171.91290114938758,165.3505847003502,176.10427472790911
436762564544242256,177.08624439885222,160.17946457629722,173.2666858795082
436762564544242257,176.33209842607485,161.62639776586366,178.6956483128213
4367625645442423,173.54839856433733,152.4847610915913,166.57561827583095
4367625645442424,166.8393922107165,151.6064727089143,170.43823584225484
4367625645442425,172.10392986258273,149.12628219757875,170.81989583462203
4367625645442426,168.73213938015917,155.40654544932968,164.55657384952565
43676256454425,171.00779348573485,133.66745772344703,166.56580370263865
43676256454426,169.82608320865884,136.01769033640602,157.30957109194946
43676256454427,172.33567130399513,142.28364273684852,160.4165628591607
4367625645442724,176.36467046008156,147.16893710937376,163.0647014455201
4367625646,155.0611052582184,97.38157288923207,114.0750374480209
4367625647,155.61632924031423,101.90991818704525,117.21110816524606
43676257,140.3943769348513,85.1019782140117,89.44538038188249
436762576,140.58998352618627,84.90377622821143,89.37087033865376
4367625766,135.3084578601978,88.58199062224392,87.87536946869342
436763,165.39325228312083,73.50833611169939,60.62057033774391
4367636,170.03283525387232,73.06536749181392,56.37061013021077
43676366,176.9857924339797,70.94312435782598,55.28408606284028
436763663,172.79879559213876,78.85359228281536,48.41186462863797
4367636631,181.69005344352806,66.93750176384998,51.47062804640522
4367636632,185.56485704726097,69.13391437630254,54.979303993862224
4367636633,185.97855459129718,75.56748759224521,46.57267399256423
4367636634,177.1927655252578,75.3699828441648,50.05429073616342
4367636635,183.66311474587548,71.9823915475374,55.61228800210845
4367636636,186.01812006385035,71.04005420855682,49.66724369165029
4367636637,185.90885966297884,67.52969875845696,51.51390263780121
436764,162.8503891491381,82.51055312604905,65.13385017186228
4367646,165.0904418730376,92.00253231115498,67.27474009146147
43676466,168.07459771626958,101.21127790034345,69.11991949237613
436764664,170.0476196564285,107.43969068720399,74.3020586248266
4367646641,176.34918452603634,116.48197786151555,66.80448315552937
4367646642,167.10461479180884,113.49352416017683,82.85667150031765
43676466425,166.74480403721313,110.05900739801892,85.62225227759049
436764664251,166.89197160080275,116.60258249153641,95.15567398609417
43676466425134,168.3532692493664,117.47616903983283,96.40567053183648
436764664252,162.8875491473564,119.85286699281954,92.66858924016691
43676466425234,163.555711749584,121.40776681651505,93.71531972656078
436764664253,159.093997247966,114.65002203195434,89.5635779704562
436764664254,165.56152601789225,118.42860780303076,92.04122873419051
4367646642543,170.68192281852248,125.51592977775866,94.78723087546437
43676466425433,171.15809010923388,128.17555544346536,97.41234481695271
436764664254333,173.7436219732874,132.7082377846033,98.90932403058041
4367646642543335,174.94350747494664,137.2179473355019,102.42221876609871
43676466425433355,178.41690898046605,139.86995847950948,98.52190278549469
436764664254333551,178.92005929198348,139.8669164722568,107.19788588048122
436764664254333552,179.47690218093837,145.2665030349596,106.16659032243534
4367646642543335521,176.1056150254736,142.37398068435655,103.45841896291337
43676466425433355211,182.475049056942,151.76148621192507,106.25422829569361
43676466425433355212,186.49373693241404,151.6728348150964,109.64211792655469
436764664254333552122,180.18830861242327,143.04348948875548,104.24643622656697
4367646642543335521221,188.4894968080209,151.52867177270656,114.41001277657398
4367646642543335521222,189.16192850213716,156.3881603777166,112.15604864755832
4367646642543335521223,191.13568484229185,152.77099650782208,111.94072022698703
4367646642543335521224,185.1930725376492,155.60961181029214,113.56264892491053
4367646642543335521225,189.77800028306424,154.93976171219333,107.8636134067248
4367646642543335521226,185.12503530115703,156.83985094959414,109.79755226846983
43676466425433355213,183.44667565776004,149.6043338959291,111.38411655431166
43676466425433355214,186.9316447927426,148.24299273227962,104.77570064628637
43676466425433355215,187.11543701691943,146.4659175321742,110.12401725220603
43676466425433355216,183.57012988501188,144.99512456008472,110.88009672390088
436764664254333553,178.35515277986514,139.99424064601195,98.92149646254948
436764664254333554,181.7953632235042,143.04441015685768,104.35105894275439
436764664254333555,174.3064047311548,141.61022616122034,106.64171051667898
436764664254333556,175.17081697775023,147.3943366882062,104.69464748147365
43676466425434,170.76823410536906,125.10517664138996,94.6243945228736
43676466425435,170.71875855543286,125.59850379769519,94.66013226655357
43676466425436,168.9197862609339,119.14956013117337,90.3892329541578
43676466425437,170.67420823012716,125.37655450225931,94.98766535885916
436764664255,166.49944337631106,110.51543107743446,85.91124156376607
436764664256,167.45050595752153,118.69284328425339,90.19296834817892
436764664257,166.66648143808894,110.26418956513893,85.53673530648472
4367646643,170.03419033483254,107.36759677913841,74.32888093598923
4367646644,175.60202646084096,113.77624518336071,70.41000217832863
4367646645,168.33358368911388,110.85105643063869,70.61578408424076
4367646646,171.31117970734377,116.46801609966676,69.08751388727732
4367646647,169.96188033614098,107.55228407492791,73.97829542029562
436765,155.3406760253259,71.89958755370482,58.874355071162974
436766,184.4178564590562,76.8865236748115,70.2402494140652
4367664,204.44838896860205,79.62445867467225,79.28790084635432
43676641,212.8789985060021,80.56953106010543,75.15559847675834
436766414,212.56042823768894,80.45230232714286,75.21651259699051
4367664144,212.14141545964907,80.31961906668852,75.40852647046854
43676641447,211.00561462328113,80.10817481895528,76.17216862063978
436766414471,216.81701298050774,85.04839347571853,71.65804196154622
436766414472,218.5240178124836,76.20175515018077,71.73229738758111
436766414473,214.57064199302272,78.4261781971247,67.73457718446059
436766414474,218.77658772798625,79.44542371932161,67.23692757266141
436766414476,221.21218151985437,80.35932600832393,72.10453546678632
436766414477,219.12111767314693,83.56720939966945,68.73589401370982
43676642,204.75569922545787,79.6459516045788,79.21562463096441
43676643,212.35255109027253,81.75026500022713,79.01681797810264
436766434,209.2415726352042,83.45010284947237,83.8504798481063
4367664344,209.28982994368732,83.41490325797442,83.75916133736881
43676644,217.11649867726635,78.94290278873413,81.59967604083971
436766447,221.55729854741983,76.27403139743633,88.03663845546568
4367664471,227.8054916905647,79.3189045963554,82.03256815549855
4367664472,221.5085834054513,76.71355674004653,87.71289720129622
4367664473,228.61338415094934,75.99995602128332,87.86010651813035
43676644733,222.4536169420595,81.47375727738496,78.5417453278579
436766447331,234.44512878376688,78.25949738151184,83.61919348920934
436766447332,229.72203546369178,79.16129483010444,90.78569106212542
436766447333,234.23412916891613,77.9027851050207,87.86637507167707
436766447334,232.7882639567127,75.99030775201716,90.62930609766177
436766447336,229.2074979337449,72.31826352276325,88.41201899521184
436766447337,232.96923764953243,72.77578685064944,86.79244961674998
4367664474,228.3138344267494,74.35431684912409,92.33323310939355
43676644746,233.44026474569534,74.98560947637998,94.01758111727172
436766447461,237.87051089695393,67.83017412074383,96.62887239900846
436766447462,234.2967128108504,74.89090029136544,102.90525579310471
436766447463,230.38477166420145,69.99659580857546,98.53904286332302
436766447464,237.92887384537565,73.05097962708936,99.1509939692375
4367664474644,234.1641857271496,68.49615157491293,101.50583070197143
43676644746441,243.54924632564692,67.72955205261387,99.93375159473007
43676644746442,240.0888835037151,74.55173614913666,106.06971787645969
43676644746443,241.69882040960934,69.68278023684232,104.55973272499882
43676644746446,234.43744182114568,68.62682687042039,101.52428123127739
43676644746447,243.35027417335863,73.62879133531257,101.12458571599252
436766447466,233.37517062247412,74.99679180735643,94.09957887216808
436766447467,233.64233880869673,75.02468992226444,94.28913315535117
4367664476,221.7627229515211,76.49683276859005,87.981805617771
4367664477,221.55591057138685,76.5859722801498,87.44028437131608
43676645,209.15067957116773,77.88412183864085,75.01846832898116
43676646,204.44922940575603,79.62263756819182,79.25581763290253
43676647,225.15922728650122,85.57324268612892,81.66760389453813
436766474,241.2730977622072,89.81487925405139,85.82159530613427
4367664744,259.8058203220072,94.88828232752256,90.38365541752827
436767,161.43440653349018,72.34752611919374,65.4384472251025
4367676,161.15609088559302,72.48294390521771,65.01519171632268
43676766,163.60064887048642,69.14523523426733,70.70403949766006
436767667,163.438232421875,69.38826751708984,70.39546966552734
4367676671,163.01522827148438,71.2310562133789,70.8576889038086
4367676672,164.86285400390625,68.26199340820312,72.50947570800781
4367676673,162.38134765625,69.6103286743164,72.01181030273438
4367676674,164.98074340820312,70.56066131591797,70.36557006835938
4367676675,164.69528198242188,68.75824737548828,69.06654357910156
4367676676,163.1571807861328,67.51716613769531,69.93690490722656
4367676677,161.57472229003906,68.83161163330078,70.26443481445312
44,0.05253815105438243,0.6834501760834855,-2.3011207959859434
444,0.2642070710383901,-16.594535751539233,-37.39308895509103
4441,-0.8354343747408164,-30.216612102677455,-37.42233216677197
44414,-7.622921486108414,-33.382743870387294,-30.649645698371852
444141,-7.102365231385876,-40.87719203423704,-40.92820929691614
4441413,0.35914576190463965,-39.90787835953823,-44.106109574243256
44414131,-7.688376675200762,-50.98138720777704,-41.13833970207102
44414132,-8.663977779941545,-54.22506151866776,-43.94727967163539
444141323,-4.810132862084985,-41.016040362252106,-43.010138885382204
4441413231,-11.65798194099607,-58.881412969381515,-41.25941080576362
4441413232,-9.440655109668572,-61.35702646526293,-43.08135142221208
4441413233,-11.046163499005138,-60.894614369992325,-46.27649324370695
4441413234,-6.459948562101782,-60.39065606014979,-45.8867724151684
4441413237,-6.785176191317495,-58.971903254346515,-41.67795549918507
44414133,-10.283310711651838,-47.42506590676517,-47.81329234738495
44414134,-11.236049754792111,-48.848440385940286,-41.737456758919336
44414135,-12.602832020924867,-51.72624634438309,-45.75028073242991
444141353,-4.028803138649281,-41.03452035371791,-41.79663105390731
4441413531,-17.160516470516562,-54.10283880488255,-44.06239491733945
4441413532,-13.49060171788355,-58.6481696166684,-45.19979596845701
4441413533,-15.317684331019231,-57.5746879221855,-49.30798542059084
4441413534,-17.530773753262856,-54.99909043691087,-49.125282989725434
4441413535,-16.328224780278287,-57.596056252268994,-45.28539440222212
4441413537,-17.136917937464318,-51.8905841535093,-48.46182769242561
44414136,-8.678805332366096,-52.45788322524551,-48.67745105666438
444141363,-4.697545459166311,-40.286730388736835,-40.405185300483694
4441413631,-9.141517406893506,-53.348332077684326,-54.366656001507664
4441413632,-8.84814413014392,-59.35293644155501,-48.727023892713575
4441413633,-7.267994252804584,-56.49224308713326,-53.884831304047545
4441413634,-5.73458494651947,-57.505190784365745,-50.9872799045292
4441413635,-13.427673209328585,-56.15112912394581,-50.961209786511745
4441413636,-10.631961351321358,-58.714168652075905,-51.78472772504617
4441413637,-11.741835494182334,-55.96242957111497,-53.73080186005601
444143,3.4174445617207097,-35.846946044955054,-33.59214393368545
4441433,6.635806275517623,-41.47486009090649,-36.891482883410724
44414331,10.807216509925746,-39.726069452196306,-31.68806506830565
44414332,12.296495547457946,-41.776152215657106,-27.694931475656393
44414333,9.836580309052719,-45.7110568609429,-26.378345075548626
444143335,7.834072605827049,-32.75325121644836,-33.63439133746761
4441433351,13.827715427623424,-49.80504993120958,-26.919380763451866
4441433352,8.469610516500307,-52.98273385876756,-25.28482845186124
4441433353,8.278647049949063,-51.55510349393469,-28.63634114439732
4441433354,6.499026130324001,-49.94885784788013,-23.601934968530323
4441433355,12.316857012338364,-52.55364897099255,-26.148279531407592
4441433356,10.718193616273568,-48.19867677630933,-21.94864561143905
4441433357,10.90769609476694,-51.46024496634164,-22.52355283375301
44414334,7.048235105921594,-41.22692068480056,-35.762052157032294
44414335,6.390639040878689,-40.48885601189063,-26.32728574257277
444144,-3.7554352191716336,-35.3301751263021,-43.71609173736498
4441445,-8.334241905456592,-27.781146077578594,-41.822765661879956
44414451,-7.549215967961473,-31.501300126867854,-44.65396538207542
44414452,-3.852025361924076,-36.99835940835634,-51.62147359222136
44414453,-7.929230509175427,-34.17903192888226,-51.5208750409596
44414454,-7.125250888978041,-39.482518894743755,-50.888300745797075
44414455,-10.434520393041428,-38.539669356141545,-47.5246308492406
44414456,-8.895797100925057,-37.819537444903474,-54.40592546130302
44414457,-4.097665679259397,-38.556366684808786,-47.17189005560629
444145,-11.974120951857715,-36.155753733811096,-35.1616287621262
4441455,-22.085946931425756,-39.97462528632874,-32.166897059689
44414551,-22.153204627398885,-40.15475384292996,-32.10943265742497
44414553,-21.824745438135604,-40.31384720068711,-31.85503428851621
44414554,-20.91319577156719,-41.11617400301699,-24.57104741003019
44414555,-34.35168644346589,-44.11676205595932,-29.2726044228889
44414556,-21.858506644326614,-40.27360499112176,-32.38861666793858
4442,3.366787411052693,-25.518759903259642,-33.54538704881448
44424,17.777939241307987,-29.375262973565604,-27.925926258038277
444241,2.115841800301318,-26.979355096964934,-37.89318260059116
4442414,5.021484115234109,-21.28238218336248,-38.35734811180291
44424144,8.423160208001384,-16.26920374495469,-39.07331387362227
444241446,3.6271045211807613,-15.861019524774976,-43.40111110202328
4442414461,7.9121486093209255,-8.490655464028693,-39.014905523016125
4442414463,4.041279346053102,-15.537231382602743,-43.27823851311139
4442414465,9.84533073400447,-5.97776931511865,-45.11702234634267
4442414466,12.724603916825766,-12.306569520724869,-43.97933191586829
4442414467,8.98361022813586,-9.005336449122591,-44.14603069242178
444242,6.944701015945641,-20.94595154876708,-34.774665984903734
4442424,11.492581124492244,-17.72095506532922,-35.402369553055685
44424244,13.255712362855455,-11.548089673782167,-37.86930637953244
4442424461,13.645543466561131,-9.768308437023624,-38.91693202289436
444243,26.45011447389444,-23.472213547014288,-32.21793924396589
444244,8.16609133342727,-19.486887671213136,-28.31640184267273
4442447,10.229754920743922,-14.362984050004195,-35.921323960114655
44424471,8.728118068658516,-13.709997896795535,-22.555224144206242
44424472,12.658435465416996,-10.367084033361547,-24.92397298216068
44424473,11.094553060652057,-14.40734801187207,-30.761181305144955
44424474,14.897050440483353,-13.058852567492275,-22.12291659129922
44424475,14.229129800157063,-8.772864089964738,-22.063797080262777
444244757,10.465804436101585,-17.11871165382767,-28.625041431540257
4442447571,12.783515423311005,-2.326993086751725,-21.46265339524601
4442447572,13.725749732758526,-3.3599023581854994,-17.387645661210666
4442447573,19.160356681098758,-3.2688587730141103,-20.68021706285992
4442447574,16.934229270806277,-8.020955366513647,-18.11518229729384
4442447575,16.922691069121022,-5.055180187234044,-16.514388661988576
4442447576,17.454589326701594,-3.9298791222373586,-23.751592828279772
4442447577,17.263373647893026,-0.03059911360090689,-18.152993636840133
44424476,15.838013328020407,-16.75892074876495,-24.406153967746423
44424477,12.394301050791313,-16.170467440909295,-20.899107215475226
444245,-2.23330842616199,-29.03926112614428,-30.36859776805175
4442455,-3.792786729393621,-31.597095084099024,-25.16879586704371
44424551,-15.396182918714238,-37.059032812880126,-27.952152861963153
44424552,-12.945111722074941,-32.623346588049955,-28.175876028453462
44424553,-4.293512343204684,-31.802356700316466,-25.233786559897645
44424554,-15.094427225390541,-37.341447589236346,-21.89322959324391
444245545,-9.320545562828405,-35.66586118741138,-37.205007899975705
4442455451,-21.98260815166183,-41.12968848055355,-22.20964646325938
4442455452,-19.445416395457393,-34.7514480686486,-21.013003953658377
4442455453,-17.68993867379411,-35.95878629099864,-17.269745006052567
4442455454,-19.469524169315193,-40.83723291533674,-17.87190343594766
4442455455,-17.04266459220524,-42.47202965128088,-19.50734730332628
4442455456,-15.526869159626852,-39.464127739484326,-17.289896464494912
4442455457,-21.083235489731642,-37.35140529043504,-18.767618337939847
44424555,-10.345398381801921,-36.266885833022066,-19.72663573168884
444245552,-9.690019686206538,-34.819925409065554,-34.16196258596799
4442455521,-9.435302942800979,-39.6718527825577,-14.853942102013807
4442455522,-12.7469792836819,-36.88031566150025,-14.534247528689534
4442455523,-6.90823441852299,-32.51191362231429,-15.03297285680426
4442455524,-10.728013602560933,-35.15161611001195,-12.387459381234574
4442455525,-5.780502426477974,-37.63899308550787,-15.34998263340172
4442455526,-7.436533780727547,-35.77306117535596,-12.597043989792626
4442455527,-11.475118671040743,-32.118886047388344,-15.122853458967647
44424556,-11.913382863769376,-33.96470738290622,-23.99792136525121
4443,35.50097936138238,-23.457957465034205,-32.08180994732478
44436,69.24814440616088,-14.100938936165093,-26.65963988948397
444361,70.97983918271129,-26.76263710480126,-28.32187095672691
4443613,73.00689692501143,-29.99094722243433,-31.919701622615076
44436131,72.81098553684775,-30.37226784438087,-31.567349156093638
44436132,67.21562876803225,-35.6424237581519,-27.08553268569842
444361324,58.70908674722264,-35.054366779911206,-29.62403920045339
4443613241,63.30833469221008,-33.17151513886225,-22.54690184899167
4443613242,59.13883432992614,-34.894702608246966,-29.566480322093305
4443613243,63.2894673224484,-28.50335985192121,-25.290254639049277
4443613244,65.72543964160722,-28.85587644667799,-28.52776130079326
4443613246,64.47779708636222,-32.362338726115375,-30.687843698203707
44436133,68.09597640292243,-40.81997573617342,-23.494173469135873
444361333,59.21957591820509,-35.85916224402118,-35.91473429792927
4443613331,67.73736514196412,-46.87904299481721,-23.724726582955846
4443613332,65.57311097307944,-42.325216153051436,-18.663787610844047
4443613333,63.33262355878057,-44.904959665566146,-19.474613474186153
4443613334,68.6162753912058,-43.778983089724704,-20.31579123366829
4443613336,65.75480077764423,-47.33748186549434,-20.74569983186036
4443613337,62.670028924639055,-47.395725311099824,-21.33575694632919
44436134,74.49959017765336,-36.58839444785223,-27.93381335267476
444361343,69.987391283568,-36.51516417659977,-20.066997661118997
4443613431,80.15356416544414,-38.29706684896881,-25.078719097636704
4443613432,82.44463687840216,-39.339062281788216,-29.725083427727682
4443613433,84.43177739127138,-39.688360286117465,-25.07120928217536
4443613434,81.50102086061962,-34.66422179740973,-30.457053513026224
4443613435,80.3842918980377,-34.480127981068,-26.36696447770198
44436135,70.79970013732128,-33.694681121009815,-22.890799403989206
444361354,59.86704530580627,-37.796235379405296,-35.25055267169375
4443613541,73.51503509086187,-29.67725171780901,-23.18133234111688
4443613542,68.55017215037161,-31.11223505712177,-23.67105531112572
4443613543,72.00527000790895,-30.726968636581965,-19.426303784360844
4443613544,71.38700325132973,-27.145092223074272,-21.378602493659667
4443613545,67.86065593526209,-28.68642181224627,-19.120036276868074
4443613546,68.40424705955938,-32.77422395288653,-18.939893036664674
4443613547,67.82306116201283,-26.451862799451742,-22.882299481417743
44436136,72.10620529837665,-40.72050291882454,-26.025807488434666
444361363,65.83764134060013,-28.575746524945767,-38.27383347466664
4443613631,78.85183743542682,-43.96312066565462,-29.79861648117307
4443613632,75.54090772633175,-46.35964475050833,-29.05977939967032
4443613633,72.76502795815043,-45.141855930261784,-26.583830731931354
4443613634,78.63005555303694,-41.584522624304135,-28.19064571429716
4443613635,74.91682602995074,-42.470158790855926,-24.19535775576442
4443613636,77.46964566965474,-44.715962688835106,-25.983079282026328
444362,58.38285936389544,-21.983874326092486,-29.78111734361659
4443624,40.89568810275477,-27.423586855381046,-30.943999800181178
44436241,41.1190474716768,-27.486303606284185,-31.0262211980975
44436242,41.44939715640358,-27.22446433172574,-30.97611569025611
44436243,47.01709836932827,-22.12509873408135,-32.31240924877156
444362434,44.49771789437608,-22.40948679942554,-37.43513336551972
4443624344,44.56905595903975,-22.389305744789727,-37.32503016608848
44436244,49.85577364835299,-23.928149299433166,-29.276953745251053
44436245,45.65806067318362,-20.29195540796581,-26.101080313948916
444362455,46.19319122915372,-29.347475980700096,-37.897916567178555
4443624551,40.596066813652435,-19.03909787870085,-22.93741031373201
4443624552,47.65271509443747,-16.60986937921799,-23.977632561221437
4443624553,44.17634892024096,-15.611071764440284,-22.725789334846645
4443624554,48.32890575260792,-19.83541533332953,-22.25153897736475
4443624555,41.7266487565031,-16.912101217350983,-25.893263514472572
4443624556,44.22815486657982,-19.03267985071633,-20.040573497711716
4443624557,43.95338159692445,-22.7456228582868,-21.363404286944505
44436246,47.73778507909964,-20.554389792672044,-31.000334896098686
444362465,46.988963453723684,-17.456929941334906,-32.385273657012135
4443624657,49.40813456621636,-12.015456359663355,-32.74190783251962
44436247,51.449321601962566,-28.919387659758208,-30.149613491660222
444362473,52.522124974746774,-39.482664229519045,-33.27922642397567
4443624731,58.76779913436236,-35.00763069181629,-29.56340978862727
4443624732,54.368545646104465,-32.12524872594035,-32.59541061735022
4443624734,53.777399326256386,-34.32356886238537,-24.840436912427055
4443624735,58.01221383665502,-32.85778818037655,-32.059526928628834
4443624736,52.89902836895446,-39.158394876102726,-33.315509214757455
4443624737,52.713894426082916,-39.29803786097142,-33.21030315113738
444363,78.85005278147699,-20.535949758141996,-11.688241356503505
4443637,85.91579908517019,-19.877819109536073,4.873107968327535
44436375,92.89910131052085,-19.66082114413509,21.3287373158327
444363756,100.67552998592203,-18.0536400145501,30.76031147886899
4443637561,102.2556171631781,-23.147790860734833,38.240885952222236
4443637562,103.9312227489036,-24.310592337563044,44.85417572831629
4443637563,100.58478827425455,-18.212195033301096,31.639991064625697
4443637564,97.89289444930203,-18.32449496100143,41.70861585786673
4443637565,98.35465563228554,-16.518308947424448,37.88244755587917
4443637566,103.859405139047,-17.0561154569621,38.80625920531903
4443637567,96.83334463271088,-21.869214059286428,38.311622420063756
444364,73.8016168434611,-31.51768395823443,-50.76977621414565
4443644,58.4301027228283,-44.9648998151013,-73.66905957144421
44436441,81.26618892735796,-40.604894399300704,-72.26510140224165
444364417,87.3279092928742,-36.234914356533615,-73.99873155237627
4443644175,94.19127678202656,-33.18799484572795,-76.58325729683087
44436441755,101.35260008801879,-29.02771436669012,-68.85454186083933
444364417551,101.39643177737916,-29.007845950094698,-70.36265524635438
444364417553,101.14002089898527,-29.388948048923012,-81.2725245999113
444364417554,102.50541534105928,-31.784811449113075,-77.69423123143075
444364417555,109.3118953505866,-25.78717805058689,-77.87211435632659
444364417557,103.6908239788552,-29.530397442830573,-80.52745890743239
44436442,78.16192518334074,-39.241516415662765,-72.62198016056969
444364427,82.81818854612374,-34.585883520757555,-74.93205548239871
4443644275,88.29049279710344,-31.680776373997066,-78.23823425328324
44436443,79.77713269976151,-40.58753966680953,-75.10036249211936
444364437,84.90290777992922,-36.42463050898207,-77.45155146832941
4443644375,91.68251260932718,-34.46492668868583,-78.91407747091515
44436443755,92.61286125644169,-26.83483347568108,-78.75332616729145
444364437554,98.65919310694198,-33.43257274247357,-82.92420776388435
444364437555,98.40436444783937,-29.441458340324104,-87.63650211230849
4443644375555,97.42327682630841,-29.138851149732922,-74.84843810916782
44436443755551,95.93251662266795,-32.69375860719654,-92.12016817132589
44436443755552,101.44122339030417,-28.97352154399391,-91.52125461388005
44436443755554,96.51544046675359,-29.617898311491782,-94.4308475572021
44436443755555,99.7479040066638,-31.289453517840943,-93.28634975348162
44436443755556,94.24529494759237,-26.948703778744747,-91.84232780236262
44436443755557,97.65741257915015,-26.081600091497936,-93.06121873737511
444364437557,101.099766936326,-29.652115038374955,-83.92088499628085
44436444,78.7078677944891,-48.73357694244049,-71.33184239688218
444364443,78.2616883141628,-55.126438260280885,-72.7118296038943
4443644431,78.38511863497773,-55.225089278303344,-72.6091898149315
4443644432,78.24470719726472,-55.112140540343844,-72.73347449485757
4443644433,81.54309593220043,-62.309532296403916,-76.34043696267747
4443644435,85.09167288744656,-61.37708346939541,-68.82390457209084
4443644436,81.05515905364759,-64.205310297853,-69.23314880930093
44436445,84.41581540662823,-37.73184241069169,-70.48750849450555
444364455,94.30132787142573,-29.146954053744686,-64.46755762522
4443644551,94.27480845472323,-29.426180381354268,-64.93471737155215
4443644552,93.86012043388259,-29.269336824826535,-75.65564816165187
44436445527,91.47593932299058,-26.736696962121936,-66.83283746679656
444364455271,97.59350470774555,-27.805889281644692,-79.85387231553985
444364455272,91.77981814776182,-31.2407447716451,-83.48232846635445
4443644552722,96.37523303115343,-23.1923402561835,-71.26247357147908
44436445527221,88.22869276887958,-34.173202614485234,-88.66289792001814
44436445527222,92.66096254008437,-32.90396777811341,-88.16737308729704
44436445527223,87.89596642875982,-30.4807513630712,-87.66635643119236
44436445527224,91.00838057430859,-36.46775237084246,-88.1346963471573
44436445527225,92.2296523407104,-37.13137353465229,-85.1627539762087
44436445527226,86.0486291688898,-33.057767305418494,-84.6123346000153
44436445527227,87.63274724601489,-36.63312477360309,-85.29471157407738
444364455273,93.31033105604678,-27.253307384822477,-79.33335040147897
444364455274,92.94124292002944,-22.61101973611286,-81.78609464736132
444364455275,90.4885097587802,-26.969742516138258,-80.25546590215752
444364455277,92.1607143487153,-26.951540310651815,-72.02664257415802
4443644553,95.05637683373037,-36.15240907196578,-71.17925034423075
4443644554,91.7366852503394,-35.37247193474538,-68.11927196027321
4443644555,103.90822596629864,-27.47909775425031,-67.11455863305119
4443644556,89.35739436372675,-30.39620158171738,-69.47267097541454
4443644557,97.37303468623902,-31.73019460071486,-69.25577566345164
44436446,82.00534374657794,-37.34573275460759,-72.61961400658494
444364467,89.442288350955,-31.650612653433566,-73.43109374931721
4443644675,98.33669533367315,-25.482821843684395,-74.99711621486439
44436447,78.66962593599122,-49.896810090295354,-68.68647681959689
444365,87.11517510501804,-14.261945973798897,-30.480812550616413
4443655,98.64960111550134,-13.568427636410131,-36.29055252727766
44436551,101.56881629350042,-3.7572182018695863,-30.829072469317968
44436552,101.27372827669849,-7.752261184562333,-29.39578001180623
44436553,102.59195611781224,-4.540962017197776,-35.657885982449756
44436554,99.31750142348204,-12.59461595123123,-35.65844726555353
44436555,110.96492275601972,-10.278204463173566,-38.55800641620803
444365553,115.93772807294381,-8.118800875553067,-50.13731853586239
4443655531,118.41052229750439,-11.163915434981154,-43.35295561167219
4443655532,116.0813236708443,-8.485359436022087,-49.791569596829554
4443655534,114.90611550336283,-19.501267878007646,-56.558178442766305
44436555344,112.30821858039786,-20.343015555124563,-59.33703802491935
444365553441,114.2597284204131,-20.71912013326232,-66.95664695314758
444365553442,112.08775940512756,-20.558504972907812,-59.73525433886781
444365553444,112.17530701757659,-20.413481860648883,-59.472806336618596
444365553445,111.20329473938415,-26.45286235129237,-65.38895725629939
444365553446,117.07203721002315,-21.409649098185902,-70.27817629402178
4443655534467,125.06657456208204,-13.415083008840728,-76.9811506123943
44436555344671,115.12732866455454,-23.55084880906501,-76.46921135672657
44436555344672,122.88512191502407,-22.516147354317116,-76.06002058284666
44436555344674,125.15038209193817,-13.279718017016673,-76.98069058951025
44436555344675,121.82535166433519,-19.604402120971034,-72.54269213620739
44436555344676,122.27981090581562,-20.65225121724273,-83.06366851332785
44436555344677,124.73065830873124,-13.875710685557046,-76.90480142539181
444365553447,117.31370252660561,-28.260597015013534,-63.653181499719345
4443655535,120.24559505467221,-17.033413129321854,-41.61498450566149
4443655536,115.11497410369402,-14.12835713219327,-44.678030934531144
4443655537,121.21596063729253,-16.9577308076557,-45.994285032014695
44436556,106.35443230826635,-4.957856849822745,-31.72928073638339
44436557,105.97007138774562,-9.506563770436125,-30.229187883737108
444366,85.89534687765864,-14.804544721230421,-38.31603260388959
4443667,100.27555405816123,-8.373215117727057,-47.74674449290532
44436675,115.16034632725184,-1.3614217896584386,-56.79199058397165
444366755,125.2697816321255,-9.507500950821537,-70.41342062482187
4443667551,129.5305204906235,8.391372185346848,-62.64512494351108
4443667552,134.09781501016104,7.83971569664386,-64.40047973114392
4443667553,130.11263860989675,8.159342302496635,-67.57513969830366
4443667554,115.71775852755641,-9.742546342848962,-72.42594034949707
44436675544,110.06152279075873,-13.600382855596434,-69.4754967846679
444366755441,103.57247750452818,-24.274916376947104,-78.61290028940824
444366755442,98.78898622943167,-21.85741808410399,-80.6359933255099
444366755443,102.97077751325872,-25.14429522010114,-80.42007668555706
444366755444,105.26323549805821,-19.318556562385016,-79.06259850200509
444366755445,113.67229325086605,-20.889950525689454,-77.18411024889349
444366755446,106.73591201479937,-21.076026822799772,-83.01996645135402
4443667554466,117.95928803149606,-19.19835072363744,-73.9306815773385
44436675544661,113.6866076056075,-18.9757519438265,-81.21113047013174
44436675544662,116.27530349759927,-19.341509619469647,-88.90326641907362
44436675544663,110.15886772102564,-17.417102084762224,-89.48423519824595
44436675544664,112.20848252568767,-15.545910028951639,-87.63089127188893
44436675544665,111.25685011177809,-22.403850538499924,-87.92565472631213
44436675544666,107.93739176636802,-15.746575788378433,-85.57201847488764
44436675544667,107.69335146047476,-20.024462550165772,-87.94355379654488
444366755447,108.19897679547282,-16.781450801314623,-72.9391432125561
4443667555,140.64360704108978,1.2347322058088184,-71.94948155665834
44436675553,146.84825253801273,-1.033138369793329,-81.60465477844764
444366755531,151.6497533323983,-5.50971344282288,-75.54484387664274
444366755532,152.36769828989335,-6.340926248047548,-80.50747196488719
4443667555324,150.3098800479726,1.1908863570454629,-75.32678192013584
44436675553241,152.59595441366164,-7.624846554922804,-87.39607143440206
44436675553242,148.89972032611433,-11.5431719737929,-82.5869878640195
44436675553244,149.0984377056631,-8.746765486911169,-86.6182528856428
44436675553245,153.5374481012142,-11.913651111157952,-81.11673857097082
44436675553246,155.94058163925763,-9.048032642332348,-84.12767666308551
44436675553247,152.59774502185212,-12.021524745324683,-85.54291470952461
444366755534,133.77720920828006,-12.07954706251593,-77.23533834545054
444366755535,165.98867681078954,-4.269392744028611,-87.04885230353172
4443667555355,178.32328036297156,-7.334655507240794,-90.34458457513298
44436675553551,183.23218378272435,-2.4953001942676583,-98.53727239086592
44436675553552,178.50748527090482,-7.197959546715966,-90.65538474799934
44436675553554,181.29701597079298,-7.426943170953391,-100.77724500764171
44436675553555,185.60788015312968,-8.83252773216378,-95.99422714969317
44436675553556,179.22709454254502,-0.9230165875903149,-95.05476934103157
44436675553557,194.6119464143025,-7.10398388434462,-103.6026903596497
44436675553557333,213.36223864922914,-9.831981741952346,-115.3018521642892
444366755535573331,228.5435941601412,-16.40677878012796,-116.40709979580143
444366755535573332,221.4829999723426,-11.554697917676151,-120.1587348192834
444366755535573333,230.3134687634511,-12.256450025281634,-127.8612159729047
444366755535573334,224.92607103206404,-12.793052796161861,-125.31349104346648
444366755535573335,233.45855548171173,-11.910446473053407,-127.10678729851789
444366755535573336,225.79604422903367,-19.025447161868673,-124.17984410519844
444366755535573337,229.19671294259405,-9.456024409663017,-130.41859252466324
444366755536,156.72189318629654,1.150297665493531,-81.85845982961541
444366755537,147.19616573779493,-1.252990943232275,-81.29903741957527
4443667556,141.22285645261204,11.500364157423766,-77.0583950368544
44436675566,140.68461808542796,13.7987179317407,-73.83374415034696
444366755661,146.80586050982336,15.681715842885112,-81.44899299268391
444366755662,146.70639822076362,16.734826541276927,-88.78176239623188
4443667556624,155.27026075592195,15.476301753583355,-79.61651255951638
44436675566241,139.36530620355464,14.779455375513617,-89.5000298717811
44436675566242,141.26433277767794,20.705579229984185,-89.96263750106587
44436675566243,140.69935236128683,18.528601511082005,-87.02434537514262
44436675566244,142.50404542646976,12.568495606230446,-91.0354696284141
44436675566245,140.07734004557787,18.536328406170338,-92.28742167823965
44436675566246,146.25904479717983,17.313989266675456,-93.3480153289481
44436675566247,141.77330948030047,15.74404223985343,-93.83381250417304
444366755663,152.71731737135426,23.830967589993005,-94.10257932576715
444366755664,151.78972671774164,13.38935992985401,-87.12215562782698
444366755665,155.99696295649198,13.019494110678696,-86.82634655315309
4443667556653,155.56424034198147,4.578997822183882,-80.82182083745124
44436675566531,164.49570636461382,5.437409891659899,-84.49699154457633
44436675566532,162.60325486498388,5.322827160260272,-88.50752672578443
44436675566534,156.41701148059957,4.909388083305879,-81.59965418616275
44436675566535,168.63617542877267,4.216668293259602,-90.24364508754336
444366755665355,166.76590914590147,9.385643450356298,-76.76345216137766
4443667556653551,177.14714634667496,0.08901346026319468,-88.83994165682576
4443667556653552,172.6125388052162,-0.9099497473236375,-92.5178878643635
4443667556653554,176.49257484311295,-2.4625531738497766,-91.54340281347699
4443667556653555,175.78241430178812,4.718055150027443,-93.70113778570253
4443667556653556,174.36478182538585,1.9794968482712676,-95.84853960617008
4443667556653557,176.74390637762718,-0.09600799104025654,-95.00902386684272
44436675566536,164.5470541250465,12.29888501126832,-87.25952687790524
44436675566537,160.14565764041834,8.669727154442498,-89.3061176609321
444366755666,149.95166129889927,17.03114630480681,-91.28499213377766
444366755667,150.54797202492242,18.962619136695274,-84.6121271158127
4443667557,131.306353966936,10.659747189009744,-65.6049172229155
444367,69.8674519759652,-29.635593657084502,-33.39619269408747
4443673,62.62964263512709,-41.46164120451993,-41.92453872515428
44436731,68.94317205499055,-38.14542270913957,-34.1705817058325
444367313,62.53909590696785,-40.48377528349957,-23.852644297057196
4443673131,78.44317062163363,-36.0694845403552,-35.07183318708644
4443673132,76.54968665349347,-36.15290842954416,-38.20473941717962
4443673133,78.4487694652722,-40.258348039211775,-36.3311186341855
4443673134,78.76110447122522,-37.42408300420393,-33.46253074567531
4443673136,76.61519091128547,-46.62258163593635,-33.65266499098009
4443673137,74.39009872101794,-34.18638340000742,-36.4564313905697
44436732,62.39197972360676,-37.810549086384746,-33.049277654439415
44436733,59.00494968033412,-45.50607271770751,-32.4167583265406
44436734,73.95592687647029,-49.944894719093575,-50.450461489738714
444367344,76.98036862928195,-56.39413593319341,-61.341891304892144
4443673441,77.04086582598953,-56.24982526822017,-61.731820208698416
4443673442,81.96794112839294,-64.70132428675163,-62.15367855457163
444367344236,82.26500120129668,-66.58267241553166,-61.426223810197826
4443673443,81.4201856138961,-64.13427747519697,-73.17869176493576
44436734433,86.24956235304293,-69.35697602088014,-79.27203888899176
444367344331,81.07269626475026,-70.72874605879457,-86.36256971659247
444367344332,82.19012555505996,-74.98261354374345,-85.30939039599936
444367344333,90.15340088106173,-72.65151321765403,-86.54716496492583
444367344334,81.00555352153178,-63.615195241441874,-78.77494319867358
444367344336,86.23553305222396,-69.32438951511672,-79.69520313776265
444367344337,86.19720652492859,-69.29679138766508,-79.76145085182075
4443673444,81.14355082565088,-59.85937365226445,-67.53797148043581
4443673445,85.91187860614875,-64.37629386955781,-64.47670242708874
44436734453376,93.47660134577968,-79.39620494988019,-63.239038221699914
444367344536,87.50390108745519,-66.46509207942974,-64.02869980622053
4443673446,81.94745591919121,-64.72002189923579,-65.1835909427269
44436734463,86.41653739446835,-74.4718450065401,-65.36071041434651
444367344631,86.5657077078456,-74.50838502079415,-65.6438594683808
444367344633,90.21617611550857,-78.31438100920649,-64.14698252509652
4443673446337,96.49560000503362,-87.16986340036132,-68.5886541547
44436734463371,96.30030906715328,-87.40738948739535,-68.55539315662259
44436734463372,99.0957285581177,-85.57241627433636,-61.73122942465057
44436734463373,95.13518763279447,-87.1081244278229,-59.92443941175556
44436734463374,96.41145258075636,-87.1983431249259,-68.34097885722669
44436734463376,101.82378685813748,-95.28608795316403,-64.29255752095307
444367344633766,101.13937189395556,-100.62323311581825,-65.47602477376905
4443673446337661,107.13330082784871,-108.90244594033172,-60.21272245228088
4443673446337662,111.48347043892993,-107.30561534576618,-60.70147651838118
4443673446337663,106.31321282444448,-111.29194672921753,-67.37407593586461
4443673446337664,109.24481889905822,-105.28476135541638,-67.44666432506139
44436734463376646,105.04992512380956,-106.2537688211544,-61.4184805303459
444367344633766461,109.5422624943278,-99.79101392078101,-71.05001919769803
444367344633766462,107.65876575840218,-105.33141088248107,-74.17207387761012
444367344633766463,113.96623988597821,-101.21929471109476,-71.7881153505193
444367344633766465,112.22247130314989,-105.55290905472073,-74.72781340361118
444367344633766466,110.28827894694408,-101.65389222119681,-74.81694797690868
4443673446337665,101.5983422006566,-100.95208121687816,-65.42011742970011
4443673446337666,109.18479517863311,-112.05441981536664,-66.1310687447532
44436734463376664,111.6320986457485,-104.13131486685157,-62.84578356679401
444367344633766641,107.59340059604448,-119.29983864716584,-65.86608979946952
444367344633766642,109.28395034700017,-118.2920389175357,-70.38793281539212
444367344633766643,105.16705831228585,-114.13614493911696,-68.56741353016449
444367344633766645,113.19780888447809,-116.81837841410085,-68.63478121496902
444367344633766646,111.4824332898812,-117.87105713519834,-64.09938019523194
444367344633766647,112.07138749752204,-121.58036613710775,-67.58712754659668
4443673446337667,113.29182515753237,-107.25035845119051,-66.97102751945073
444367344633766764,114.81521159116086,-106.24764235429684,-70.03033399703416
44436734463377,92.52419016104437,-88.8291624204161,-62.942951290828525
444367344634,81.90555130873152,-66.03341180591607,-68.52886590792495
444367344636,86.38557334071744,-74.33206143865407,-65.36311418433637
444367344637,81.63910740798582,-72.2066862923748,-64.70843198828294
4443673447,77.07978578515943,-56.402986109617956,-61.48520922190257
44436735,69.72814671385733,-40.12948006040811,-40.08963356747919
444367353,69.01850565160588,-36.46778616618173,-25.729242845727438
4443673531,74.5483952777978,-39.35454077717465,-40.24336416875402
4443673532,76.261383758584,-41.65678267817162,-42.403389361580004
4443673533,70.10063720938182,-38.025293162218034,-43.96151547018529
4443673534,73.3212072267877,-43.17020671400684,-44.43930567404049
4443673535,69.62316683300999,-42.943656741752235,-44.166125803595975
4443673536,72.82728144784024,-45.574729059749274,-41.08999517515859
4443673537,74.07515989395995,-38.23135690473039,-43.928054028500405
44436736,69.21835724117102,-44.89410974135963,-35.90420822198765
444367363,68.55319663069888,-28.941348425903627,-28.79724110956967
4443673632,69.82654937019795,-48.21390917419168,-38.55569442080868
4443673633,75.59181571289137,-47.62569386045865,-35.074156893380504
4443673634,72.88545877054209,-49.60508794426642,-36.62420884219625
4443673636,75.08300487152471,-47.122501814163975,-38.94896136087736
4443673637,70.35336509657597,-48.450522121067294,-33.91793555171049
44436737,62.85329040184487,-41.433352152255615,-41.66800007674394
4444,0.6524396791251511,-51.096093992631715,-74.80700102837196
44444,0.8160698426794198,-70.42823616555691,-107.89614218165414
444441,7.048201551501959,-87.34315935821736,-124.92680438650295
4444415,9.852200176121762,-97.44468977281986,-138.24174459930714
44444151,16.573545933181048,-99.70835735293683,-138.99273853447866
44444152,10.195405753347519,-97.21404822762945,-138.31350263361932
44444153,16.589822289308454,-105.38525756949561,-135.65998966083777
444441533,11.066168631381478,-111.45960876068112,-127.80246336026876
4444415331,20.639076525661135,-111.445959067213,-136.86642834127008
4444415332,12.56929938096709,-111.51905331556733,-129.16729192759928
4444415333,22.034301367222504,-114.97150533706002,-134.73783710473904
44444153335,11.956310016102254,-114.65668454671881,-124.76200849607332
444441533351,23.888876134725447,-121.62412600448793,-136.22662231335195
444441533352,27.42531194966705,-121.84907682615801,-132.19568000627444
4444415333522,15.461294161244917,-114.02301624832964,-132.8959110950207
44444153335221,33.187476002751396,-123.35219202066263,-132.46988074827206
44444153335222,31.44004460500734,-125.8529125056374,-128.91175753644407
44444153335223,27.54193254357525,-126.85369829913887,-129.9548824052369
44444153335224,30.647228429432996,-124.03235282933771,-135.38202286529256
44444153335225,32.120697707763036,-120.1455867925504,-130.84433992940205
44444153335226,30.33067833160335,-122.47438216043736,-127.16737869831458
44444153335227,29.80281584953247,-127.15158946382888,-133.2324463844772
444441533353,25.25859288740118,-115.64253201723633,-131.98954457345593
444441533354,20.419863621638267,-123.33483174793393,-131.30409063193162
444441533355,20.890921005575915,-119.1939858704559,-136.42439015590205
444441533356,26.572910897915456,-117.96386796022614,-134.77251875715652
444441533357,24.081563696750024,-118.75879510784799,-128.37951298720523
4444415334,16.591889447995417,-118.45365610186694,-131.59339970210092
4444415335,16.451215117635606,-113.43704164225059,-136.6850119108061
4444415336,22.376734018737704,-108.75395987235572,-131.40928967828842
4444415337,17.367281049546992,-109.04883080498126,-135.90861937583765
44444154,11.759940155463635,-103.95118786714667,-132.06581616452866
44444155,16.295242773118936,-96.87895347532539,-135.15087013324987
44444156,18.0568638658805,-102.76305926293772,-153.9893875574864
44444157,10.090364825236518,-97.25056072985421,-138.26210359017207
444442,-4.370706259884257,-85.10163932646662,-138.2719119073645
4444422,-11.00502235801969,-92.28076795941378,-159.81743651155648
44444221,-8.450748316943521,-97.96557965268465,-162.3421942089735
44444222,-13.817531130173213,-95.04930351914197,-176.591808625292
444442222,-18.486061507580956,-99.95063542162089,-186.02996435718836
4444422221,-19.502602985155374,-92.47944890844504,-195.08401871168826
44444222216,-25.37251452864978,-90.42829833147226,-190.972796518804
444442222161,-25.1647692188721,-90.27944364387862,-191.80713945529183
444442222162,-23.056904347178367,-91.05844616673119,-198.93776422007588
444442222163,-26.21238005451732,-81.93429978947883,-200.7324698094845
4444422221637552,-29.945397038717378,-73.07064530919907,-205.77942876508067
444442222164,-23.501554967843614,-84.72209772415849,-197.33645708249009
444442222165,-20.930356630391028,-85.64123295443807,-202.49903637440784
44444222216552,-20.122739841253846,-83.83290103338663,-204.79791086544736
444442222166,-21.415146058100323,-90.87808093073336,-201.0910043795426
444442222167,-31.112013583552184,-93.6550143763069,-200.05224084843445
4444422222,-23.638839586576932,-93.44913021503355,-194.79085208696856
44444222226,-21.452955133269636,-91.48183827795755,-198.1807350739139
444442222262,-31.310426472257625,-87.95128945132792,-203.98541314064533
444442222263,-31.518878844587107,-85.91217074020753,-201.58627093980985
4444422222637,-32.42124363257608,-82.4170625773163,-202.69119350553302
44444222226375,-33.175456013403256,-77.02463223485279,-205.18485496142603
444442222263755,-27.245757753816296,-88.6415555125723,-199.5300854208277
4444422222637552,-35.656681858687,-71.46471488370834,-204.6289010720339
4444422222637553,-37.28027794966036,-72.36692168472176,-207.65933553435042
4444422222637554,-37.3680487280534,-74.44682890478006,-203.05249096764183
4444422222637555,-33.94323099603735,-72.59707557061488,-209.42028395410128
4444422222637556,-35.472166063341376,-76.14170996070874,-210.2640815967632
4444422222637557,-38.58136336306736,-76.27701383972773,-207.16089462411284
444442222264,-31.780592514152133,-86.43558315919493,-197.8718241948232
444442222265,-26.530439251130318,-86.16156267567375,-205.51225279149247
4444422222655,-29.810541877952506,-94.57290241412191,-194.20350250682606
44444222226552,-26.554110700370334,-85.22350708018617,-211.0377626577341
44444222226553,-22.669005445573234,-86.95153195802557,-210.14469286210684
44444222226554,-23.13199862045055,-83.30668161064621,-210.819180164902
44444222226555,-25.14395675976496,-80.553520276808,-205.95138520731146
44444222226556,-23.370742952525998,-80.8950834794401,-208.72052695166755
44444222226557,-28.34343683390929,-83.87001539544295,-208.69740641584397
444442222266,-32.94541155411274,-89.77709255723258,-200.84307793933402
444442222267,-32.36203422298765,-91.07490236808611,-202.64864772216757
4444422223,-18.483082028321476,-99.94004744002419,-186.04274917707366
4444422224,-15.976098355998882,-96.46425001251733,-193.30292949195615
4444422225,-16.74382492592502,-90.86531439179882,-188.95510375718288
4444422226,-7.662771653906047,-103.66720809888068,-193.4857817552318
4444422227,-27.174537318674858,-98.90196011699508,-193.50078381709858
44444223,-9.764737684396943,-93.16555321635092,-167.44392946946104
44444224,-10.996231990638163,-92.32881702656084,-159.906236354118
44444225,-10.773926080214002,-92.55215880458115,-159.77535151426932
44444226,-5.407288245516889,-98.78624899763521,-171.17062125071857
44444227,-15.538562869780483,-100.51920069659904,-167.5934217074354
444443,38.08227970791822,-59.402051098111144,-93.22302841279054
444444,5.338693578948841,-91.60164737246745,-119.97963122312078
4444445,10.659637590882552,-104.36293081334881,-123.17279030989987
44444452,10.637687418805344,-104.42351988967326,-123.2208384088637
44444453,11.990383253321799,-116.44314509787765,-127.44817331319639
444444533,12.177010610183316,-128.66430582466504,-129.57472084301364
4444445332,12.083127311923036,-128.04112861185814,-129.38032697534186
4444445333,16.87853203084654,-125.02370279303155,-128.4194236556611
44444453335,20.728242617097024,-113.38385195319687,-133.65936006764954
444444533352,18.642669612310534,-124.96261714936388,-124.95865759368898
444444533353,22.10235365920176,-127.0720177759747,-126.74749493412772
444444533355,18.793133576576295,-129.46335991137184,-128.1376399516818
444444533356,17.28810850628337,-127.38116192389096,-133.1719570610438
444444533357,21.298787663658796,-128.5902787164821,-131.56941653196435
4444445335,12.128246893759211,-128.3867861053725,-129.48905334437634
4444445336,15.48141740548282,-143.05620049286526,-128.17610101570722
4444445337,13.416300824800356,-124.6670686660032,-124.92767511283321
44444455,6.297054590828036,-108.76244890141118,-127.37442193527707
44444456,10.424876018374789,-120.08938828979979,-126.16780554384563
444444562,12.285660094154295,-132.47568412904232,-126.4040291640636
4444445623,13.095206359410104,-144.09797678143929,-126.56922669482724
44444456233,18.823723161804608,-150.80246325816495,-129.4187401616177
444444562331,12.439322261990872,-156.29352974953616,-123.51090374361299
444444562332,13.669659461981878,-156.02264045527338,-129.8198193840699
444444562333,19.625471677050335,-165.32524524580722,-125.82403648982316
4444445623333,15.62650452013551,-166.2368126170576,-131.48240616338657
44444456233331,23.620633441041615,-174.37026352598613,-121.10989766244529
44444456233332,26.858724527836884,-177.67466201973681,-124.48170990670697
444444562333321,19.633071588709107,-182.2659797420019,-124.7276723503372
4444445623333211,35.683225316156594,-181.8278392890165,-122.21694276454753
4444445623333212,28.133614880519257,-185.52671839761734,-122.58297831729485
444444562333321253,28.27015471050375,-187.27654832829663,-122.43934785090175
4444445623333213,33.1737159705742,-181.51960320933037,-126.18075880553178
4444445623333216,30.953164515470753,-180.810012800694,-119.87131430831502
4444445623333217,32.859746869508534,-177.77351193405508,-122.34122745821334
44444456233333,25.077313401549848,-179.70269391947562,-128.4696016084689
444444562333335,18.932271642268805,-182.34330080031177,-126.57442404314014
4444445623333351,26.36743769793008,-183.9144826324016,-132.15050205897973
4444445623333352,26.332088551667027,-186.17396955523782,-128.1067555580335
44444456233333521,18.192717384509315,-190.13102904218348,-132.99216602740273
444444562333335211,28.754743881092192,-191.41281682728527,-124.5196606456525
444444562333335213,28.84487980751256,-189.5911309279493,-128.31754187924372
4444445623333353,22.81541782316277,-183.85105130515532,-134.39598636028256
44444456233335,27.61147985156927,-176.4090869437576,-127.02249105425996
4444445623333512,30.21547142439457,-175.66977307523678,-127.03225467601028
44444456233336,21.587876969323215,-181.3966176772597,-128.92914561112502
44444456233337,22.964882781223015,-178.80703024165294,-125.4647759065349
444444562335,18.64518578577371,-151.03450712539052,-129.33269558929277
444444562336,13.683371446491616,-163.95662728433666,-128.14143102487265
4444445623365,10.3559602196794,-173.30908161662003,-130.22574001066957
44444456233651,10.57700354242165,-173.05887929586805,-130.11190539088852
44444456233652,10.571767647184183,-172.84251021222687,-130.23638763616142
44444456233653,16.467345524776185,-179.653759063879,-129.37883540501772
444444562336533,10.232102259148045,-176.57553033149443,-132.1164356755731
4444445623365331,15.828116154515051,-188.64317281528122,-135.29806921666716
4444445623365332,19.376406328987464,-188.0870905465329,-125.62819906924064
44444456233653321,18.26501568545056,-193.94271445861594,-131.97553819314385
444444562336533211,21.07709154743525,-192.44246080306038,-121.14009587737797
444444562336533212,25.43149815690902,-187.70336779935167,-121.28358972058257
444444562336533213,27.020049053898813,-195.60272722989964,-124.91825122976483
444444562336533216,14.856774423385254,-193.40930695066237,-123.4060269491879
4444445623365333,22.305239560585946,-192.2738538870945,-132.41808166646487
4444445623365336,16.379440571952415,-192.04569474282908,-129.87534984466043
44444456233656,8.451122833418916,-179.26497539145066,-129.51362068770007
444444562336566,14.708939100502697,-182.31419088369913,-130.33071122584303
4444445623365661,3.6343269097812025,-186.3224153235535,-127.35890094827144
4444445623365662,0.05631769740222142,-188.3247475786822,-130.92026956723362
4444445623365663,9.157500882166529,-191.9471875784754,-130.53147233206715
44444456233656633,6.472513429359488,-182.46000113215123,-131.79687750004413
444444562336566331,11.72217622466996,-194.73884863809306,-136.15633150153835
444444562336566332,14.029400162508932,-195.76220822382655,-125.92545442385477
444444562336566333,15.016251558184683,-198.8582684234587,-133.4389523711368
444444562336566336,9.802198256856054,-197.55762580561256,-127.21546537070229
444444562336566337,12.68876635020325,-200.31694634411545,-130.9000597127222
4444445623365666,3.8638796341483053,-185.53775597710387,-133.6651298884419
4444445623365667,3.545093793306085,-182.71376202913297,-130.06435724078796
444444562337,14.862872589380547,-161.57835975284235,-128.1846434464616
4444445623375,16.408361644388265,-167.54603139096588,-123.19505393109726
44444456233751,17.097940213485934,-168.14561034576656,-132.13627664128092
44444456233752,16.3594642172501,-167.59313879188494,-123.4300086377912
44444456233753,18.56501912916894,-174.62882415877158,-128.20404939740928
444444562337533,12.026083861578309,-179.52752426076384,-126.80479963364205
4444445623375331,12.806207767158218,-179.6884456346592,-126.69397513888838
4444445623375332,21.712527990244194,-184.65338335846292,-122.92913211527416
444444562337533213,22.881424878381466,-185.67300136054695,-122.32070614720384
444444562337533216,20.445197207821675,-186.38649787753832,-121.03362786581123
4444445623375333,19.446999717461566,-182.5434857325085,-126.87493297159935
4444445623375336,19.84900960641132,-191.1889181940266,-127.97526991658863
4444445623375337,19.03444694609403,-180.05241254513106,-122.62150306855449
44444456233756,15.373582171885557,-171.73447501633393,-129.3403887051434
44444456233757,11.850988016262653,-167.65058165170197,-129.96884979319017
44444457,9.410025525794524,-111.45827038557391,-124.3461925082515
444445,-36.92064027377657,-59.40919601998226,-93.2201787932826
444446,5.675714656507704,-85.06705125583467,-138.25864213013833
4444466,9.583368339410187,-92.03661928636429,-157.21250098259765
44444661,15.731725393745513,-100.4251505590772,-167.55094729728847
444446615,21.856260891194474,-101.45309377932037,-170.50202960196538
4444466151,21.694556520100605,-101.48477980613906,-170.57191751592958
4444466152,25.945961445371978,-110.80044934675958,-180.29836435765964
44444661522,23.117640412944997,-117.25229082124025,-189.6447190973984
444446615221,23.512157465258415,-117.17574625344395,-189.65519156287985
444446615222,23.946275567878153,-120.04251255047991,-194.81305391208437
4444466152222,18.53539219990529,-119.92448247930822,-203.6870652334638
44444661522221,18.604510366776054,-119.97886478344763,-203.1243199066578
44444661522222,14.955363669782244,-126.16139449907377,-196.36081289459514
44444661522223,19.369721442194837,-125.55325777235771,-193.42360479847306
44444661522224,18.552845290540564,-119.9377349436148,-203.3185366098144
44444661522225,21.43073227362796,-125.0635333408889,-210.07018490491913
44444661522226,20.747682657847566,-129.56582083728077,-207.52674034509891
44444661522227,19.895455670547864,-127.81750141048941,-197.7940573388832
444446615223,30.79021138146973,-112.14483941387672,-190.17128895666954
444446615224,32.46595385304131,-117.08419090693704,-189.59323195694154
444446615225,32.07134030892126,-112.77982390740165,-183.28850457596826
444446615226,32.83578325141372,-117.16309202648111,-198.36986734729436
4444466152266,22.011649829329297,-116.08187137237977,-190.99501551803746
44444661522661,33.424955888783934,-117.28143216895039,-207.20324081920683
44444661522662,29.206939910215862,-125.3841692934059,-210.45881067359562
444446615226622,9.248448817421332,-117.9636636679404,-206.50631934571672
4444466152266221,21.060395069966777,-133.22617391532302,-217.27582994751933
4444466152266222,16.301602833922114,-131.21516448039378,-220.35722807948378
4444466152266223,22.976807136216216,-139.2511833787333,-217.18741479929457
4444466152266224,21.679168862785787,-133.2113572009913,-212.9441634372002
4444466152266225,23.28936676987362,-130.71707712388874,-222.43224783235803
4444466152266226,26.123744639271102,-134.94674877005093,-218.52887510258597
44444661522662262,14.055014320002272,-123.99502186214866,-219.42492097649156
444446615226622621,30.375548570794248,-138.50990695558122,-220.78766041579064
444446615226622622,30.905773955185015,-138.4273397163131,-224.82140435188916
444446615226622623,31.417868804916523,-134.4618608886442,-221.3765454918008
444446615226622624,26.62206963377059,-137.83525932896305,-226.1092621541148
444446615226622625,29.659937779676227,-136.34053311806818,-229.15514776220635
444446615226622626,31.686124184979462,-134.75932019325433,-224.71022127711453
444446615226622627,27.421816258599833,-139.9872366385523,-223.04853202593344
4444466152266227,21.608233421539378,-137.43910318715905,-214.7917126436202
44444661522663,36.22513103034311,-115.72375894997359,-203.69022493303777
44444661522664,34.194526358409846,-121.5247713838098,-204.34369868386767
44444661522665,40.339543377356605,-121.71363900384331,-207.40660737492803
44444661522666,39.636355254614,-120.64536932171808,-203.99053871901958
44444661522667,38.558423971015145,-118.26828839681059,-207.76218140137834
444446615227,34.95782210577296,-118.99213764546482,-187.9405752200804
4444466153,21.947809422593046,-112.39751524393867,-173.77725407777405
4444466154,21.758379894663605,-101.72070681872084,-170.60263625883647
4444466155,28.205475447388515,-106.48192128566231,-172.2754570315925
44444661555,15.655628799004898,-112.71497123322247,-182.65183425807498
444446615551,30.54123633035424,-103.72777378303405,-176.0839454796802
444446615552,33.3728583526151,-110.66445460464328,-179.41232728393763
444446615553,31.082304587676727,-108.7046258445106,-170.83629784021667
444446615554,33.62929734833372,-103.72548539427558,-174.6904511558178
444446615555,34.44004714057237,-108.16927792445343,-175.77897168531365
444446615556,34.414643948411296,-108.33186575406981,-172.3252756601872
444446615557,32.53914370771285,-104.64870934921193,-171.38662555039252
4444466156,28.010128308371602,-103.22081464425581,-182.99388984509616
44444661566,23.790573564481967,-102.08357523815758,-193.04744325443033
444446615661,34.816263658910756,-103.38281237215179,-196.03258469415908
444446615662,34.99305137909092,-109.30469412878932,-200.54537629570527
444446615663,37.78308055798395,-99.92822638092926,-193.0600414451245
444446615664,24.766607379189963,-102.00631774613775,-193.24796083077837
444446615665,38.442205262699375,-99.27205309055228,-200.0552332475451
44444661566523332226,62.821733620548166,-93.54247752633394,-220.89368049402574
444446615665233326,56.54900904135308,-93.9658974781993,-215.92218262192668
4444466156652336,46.90417056800162,-95.53177648586079,-209.06461051763114
444446615666,34.37227223908276,-98.02099219628101,-198.83030034436084
4444466156662,36.397977152638504,-94.66293423064116,-203.95606745129606
44444661566623,39.19201323079213,-92.7446116696534,-207.94958396850564
444446615666233,43.881317107691295,-87.57348281624458,-213.16116169195178
4444466156662331,43.83271990297397,-87.91845648360108,-213.38272091875837
4444466156662332,44.88176282329847,-87.4570827039058,-219.47148920627575
4444466156662333,50.08639101244565,-92.0921522774043,-215.43338174483108
44444661566623332,43.24697465076339,-93.01912958997885,-210.4014990397389
444446615666233321,54.81645476096602,-93.12757925237663,-221.91039490515533
444446615666233322,59.21372508144874,-90.22990057876042,-222.17829341396973
4444466156662333222,47.87037122760124,-92.07655708372609,-212.51279911997756
44444661566623332221,59.961516055743296,-92.14882308093887,-227.24088478544172
44444661566623332222,60.91967318396367,-88.39745014927095,-227.83190579556884
44444661566623332223,63.05661036453009,-86.17213235985228,-223.31735338760785
44444661566623332224,64.76681479131359,-88.98104329773257,-224.23723816077822
44444661566623332226,59.65450334920534,-86.03640867613278,-225.37655727391947
44444661566623332227,63.7224180010765,-91.52338016267898,-226.01577790654324
444446615666233323,53.25178223059619,-86.42784865020407,-220.4152686350094
444446615666233324,56.726724707254924,-87.37183004503639,-216.56023940806196
444446615666233326,52.52470597600462,-89.51114308435618,-222.6848762109681
444446615666233327,56.82743608178305,-87.8178132064311,-220.45858880056687
4444466156662334,43.878046885713914,-87.7186765739835,-213.21760663690486
4444466156662336,45.01302023796626,-93.76927063058987,-215.08712119254918
444446615667,33.668741378623444,-95.6062635271571,-198.12405662018767
4444466156672336,42.359057047651525,-93.11153264606106,-207.02377651251314
4444466157,23.00008093247831,-110.50698780637966,-169.22795387666122
44444662,5.199364744930237,-98.553938401264,-171.10246788242122
444446622,3.767098177364475,-107.80520938078529,-176.933571427496
4444466221,3.327185218490071,-107.28164995913036,-177.12635416951338
4444466222,2.419132210906219,-107.94928771271292,-187.09126583705148
44444662222,-9.025983394302632,-109.37050511246713,-190.28408640125133
444446622221,10.400358979836318,-118.12068871959318,-197.53149235596607
444446622222,7.0897434500079415,-118.6412934281648,-195.55539116231446
444446622223,3.544892492137331,-110.19879288861506,-195.8761069210103
444446622224,3.5295562310413393,-113.24040474331703,-199.43151410894285
444446622225,4.4775782931527965,-113.95189087760895,-192.1760453789014
444446622226,2.240904323389516,-117.76373358748444,-202.62594130837553
444446622227,6.754398609070025,-112.19064239476906,-196.39171276118978
4444466223,-3.0292824341931643,-99.98080164672518,-177.41813025902107
4444466224,-1.214045709141037,-101.00194399271437,-182.26885125964162
4444466225,1.825661465182553,-99.56720481421952,-177.6900809396725
4444466226,-3.2778231865390586,-107.81561105275415,-187.00291576606244
44444662266,9.34636483290844,-110.50730794942508,-189.92699594139177
444446622661,-6.836843891535727,-112.10536672977074,-196.39222898499204
444446622662,-2.7043833886709048,-117.74602110907479,-202.69173177560145
4444466226622,1.6261926665501494,-126.70491933210627,-206.68357608283003
44444662266221,12.600767894793243,-127.58081548156908,-212.76183574186717
44444662266222,4.5327879858067375,-125.74713624557089,-215.9021733682593
44444662266223,1.4535675367380576,-126.3832444658023,-207.00685777555907
44444662266224,-0.47377409294371564,-119.85132864926376,-212.15447927714726
44444662266225,-2.1856520836379616,-124.37839569666905,-209.77309601415007
44444662266226,-4.905722928597139,-125.75160189775913,-215.73956666032026
44444662266227,-12.723170538389526,-127.55439966817659,-212.664411375442
444446622663,-4.625473121764989,-113.78224736029979,-192.20715698076154
444446622664,-3.6404943257146205,-113.12167832522965,-199.43900245584743
444446622665,-3.6772631930611346,-109.97055285560852,-195.94404443877258
444446622666,-7.2173484374612595,-118.56797536839785,-195.5701132613098
444446622667,-10.503810406684286,-118.05883212757128,-197.53856422421381
4444466227,-3.615416941185741,-104.97057116781237,-177.14468098108793
44444663,12.783733270815272,-93.08976482973205,-164.06297603943534
44444664,9.615722003047885,-92.14123352210436,-157.4889672465899
44444665,9.870677662532756,-93.13921001315083,-167.3581809473447
44444666,14.06114606195788,-95.03575421474464,-176.55506329815447
444446666,18.488945279102076,-99.92979761738052,-185.98811493324308
4444466661,27.12631167066214,-98.89833205257513,-193.5079364239899
4444466662,7.528403768238531,-103.61890320127628,-193.5095355925213
4444466663,16.679265382297487,-90.86753022203436,-188.98057264840162
4444466664,15.905577990782405,-96.45293097458442,-193.32785943571713
4444466665,18.477414685190716,-99.95050456200086,-185.98173465527307
4444466666,23.55032897577307,-93.51926623022275,-194.87578573144248
44444666662,21.481921471129816,-91.20419273461411,-197.89750856939364
444446666621,32.776646016378194,-90.90446038136007,-202.18867712183274
444446666622,31.27894098172551,-90.85349323825446,-203.14862905923943
444446666623,26.471653409273323,-86.1331395891174,-205.54446925925185
4444466666233,29.85179340667499,-94.27512861619877,-193.94625952268518
44444666662331,26.522758328898064,-86.84142265072572,-210.2304450041657
44444666662332,21.820405051386132,-81.94598303091998,-208.79921021449857
44444666662333,25.11486693700223,-80.5020546853356,-206.230524485227
44444666662334,24.823276436380514,-82.1627861116474,-210.58015494668746
44444666662335,22.43524664696949,-86.23363633656895,-210.46133078674444
44444666662336,27.952583536182814,-83.46188159140783,-209.53196440434155
444446666624,31.931842921143893,-86.79931609006228,-197.8376417869075
444446666625,31.36134390083231,-85.712779871815,-201.58988889431518
4444466666251,32.393517845587006,-82.42803856767661,-202.74368506935318
44444666662513,33.107431067254225,-77.00617333643174,-205.1843579246927
444446666625133,27.15190670833848,-88.5995917943095,-199.50137782884244
4444466666251331,38.48719481420289,-76.38004071400238,-207.1691228014864
4444466666251332,35.502268612039536,-76.19552051498488,-210.24140611265005
4444466666251333,34.35163336459671,-72.8259013195895,-209.69612907077249
4444466666251334,36.75096536812539,-74.03367187615784,-202.78321239886606
4444466666251335,34.89927939367919,-71.09883597083729,-206.3699134204546
4444466666251336,37.980910893562644,-72.72908990005423,-206.03806075552578
444446666626,31.897245560114772,-87.33190730195027,-202.9153208885308
4444466667,19.45535000736781,-92.46812372172033,-195.08691539122435
44444666672,25.38200797978542,-90.42527008550114,-190.9555058613873
444446666721,31.13601229720192,-93.56424921997616,-199.9707833472554
444446666722,21.35483585247939,-90.85997282187199,-201.04787341219338
444446666723,20.870540412897594,-85.63230526186784,-202.48455311701915
44444666672336,20.08324659853661,-83.84409070545398,-204.75909245374464
444446666724,23.39520464499181,-84.70864216830459,-197.34346108090418
444446666725,26.152105838483504,-81.91680486167293,-200.7414404265396
4444466667251336,29.876634377333172,-73.08121736765912,-205.80237325076217
444446666726,23.100757335036523,-90.84724373417598,-198.76242177324622
444446666727,25.16647611915917,-90.26934292329511,-191.8029710521754
44444667,9.298941359185495,-98.02533262879437,-162.92003082483774
444447,-6.152595557674194,-87.11132589080604,-125.51329905116135
4444473,-9.473563416382811,-87.26473582067526,-148.00253188633945
44444731,-11.392279962011195,-96.70974148129238,-135.46160962721487
44444732,-18.28404656746916,-102.39033229110287,-154.51244410282135
444447322,-21.863672471175335,-101.18976611988641,-170.4581660287881
4444473221,-23.07771968252898,-110.40401507541564,-169.31906744495348
4444473222,-28.081352931731182,-103.1374192365528,-183.07821529399334
44444732222,-23.843700082439405,-102.10308999088427,-193.03658204781286
444447322221,-33.71678146150481,-95.61969269181444,-198.1401951516694
4444473222216552,-42.61629930641502,-92.69299152577683,-206.73941737300615
444447322222,-34.42101161686531,-98.0339347481467,-198.84449181954926
4444473222226,-36.50413270312226,-94.66599692283361,-203.88334998038428
44444732222265,-39.39828599717026,-92.42907621375885,-207.6300748769083
444447322222655,-42.75599891951833,-89.71164962468114,-214.60785849725448
4444473222226552,-47.33628248383519,-90.06907915111572,-212.22191117376374
4444473222226554,-42.77837150449417,-89.45527169355093,-214.6110527987682
4444473222226555,-50.3787482031385,-91.66290961930353,-215.2420030897446
44444732222265556,-43.26230118400271,-92.97971316302005,-210.35718711703242
444447322222655561,-56.87046655078628,-87.76425968699945,-220.43092642945282
444447322222655562,-53.18227910396343,-86.53233258999805,-220.43301684724818
444447322222655564,-56.777511644253565,-87.39010382859934,-216.557877063699
444447322222655565,-52.69505251902711,-89.6063293562887,-222.74918775522576
444447322222655566,-59.253843912447635,-90.24262566960769,-222.17595954476383
4444473222226555666,-47.88659441786335,-92.15024927317621,-212.5818588236447
44444732222265556661,-64.89370805101436,-89.84389272758808,-223.47956574532472
44444732222265556662,-59.838970513459415,-85.90903897963788,-225.0591185768815
44444732222265556664,-63.72287903262503,-90.47278354468571,-226.57811295867282
44444732222265556665,-63.34244432502044,-86.31274341848062,-223.7726468053048
44444732222265556666,-60.49551727010486,-88.37267363581884,-227.82164994730616
44444732222265556667,-60.2216981921124,-92.32788154489545,-227.1346693473562
444447322222655567,-54.92324909075504,-93.18512419244227,-221.85961590973758
4444473222226556,-45.23880209497149,-86.8771918076851,-219.17425490769926
4444473222226557,-42.83436730365301,-89.64420239232446,-214.6266351189381
444447322223,-38.499729309202834,-99.27439010861022,-200.058075047311
4444473222236552,-47.14995347935961,-95.23147168451891,-208.7697966575233
444447322223655562,-56.593887923733234,-93.9957326566735,-215.91406167663095
44444732222365556662,-62.842691163145936,-93.5917789450408,-220.8884518259046
444447322224,-24.82076311658397,-102.02332594880058,-193.23837682761095
444447322225,-37.84296248947547,-99.93603702757856,-193.06135763205035
444447322226,-35.06045752211703,-109.3088218006959,-200.54026038374417
444447322227,-34.87822658032657,-103.37593774832307,-196.0373121527456
4444473223,-28.22962194414795,-106.42416959520078,-172.3711645453765
44444732233,-15.819602318960067,-112.66857420743446,-182.89518370430747
444447322331,-34.28173745612125,-105.32871958347978,-172.32149024996173
444447322332,-33.90495598091972,-109.49747043600827,-172.5967507247735
444447322333,-34.73528110637757,-107.37496448256248,-175.88513270803546
444447322334,-31.802401412353195,-103.2053871774244,-172.9792999662916
444447322335,-31.107287526862976,-108.0728867595991,-170.5719327375648
444447322336,-33.455449269306385,-110.70084902391828,-179.33464057507865
444447322337,-31.230258375904704,-103.8651346875516,-176.4839358346496
4444473224,-21.82104119821649,-101.58852406808197,-170.82484263777025
4444473225,-22.035892997263744,-112.32890608710207,-173.82155333253797
4444473226,-25.985918757396377,-110.80814047495605,-180.32485259212953
44444732266,-23.446987030572195,-116.52614923670374,-190.4855489717633
444447322661,-35.05208187757467,-119.04510667960089,-187.87466618752043
444447322662,-32.94231933544735,-117.26112559108147,-198.316936977122
4444473226622,-22.02518139830643,-116.04255840246915,-191.06763142889153
44444732266221,-38.62515027156624,-118.29100066910617,-207.73882539211021
44444732266222,-39.7032375530879,-120.66518423569646,-203.95511856280515
44444732266223,-40.404321432379604,-121.73429659878487,-207.3748103026548
44444732266224,-34.26840890303815,-121.54615590878971,-204.30618025494402
44444732266225,-36.29858304676532,-115.74894445258614,-203.6599834714832
44444732266226,-29.28129137220765,-125.39082098955564,-210.4404826095504
444447322662266,-9.254971924384876,-118.05782742501962,-206.43940511515555
4444473226622661,-21.671437195264392,-137.442628935787,-214.77599648799978
4444473226622662,-26.220806713359387,-134.95546333294197,-218.52922509557405
44444732266226626,-14.16518239627586,-124.03465271688218,-219.1903639112754
444447322662266261,-27.527659602902474,-140.0170703899266,-223.123365788976
444447322662266262,-32.306759895167154,-135.95366432296538,-222.24588761581236
444447322662266263,-29.745919616530234,-136.3314563115202,-229.12967112708193
444447322662266264,-26.683202809972443,-137.82444769949362,-226.10087038525137
444447322662266265,-31.096089460255335,-133.39147575162167,-223.82033895515147
444447322662266266,-30.948659106248925,-138.21969737148638,-225.05581461815603
444447322662266267,-30.200544634057984,-138.5890882431019,-220.65239302912826
4444473226622663,-23.356737052371663,-130.71514209600963,-222.43061573957942
4444473226622664,-21.68590402851773,-133.21262094168313,-212.93761436498923
4444473226622665,-23.06736811550135,-139.24934679043932,-217.15206313470387
4444473226622666,-16.382445892670123,-131.21419140627995,-220.3454132936957
4444473226622667,-21.269278165144584,-133.19868285461015,-217.25816397026946
44444732266227,-33.4956345609042,-117.30174755407303,-207.18194966712971
444447322663,-32.08853504909208,-112.89614590089198,-183.15404805805832
444447322664,-32.00983248810375,-117.85971773653179,-188.41362807507073
444447322665,-31.107480098941725,-112.31567908014199,-189.94562561211166
444447322666,-23.937312285332474,-120.27003436554836,-194.62997574988557
4444473226666,-18.648832739740353,-119.83216696600122,-203.7998784460238
44444732266661,-19.987907368306395,-127.82690956572709,-197.769784567317
44444732266662,-20.84271718466472,-129.5598867494931,-207.5141237661776
44444732266663,-21.507799205562026,-125.07169613721423,-210.05178120791845
44444732266664,-18.64122753946074,-120.01235362859619,-203.27359502930295
44444732266665,-19.46771898992311,-125.56661946673279,-193.39758671412525
44444732266666,-15.053452425050045,-126.17232605360562,-196.33367027137604
44444732266667,-18.648746243700245,-120.02101043692318,-203.0080068169606
444447322667,-23.78417456842272,-116.51017165037983,-190.44451885534946
4444473227,-21.821129348290157,-101.42568176934039,-170.85921854593877
44444733,-15.96075291857145,-96.7330654665046,-135.34285619764464
44444734,-12.767295524545347,-100.68434868732993,-134.6301346401905
44444735,-16.23454946355151,-103.18972540402963,-134.61157518398718
444447355,-14.482312045852021,-104.61740704431874,-138.27319196752333
4444473551,-14.901922661759919,-105.24818867032239,-137.65178965307683
4444473552,-22.12332485821635,-109.01842377965261,-129.9800572599691
4444473553,-16.085689564192602,-113.69494057304878,-135.0298929354653
4444473554,-17.529212719542272,-114.18384855896244,-131.15588306326683
4444473555,-19.396522219233052,-115.8205304000396,-133.3576797884032
44444735553,-27.735109112071616,-107.7990255395662,-128.7092225110518
444447355531,-21.013782704704898,-119.975357125723,-128.43178217531687
444447355532,-24.709691489664262,-119.06717970888754,-135.6243026209028
444447355533,-18.735692726841947,-119.91353477569201,-135.41494901779043
444447355534,-19.225181172569158,-122.27419730231182,-131.13506354101602
444447355535,-24.428451596242574,-114.16623464584873,-130.96704669091145
444447355536,-25.547944080833943,-122.65274711344789,-131.98853572970705
4444473555366,-15.81789966338661,-113.05232157982941,-133.43452502697005
44444735553661,-27.937329124733296,-126.79875997066983,-133.81208095010268
44444735553662,-29.434772330404503,-123.00633761716506,-127.03263410546208
44444735553663,-31.965612061896916,-120.96475706983651,-130.07414964234488
44444735553664,-31.3269216190804,-125.8463702826931,-133.2681331563262
44444735553665,-26.642840581795465,-126.85039823416675,-129.5834893486758
44444735553666,-30.817298766012147,-126.09959883593932,-128.98713563247526
44444735553667,-32.01958382835625,-122.45990604336289,-133.71416096554856
444447355537,-21.822916621131682,-122.41228137834773,-135.13134917113416
4444473556,-15.757051518381486,-110.76733285367277,-129.83080722756634
4444473557,-20.957394790528184,-111.99842865780393,-136.0204105929149
44444736,-11.18618325596572,-100.40843890404722,-139.04230920850645
44444737,-16.497248403942113,-99.7745573736798,-138.85977351873774
4445,-35.42721500867277,-23.458281752041813,-32.083252516486674
4446,-3.336118411475381,-25.438829576582027,-33.557552348362925
44464,-17.825945703613424,-29.40549871113894,-27.9789385119055
444641,-7.676731704949874,-25.524363452128465,-42.21521761927167
4446416,-0.7655042640054878,-28.911984658427972,-36.848822112770726
44464161,-12.329849423010396,-23.64853672468525,-52.11865827038374
44464162,-15.078916145335008,-24.670668508964184,-46.77236997796817
44464163,-14.888029603529766,-22.03692774080942,-49.724296469255684
44464164,-8.767649128900159,-22.00195601183308,-50.70287645001254
44464165,-12.189550649983353,-26.926245300605032,-50.47516644093195
44464166,-12.337033736604438,-20.012204468774332,-47.50621182317295
44464167,-12.750670751175278,-22.59041170713297,-55.102612283408085
444641676,-15.419221251845206,-17.247541368386834,-51.58008684780078
4446416761,-18.7944559854955,-21.454658951866275,-61.354372005087086
4446416762,-16.13403984594723,-15.688631830696178,-65.34661226244985
44464167627,-12.629573441887414,-24.703282415355595,-53.45797321386548
444641676271,-19.624218963794057,-11.414023244000665,-64.22898540146676
444641676272,-18.737496194744892,-14.240819127888251,-70.09283469095665
444641676273,-13.027878975306798,-12.313319086570786,-67.31458608691094
444641676274,-17.844202497200477,-17.891963415929155,-68.63341122124294
444641676275,-19.802142890299756,-11.381449297052356,-67.9767373451161
444641676276,-16.173533213782544,-9.560426790239108,-66.1069961043178
444641676277,-15.888786231616155,-11.736764209756638,-69.7931773790768
4446416763,-14.18656415744441,-23.300579311815735,-62.79526652156933
4446416764,-16.719999906708715,-20.399998971053513,-66.33573263206223
4446416765,-15.870398737767964,-15.753966357073152,-61.42698202981071
4446416766,-11.08077584365198,-19.163979026695635,-62.767361006271436
4446416767,-15.30146341120265,-17.80103321702841,-53.51651295358564
444642,-0.03605540621380399,-22.32526769278056,-31.082212179314116
4446424,-0.2363454252781492,-21.74666476908123,-22.327503883160695
44464244,-0.5276007580779304,-20.341424747776788,-15.34342823570269
444642442,-0.48475751669931244,-21.49498680327743,-19.371962680922135
4446424421,-0.6505035776220587,-16.658820786229604,-1.00376831332885
4446424422,3.0805623787498204,-18.908602840195886,-6.7159087289605806
4446424423,1.3716658180053893,-14.727472741131185,-8.615699765071117
4446424425,-0.7910066453360411,-20.642586955061343,-5.161965666068941
4446424426,-2.144616028356863,-15.352999654574708,-6.211991788262382
4446424427,-4.237652470848427,-18.884613795284075,-7.838806377618723
444643,2.0036075577599903,-29.156650420173857,-30.250328929111852
4446433,6.96638632246785,-32.2425504140726,-24.541593319140755
44464331,10.512550040299296,-37.94397826187635,-27.497093518706507
44464332,7.0663115276651185,-32.233757960695925,-24.53624159390745
44464333,9.9448274460681,-36.41406947580632,-19.59542625827359
444643336,9.915573933820792,-34.90238871515307,-34.169619599853064
4446433361,11.503383354826072,-32.19290810099274,-14.987517121059946
4446433362,8.185070435668994,-34.12303867586169,-12.576278592535035
4446433363,5.766196378677069,-37.501029894955494,-14.985166856665593
4446433364,9.911178026809043,-37.00713508806572,-12.38192091253839
4446433365,6.642197136730186,-32.585888799981355,-15.32274646446809
4446433366,12.803959624444598,-36.412352917333884,-14.447831653010905
4446433367,9.332192839479005,-39.74379523761782,-15.153103695678041
44464334,14.942673900348705,-37.459088292972254,-21.971781498011804
444643343,9.236161009262293,-35.540825621406476,-37.18118754204061
4446433431,21.072766454023665,-37.39755099410305,-18.860085552978127
4446433432,15.32700984333269,-39.53354634219375,-17.438306700557057
4446433433,19.10848583128524,-40.6713224137246,-17.522306254409674
4446433434,17.393289058084193,-42.51559166216546,-19.74992958772446
4446433435,17.667034167228312,-35.985358125023986,-17.249587962689986
4446433436,19.34589411413093,-34.71522725275988,-20.982942887542368
44464335,7.183601066192044,-32.37204984283709,-24.345157793231504
44464336,12.55014626436765,-32.58409158428875,-28.801183316015752
444644,-8.583867840581329,-19.580696538393752,-28.388458228152956
4446441,-8.33047972532483,-13.642404031670493,-35.99518102717359
44464411,-12.967475264541463,-16.375764834721256,-21.060319899430908
44464412,-16.106496636642348,-16.715549654907324,-24.50320141475952
44464413,-14.477197132881397,-8.77577564657944,-22.191091754350698
444644131,-10.458427435165998,-16.79970695228101,-29.029321207601136
4446441311,-17.242553219412542,0.003336824985246692,-18.06391979576343
4446441312,-18.461074248166195,-4.97660664383162,-23.12606983670745
4446441313,-13.620767373793006,-4.667085469451252,-16.82064912585459
4446441314,-17.171417455026745,-7.930392561511547,-17.910768396226878
4446441315,-17.95370684595354,-2.094218220273241,-21.51942434716151
4446441316,-17.452919438420807,-4.106167091056125,-17.167847942372497
4446441317,-12.70363082190903,-2.402870713559225,-21.28635553717029
44464414,-13.367678768048627,-12.475284652391936,-21.699184144624393
44464415,-10.51590512800709,-14.131588546899408,-30.00131524891315
44464416,-15.425472695513893,-11.563752543456507,-25.49107164051878
44464417,-8.973743994882977,-13.843286925140887,-22.59079188085208
444645,-26.50874740296234,-23.468459250404557,-32.21591206738732
444646,-6.992754221582908,-20.92420804813819,-34.756074426170294
4446464,-11.550424076108248,-17.690843951876424,-35.384981326554175
44464644,-13.300941764004039,-11.542702339135996,-37.8603001766527
4447,1.0015472584101772,-30.22385967581869,-37.37922683316755
44474,7.033740612560624,-34.41651145126314,-30.51832191125193
444741,1.5714109390549298,-36.15551015966234,-42.643623984726304
4447413,-8.645302943360921,-30.00582469011981,-36.01519438625614
44474131,-3.708399503808618,-44.717309082673296,-44.45418307934272
44474132,0.38388150362647006,-42.444898729089395,-47.436770203065066
44474133,-1.5364768588103672,-43.753245528130776,-42.87886967349177
44474134,4.8377759372316955,-38.26281428832489,-47.16816702813795
44474135,2.6524601363389237,-43.11602705230883,-43.63358964990213
44474136,1.0473353369224963,-42.02700814123946,-39.87366449432886
44474137,-1.2943156739507746,-39.02871555631277,-46.4313865070919
444742,7.6760249437545465,-25.685039788024497,-42.13282273325288
4447422,0.49645613820324047,-29.003337771526354,-37.06180454469347
44474221,13.069669222340526,-22.802964874698056,-55.00182664667563
444742212,14.182314525751188,-16.754619514909947,-51.687424551220815
4447422121,14.366704962032427,-17.450732776665426,-53.62839218465265
4447422122,11.227912835585778,-19.19690832117475,-62.858148665862224
4447422123,16.901983925289812,-16.197740374117444,-61.38654974295521
4447422124,16.799333920726166,-20.467407954749156,-66.29630290245245
4447422125,14.299331918861482,-23.38005459001263,-62.76759544013098
4447422126,16.194430721121204,-15.727761468612885,-65.34048712155872
44474221261,12.438837216235962,-24.70597808787433,-53.43816973333383
444742212611,19.684063111853135,-11.296313955413298,-67.95034201147898
444742212612,16.076306653296623,-9.576273212767546,-66.11860942022777
444742212613,15.844223813852876,-11.83030412183033,-69.83578055752051
444742212614,17.78509333666126,-17.895737984129948,-68.62980755540022
444742212615,12.98027624544761,-12.328542728111767,-67.31827908181332
444742212616,18.795939826310356,-14.241157548443365,-70.02868778683404
444742212617,19.554829947660554,-11.413151225335692,-64.21746097213845
4447422127,18.856971439814828,-21.610009906357057,-61.13330053787531
44474222,12.513909655272121,-20.297977214159157,-47.022484829000106
44474223,11.798642126941102,-27.011763822842138,-50.423405916418744
44474224,8.80563811047769,-22.195729189975278,-50.841429409713776
44474225,13.643041225021078,-21.122569951689602,-50.20334114256461
44474226,15.178938866828918,-24.645206284553243,-46.95918745546329
44474227,13.47228617615991,-24.426654019779463,-51.69103007545497
444743,11.89263891521938,-36.12417507666252,-35.22723429866992
4447433,21.971172721567765,-40.288503364334915,-32.174366197832285
44474331,14.647798948049594,-39.67955262322262,-29.04685174033866
44474332,21.836833159614503,-39.96877869722803,-32.23576273621478
44474333,34.25803525413706,-44.381105372110284,-29.286208129411946
444743336,43.83697845786867,-43.26390878165916,-25.930483584256283
4447433361,56.13289781310387,-48.830285988471,-25.671051367792188
44474333613,47.086440828387445,-39.93537210894716,-34.83842616992367
444743336131,59.1614182460393,-47.42039473760498,-19.046367015870555
444743336132,59.50681587998057,-52.08747399707133,-25.09529147478563
444743336133,56.06369081246592,-48.68039865384289,-20.379991424449507
444743336134,62.24667942587703,-49.719054842053815,-23.129786396824066
444743336136,57.65314983862051,-52.02699080368226,-20.60686149420058
444743336137,60.83577059778577,-51.725193334165816,-20.850040954608364
4447433362,53.13855558070241,-44.82332332196235,-31.761746824601893
444743336264,50.47914874291816,-46.95308490911618,-35.24967351677454
4447433363,48.4472769401848,-53.684890536754835,-25.379764153890992
44474333633,52.24861110986651,-42.54670810183803,-33.37413196132362
444743336331,48.91491039501121,-57.838238431636654,-21.116738071976034
444743336332,42.658461425106225,-53.768732241654185,-21.781828416403066
444743336333,43.11866782504578,-56.937993590606354,-25.117576404084254
444743336334,44.823373423066755,-55.86512059181149,-19.21978768894177
444743336335,44.80072269090839,-58.80076028816887,-21.911212843804503
444743336336,47.31150738553247,-58.714353660890886,-25.222622465699295
444743336337,48.057165449057756,-53.98275698077755,-19.338324841439352
4447433364,50.49317853074683,-50.94672262226972,-32.58994139805997
44474333646,50.8755110049635,-42.092275918985294,-22.861938847774816
444743336461,46.8232560428124,-51.995594838913426,-37.61218758032554
444743336463,48.682161685917194,-55.927670729105586,-31.716198491381807
444743336464,48.57211791387756,-56.06235464238781,-35.89139313461764
444743336465,51.24736144213837,-52.92111050117747,-37.71700850084471
444743336466,52.10094107249335,-55.57948553498908,-34.33142178331881
444743336467,44.98187498400357,-53.60030186565124,-34.04552806241705
4447433365,44.537623018006485,-43.9544402432477,-26.228389591009886
4447433366,52.63821174382286,-57.42819324957958,-25.144662439981246
44474333664,53.056037659871166,-65.14909464406746,-20.640139762358487
444743336644,55.37972687428082,-75.35506970514395,-16.089771448761628
4447433367,50.05521714322601,-49.86171960491444,-26.07017405204687
44474334,20.856476588378154,-41.10858220139111,-24.57003907781608
4447433436,21.938560994567744,-41.11305559849747,-22.204346277294423
44474335,21.866663016167177,-40.41250580251151,-32.06912181268449
44474336,15.189038360549262,-37.11858408031688,-28.224291136755816
44474337,22.001693843755714,-40.01566356496599,-31.988716240182576
444744,5.650104123924667,-33.229026495129375,-44.00781957272498
4447443,-4.275565834254452,-39.31898667329834,-37.09695137840316
44474432,9.135015996037993,-36.9940322124705,-53.856731341863835
444744323,8.633720397949219,-37.374229431152344,-53.613319396972656
4447443231,10.033361434936523,-37.67357635498047,-55.1717414855957
4447443232,7.908661842346191,-38.76176834106445,-54.89140701293945
4447443233,7.270328998565674,-36.90940475463867,-54.98411178588867
4447443234,9.636272430419922,-35.77864456176758,-54.26671600341797
4447443235,8.789754867553711,-36.828346252441406,-55.626617431640625
4447443236,10.599884033203125,-37.61027526855469,-53.395145416259766
4447443237,9.501568794250488,-39.1099967956543,-54.2119026184082
44474433,10.377650064345826,-37.36386373335539,-47.03740405596386
44474434,5.599280853990213,-35.67966345590004,-51.70312866756256
44474435,9.71662682241064,-33.88708218163989,-48.77911453220435
44474436,6.967058742397438,-38.96604124624575,-50.32969987481469
44474437,6.463946865280099,-32.013001798216585,-48.76590809947656
444745,-3.3158430845574864,-36.009874255232155,-33.744462289004396
4447455,-8.597711479797518,-40.62558232872297,-34.89074402428282
44474551,-14.718147837703372,-39.733312621408295,-29.04253886472168
44474552,-10.963414330381898,-37.88062197797948,-27.08446908265488
44474553,-6.183081316344215,-40.563934739160445,-26.35372090334349
44474554,-8.399572023308444,-40.73958431758941,-34.76184313362729
44474555,-9.703188804607672,-45.81827476365401,-26.402812733727078
444745553,-7.999103783683557,-32.76048813571367,-33.36534496252272
4447455531,-10.226582842867877,-51.49463933268822,-22.37427180004833
4447455532,-10.954838888280861,-48.18790876075114,-22.012186001688764
4447455533,-13.029057050126173,-51.87574332342666,-24.994199639692898
4447455534,-6.4893151182304845,-50.05055998245484,-23.742863530464952
4447455535,-8.185593638008518,-51.56751261072971,-28.56668788214636
4447455536,-9.053205654117034,-53.1849736137231,-25.67390786013681
4447455537,-13.368383697722813,-50.365338247471705,-27.905100099187226
44474556,-12.269983374104555,-41.915103938780625,-27.642645351188385
44474557,-8.499057777462383,-40.681851151939135,-34.398065949039676
444746,-2.1119831068589483,-26.96341513719704,-37.81969242890531
4447464,-5.063945633212124,-21.295393897091696,-38.32921274350021
44474644,-8.509425744362295,-16.312268310207685,-39.11654496678196
444746442,-3.5863068297980134,-15.782437290004504,-43.27255357192472
4447464421,-9.10999067752771,-9.07589254268142,-44.251627828918785
4447464422,-12.777138599907596,-12.34947144347832,-43.98940311737656
4447464423,-9.898396583892065,-5.985369817983795,-45.128697779467444
4447464425,-4.00484292046475,-15.467840411292224,-43.16132193910519
4447464426,-13.706488775209724,-9.773125655798742,-38.932321414782876
4447464427,-7.993508239572825,-8.462731404034294,-39.06176592651249
444747,7.105737134917646,-41.054276066687066,-41.16410906123983
4447475,2.2649603584910314,-43.69281502377861,-44.453701490068184
44474751,3.177320167985837,-44.308267652965505,-44.35906728238295
44474752,9.15562708043137,-52.96667012506346,-48.8434698704164
444747525,6.010591987774397,-41.3139495535809,-40.02750926394905
4447475251,10.022640934257108,-59.11312833418585,-52.09234779886012
4447475252,12.348501026819665,-55.43993516468728,-53.53831495313896
4447475254,5.709165310590674,-57.59903506435032,-51.39621470813147
4447475255,6.830354048008467,-54.23731668007523,-53.88082103657545
4447475256,8.625878535859702,-59.615338198961126,-48.898131737744954
4447475257,9.310354400697124,-56.12383532340019,-54.74441665731401
44474753,13.212494134364409,-52.251822802351754,-45.80957411018461
444747535,4.78062864257475,-41.635610872808385,-41.72472253251724
4447475351,18.112698079622824,-53.07556540295218,-47.59279972161571
4447475352,13.316882613608056,-56.58254928724458,-51.017314234807564
4447475353,16.567853175526913,-57.89366906132218,-45.45101558626362
4447475354,16.58487269350341,-54.04767900883025,-50.635755574646915
4447475355,15.85428861841732,-57.828967724007946,-49.24257260270633
4447475356,13.493336324290958,-59.05971728191256,-45.357796215273204
4447475357,17.120262070634666,-54.408530457192725,-43.848551613704664
44474754,8.288725527516423,-51.302343634924554,-40.746351527186874
44474755,11.225869515162794,-47.46410638117032,-47.983097339284136
44474756,9.164817900271222,-54.81076447402959,-43.94668741773982
444747565,6.38036778619033,-41.651013435759296,-43.02937970551908
4447475651,6.644798616137783,-59.108081846756654,-41.73668968267997
4447475654,6.333423680601154,-60.582417937470105,-45.94278226569208
4447475655,11.01847607606916,-61.27285992787246,-46.36427904988053
4447475656,9.363285405722333,-61.65699002174633,-43.082132766414546
4447475657,11.621961186546018,-59.19363831151147,-41.200677420206006
44474757,11.995511493648921,-49.18626275390392,-41.36159405194226
45,-47.15108934008467,21.10594201289637,26.02188379512406
452,-91.11972625629392,20.070717893978177,19.59753023126599
4521,-127.18888066430988,44.574020368135855,41.99153171223526
45212,-155.24404117765948,71.8131806901728,58.76016468441226
452121,-161.47824456677984,72.35255591113578,65.43457668445443
4521212,-161.20597837285723,72.48755204229266,65.01661375177235
45212122,-163.64329696544812,69.13974760732262,70.70296448802908
452122,-184.44795557213766,76.82835977084034,70.29390984069803
4521224,-201.83740007964917,80.40430581372775,77.54258244857027
45212241,-225.2049102248305,85.4963025583372,81.76497904616114
452122414,-241.315666863844,89.81787263458222,85.81013225546205
4521224144,-259.85137392370785,94.88270844302635,90.37997922564898
45212242,-209.39435276342223,78.34941372564515,80.9119627282901
45212243,-209.66874883881053,77.58248708170721,76.1008050528619
45212244,-217.10828566215966,78.88006583860782,81.7180427319825
452122441,-221.72254298081424,76.58516401301674,87.77607456162045
4521224411,-221.47046519259945,76.22971781600079,87.56936749130556
4521224412,-221.8141343018373,76.54310021100041,87.90144990771272
4521224414,-228.36084956018144,74.33393557425842,92.3406223176873
45212244142,-233.89095655135134,75.18884255908958,94.03934179966292
452122441421,-233.4570933248163,74.99160722892573,94.07161910626989
452122441422,-233.73085207305368,75.15318418070962,94.14962231278274
452122441424,-235.03485556867943,69.85692727707367,100.99251381268107
4521224414244,-239.6695118311039,74.88548032680525,97.54187986966042
45212244142441,-242.66834306473828,70.81625704848987,103.81774930506467
45212244142442,-239.65303563123996,74.66601724421037,97.78262718736198
45212244142445,-238.29128953010692,67.54741022104285,104.96473276819206
45212244142446,-238.6793234208452,72.82347627292908,107.0695800073868
45212244142447,-242.09102004094987,66.07955668195667,101.00892964805605
452122441425,-230.39714701125035,69.96906631574817,98.57204285645126
452122441426,-234.27374483667086,74.8074915617152,102.93263094826061
452122441427,-237.82930159323976,67.75965665641988,96.70385087253385
4521224415,-228.6961552258536,76.04753294081885,87.88933772227469
45212244155,-222.36797954816873,81.54191233896569,78.63779154917762
452122441551,-232.92389359919667,73.03803983742083,88.72596272306218
452122441552,-229.10362780755938,72.3408180320256,88.37126265298963
452122441554,-233.47786555378153,77.57086713260699,90.09997976877176
452122441555,-233.7499651607569,74.445027002932,85.55343346425578
452122441556,-229.85371921258465,79.14104819357054,90.75587437960345
452122441557,-234.53543750342604,78.59063181581907,83.88391324236714
4521224416,-221.55638700330883,76.56256270013691,87.84735327303699
4521224417,-227.8383042731035,79.08938583794915,81.90025826087633
45212245,-212.24582221851173,81.83539632382605,79.13768452260912
452122454,-209.25693359071752,83.50498326529853,83.81457069853244
4521224544,-209.30361787687286,83.47498184660607,83.73213564690643
45212246,-202.30545454660492,80.35500034988264,77.56573956837934
45212247,-213.10052399347026,80.33937309857187,75.03186702037114
452122474,-212.95669876378923,80.47055465155384,75.14666175971614
4521224744,-212.79531680886072,80.37329722445958,75.14257142119597
45212247441,-210.0686952615889,80.41683755070954,77.25532097846964
452122474411,-219.69081275570727,83.52188725203042,69.32866097767416
452122474412,-221.23998174067054,80.06525819826919,72.03880763040985
452122474414,-218.65698054056867,79.79414952698721,67.09865685638337
452122474415,-214.73891728864515,78.28972848688882,67.7778080215824
452122474416,-218.4959962647771,76.19656213621492,71.6571342092556
452122474417,-216.38808096761892,84.95703052685997,70.9805655653076
452123,-155.39713022566707,71.89476168833228,58.881620678131824
452124,-162.89553199234862,82.51494748336654,65.13169625300374
4521242,-165.13433466882387,92.00778324807244,67.25941682099027
45212422,-168.19971355613927,101.09695161347352,69.2907260669921
452124224,-169.56873185795874,108.39169258337107,73.23006004463952
4521242241,-169.5746153386695,108.26422942267051,73.39440789315768
4521242242,-171.45039079990354,116.49914705988432,69.18618175446422
4521242243,-169.4147835947315,108.63211124522344,73.09217961024424
4521242244,-175.7873279711063,113.72457777817709,70.56980240321785
4521242245,-169.53324795467026,108.19955832456277,72.9769127771404
4521242246,-167.22870180832342,113.39223714291072,82.93021114547786
4521242247,-176.4943063121105,116.4730880087349,66.88477825744626
452125,-165.44418134467261,73.53151806222385,60.6167121865066
4521252,-170.10297253149758,73.10779554507693,56.385367860222544
45212522,-177.00251417738042,70.9740337862189,55.22797379415912
452125225,-173.26125969180745,79.2120020843019,48.56206941841368
4521252251,-185.77373717198185,67.3679820005264,51.75985844117426
4521252252,-186.05417391934606,70.96306002816773,49.618580345028036
4521252253,-183.02346454748772,70.90632094717664,55.88897429316386
4521252254,-177.33245118997013,75.69766221591605,50.07585000680349
4521252255,-186.05313911070326,75.57067295744582,46.56208065913135
4521252256,-186.38076305372053,70.37714435689303,54.68013529378618
4521252257,-181.74966133715878,66.98734365424737,51.321995260712164
452126,-152.46449053777692,78.20744882126561,75.88564371193867
452127,-167.81108523906275,85.8735975832661,60.90575251386064
4521272,-175.3199974170479,98.36012790601832,58.89502395814123
45212722,-182.9811048272765,110.70430738272735,57.30047759857758
452127225,-188.4785715996149,117.86391931529872,57.14944040239076
4521272251,-191.60110198678998,128.84702800272586,59.209348780930064
4521272252,-190.48045324262316,124.52391588585341,51.80410528525261
45212722525,-194.10434672913766,129.5948192540052,59.39069159303223
452127225251,-193.51346364437723,120.75504890829332,47.0744322880372
452127225252,-189.10609498932877,124.49486119240494,46.77515128094303
452127225253,-190.23355048177913,128.5980786730766,47.860154291569046
452127225254,-192.23402374822274,123.77577176045541,44.631855432541926
452127225255,-194.3301379137209,128.58817653813352,42.93304096856517
4521272253,-188.61899432841932,118.4946508155488,57.06463317024687
4521272254,-182.48627603771902,121.10407365258362,62.65990383286553
4521272255,-196.9027537317591,133.60016096954362,55.292437930487324
45212722554,-196.4664461789638,132.8209867759599,55.23037646165072
452127225541,-200.43204098247276,144.75500936168424,56.009543912491424
452127225542,-204.62816217706617,143.57494715506814,51.03145671307305
452127225544,-207.6403840935134,149.8747486778416,54.18195634546521
4521272255444,-210.89613903944823,154.54347216652047,51.95269035042869
45212722554441,-210.72871450592143,154.75369557738713,52.23004148475182
45212722554442,-210.86473943344603,154.54507811713464,52.166517405010595
45212722554444,-212.6327373554156,159.2042129770816,57.17005571145658
45212722554445,-215.0936099377026,159.44292105872861,49.803993372094126
45212722554446,-216.57186001150592,162.73873708574672,55.30307857487841
4521272255444647,-219.23390574195471,166.5567982382159,56.27658852674732
452127225544464771,-221.6203550896522,169.5768632072998,52.33233548098636
452127225544464772,-219.77597829873673,168.34687608324617,54.8061946114914
45212722554447,-215.73253106780876,163.0064546997931,52.800560060021006
452127225544474,-217.63181843270291,164.36184334433142,47.12781580288854
4521272255444741,-219.7473301853939,170.2631491166743,49.499002155125865
45212722554447417,-218.95507053970928,173.39089424186182,42.95480206235757
452127225544474171,-222.71719546149376,177.92774537962933,46.612667730562386
4521272255444741711,-220.8097257252751,168.53944795474956,50.63960869541085
45212722554447417111,-225.98249783835234,181.0662357659036,41.91864972968029
45212722554447417112,-222.27302306696498,183.99557799507636,41.74720558963959
45212722554447417114,-224.7265355146887,183.3336535539928,45.55663023360697
45212722554447417115,-218.77505636324628,181.55904799417783,41.421968746326634
45212722554447417116,-220.16401496373172,183.6649425509372,45.6294241817921
45212722554447417117,-223.21142436458516,179.98174435786626,39.615223321228484
452127225544474172,-220.9522335835398,176.9932703353543,50.20014464295218
452127225544474174,-226.1636223613291,171.12473682806746,49.10739271536716
452127225544474175,-218.85912707754858,173.5796828282163,43.05941558634554
452127225544474177,-219.1032034116646,173.4747744413465,43.32186125635375
4521272255444742,-217.38409869960807,172.27062040649338,51.14211953893619
45212722554447427,-219.6723153779711,167.62725044069964,55.092217221678965
452127225544474272,-219.72849979573374,178.73462508694718,51.389880432118545
452127225544474274,-226.3381255098728,173.31236872446829,50.289437769055155
452127225544474275,-218.99968341038678,176.94899131277228,54.82588463405168
452127225544474277,-223.9167501566822,177.21829925015217,53.697079740470045
4521272255444744,-225.01840252250093,169.56606721385108,50.28906179025751
4521272255444745,-217.68136393601728,164.4902204552533,47.36475615546586
4521272255444747,-217.87730456813622,164.62022970241668,47.073383606502254
452127225545,-206.2216030996462,145.4985724979038,54.67529585196896
452127225546,-202.57661597736774,147.02532083683374,54.62478674446879
452127225547,-206.1909876274777,142.38083309068998,56.986889431813225
4521272256,-193.61983355611827,125.05535209014373,54.879538558358085
45212722565,-201.38634884122752,121.78985718470601,59.22015708756499
452127225651,-198.49639385889134,127.56256341104536,55.43943696216593
452127225652,-195.6086033461601,123.10598968377046,48.95561328800055
452127225653,-200.98483182810585,122.12613217139204,58.391233777409035
452127225654,-196.60931293161633,120.61528762222214,53.946341662147624
452127225655,-204.90466157539603,125.40526904656252,53.16422571218552
452127225656,-199.6134902642422,121.68946011844882,49.82218133379431
452127225657,-197.42081181329553,128.33816808262696,50.15937863843874
4521272257,-195.15391608947547,128.1496410943904,52.66027295578991
452127225752,-196.68086883183128,128.15848552504534,47.9750452145889
4522,-104.89151785322757,15.20134233576429,3.494594530719611
45221,-114.73649987469592,14.741506553950515,-14.81487389182976
452213,-125.53635256688287,15.177185307002686,-34.88506960357732
4523,-107.4914827886559,12.096615460736027,-1.4449410654298673
45233,-112.18380492519117,11.33551570766396,-29.133449841994103
452331,-120.85203300077603,6.625693710517747,-25.25007661080008
4523314,-121.27413321116252,14.366280367384025,-27.253552848246947
45233141,-114.39645636155858,3.362341787745338,-25.59012254307021
45233142,-120.44432808660987,-0.4548645743443441,-21.504081541382817
45233143,-119.59247902032764,2.1529819343216787,-28.653773377793478
45233144,-116.32231945141321,-0.100510196939044,-22.400873965798134
45233145,-118.12522131719399,-0.8229744805714413,-26.160075677916023
45233147,-123.45004031413154,1.2672322934772837,-24.768192477460925
452332,-128.2561583920073,12.269378583992175,-39.454057663463274
4523321,-138.83210791524877,3.3750619780775257,-42.96645610002315
45233211,-136.5659441304715,16.795803291867298,-54.482248239035805
452332113,-136.11697202455298,20.779625928794417,-64.65694926035792
4523321131,-134.0236263161037,24.115260381636325,-57.07817461047006
4523321132,-139.0360249112286,27.107360675721775,-58.94779520227554
4523321133,-136.12889789641568,20.746450786314774,-64.11981988419652
4523321134,-132.22571171983793,13.875253729704184,-62.952702837412794
45233212,-148.10797607758485,18.646886996511228,-66.53135271795722
452332122,-147.91557540319258,29.21115370287677,-72.864356675191
4523321221,-161.21657295055797,24.26491058917058,-82.0647077355568
45233212215,-164.22415275432493,21.871603600638295,-88.18051205213081
452332122151,-168.65177772901075,27.271640813643096,-89.78142847441454
452332122152,-174.30035585496142,25.45405977688401,-83.48166238747275
452332122154,-165.20120721202116,27.3734660386536,-83.78672890287241
452332122155,-164.25907254391723,22.04547853642735,-87.79310930448725
452332122156,-163.95195268562742,21.86795653241248,-88.02339683672834
4523321222,-164.2973782191631,23.65882493633506,-81.74803237504433
45233212225,-155.39263804538953,16.04706657824584,-79.35969447981428
452332122252,-172.14515159086972,27.171671205871675,-80.97950550579239
452332122254,-167.1553022841132,14.969276268941,-86.90239139199976
452332122255,-172.78636410454013,20.299142212952958,-81.90622612588176
452332122256,-171.35966576652774,20.217163556179806,-85.29587630980257
4523321223,-161.32947392028936,18.765153570167772,-80.95899493634879
4523321224,-155.66568097293057,19.792933936403227,-84.73718207077214
4523321225,-158.11662593243892,27.807703714296224,-89.6443537975977
45233212255,-165.20063976576765,32.80035080812189,-96.20243010924776
452332122551,-153.6661279386271,34.61452198223847,-97.39015307711672
452332122552,-164.1391247117343,32.812891432874714,-96.55625220781187
452332122553,-157.14958930576302,36.7225168065223,-98.46930666918541
452332122554,-153.39404786674947,28.4965729602049,-98.71258574051899
452332122555,-158.12938572774846,37.460329210445884,-106.8236061391615
4523321225553,-162.6253957278773,42.70465393955378,-111.38444508927984
45233212255531,-158.41003377705547,46.7905455680106,-118.63287809917556
45233212255532,-163.6599585809409,46.604337564749635,-118.17593949269164
45233212255533,-163.48516106024212,49.214839326269164,-125.0355266059934
45233212255534,-156.33240763614472,36.849798159645566,-112.08337659582838
45233212255535,-160.0370843512851,40.32512943752242,-118.76249409415772
45233212255536,-162.60960152001633,42.80788385072288,-111.5531696751679
45233212255537,-162.67868200181957,42.92884390877464,-111.78466448595653
452332122556,-155.02755782187432,34.30395606370816,-101.9569793009965
452332122557,-157.84478699048756,30.703749828685574,-102.3603248287572
4523321226,-162.2212569472089,34.3876936047252,-78.672997992485
45233212263,-165.89199886290982,41.681977422208426,-82.66843424685003
452332122631,-162.16932431439557,49.2384849947257,-78.45300053867092
452332122632,-162.5240569225173,48.336168116310965,-74.14623693629977
452332122633,-166.91260174078937,53.70179799996587,-78.88284701236988
4523321226331,-167.18546588144613,52.649650057019734,-85.43577429678702
45233212263311,-172.9046797651646,65.43697129876756,-85.3400357781383
452332122633114,-170.6298164855524,60.350296454667586,-83.6749235250881
4523321226331142,-176.12619174486332,74.19772603015055,-86.24300566523262
4523321226331143,-174.09517566699847,71.21528276813845,-91.8510901813026
4523321226331144,-176.67082760440164,73.6742555254146,-89.32532415301534
45233212263311445,-178.2811551195551,76.59295028211089,-89.80366894115916
452332122633114456,-179.54019036552575,79.22817266329784,-91.41202166087132
4523321226331144566,-178.06579277042553,76.3884851291047,-90.53935845057221
45233212263311445662,-182.2466241798521,83.04028878537171,-96.96124380898804
45233212263311445663,-184.17855339732526,88.41285307809468,-94.73971387847452
45233212263311445664,-183.8467937144731,83.73401861663964,-89.0579883375897
45233212263311445665,-178.47013014038546,85.83550442186431,-94.4121295493699
45233212263311445666,-181.1922960554448,87.26107217718163,-90.45331175660004
45233212263311445667,-186.03640628112353,83.31021008111932,-93.48493164397293
4523321226331145,-172.46474350351562,73.77698970120704,-88.43509068875802
4523321226331146,-178.28204443788803,71.4068450091944,-85.43138582705312
4523321226331147,-178.39843420068954,70.5226267212426,-90.48404323462039
45233212263312,-167.94063008186887,63.90115468782282,-82.48193862563068
45233212263313,-173.0139361074026,59.68500896373155,-86.12598792344477
45233212263314,-172.45239806745235,61.658420088286505,-78.69893315094897
45233212263315,-172.09172193531637,63.68577455255731,-83.49892644152172
45233212263316,-168.71029562556902,63.48327519129892,-87.22077613260188
45233212263317,-167.5913469105418,53.72437800792441,-85.09783673356151
452332122634,-169.534387520562,52.37621219513189,-75.56473268134685
452332122635,-165.76992781042054,42.03882353824045,-82.1959999344714
452332122636,-160.60869992178763,44.630132480813444,-73.39457763946581
4523321226363,-156.64981432846574,41.57517514386764,-70.49172990983305
452332122637,-167.32332795208632,46.436202314081804,-74.6528985552197
4523321227,-161.57141043816935,23.76550345646701,-77.90097409169056
45233212275,-164.25367553902285,12.944786694367144,-90.97946714129893
452332122751,-165.9089776672206,24.797440986521384,-78.63493180656096
452332122752,-173.02649268541623,25.6252399102848,-76.53184298288551
452332122754,-164.2848705591604,23.057941729529258,-73.29784365391559
452332122755,-164.96795269704663,26.26931827351866,-75.90589295189058
452332122756,-167.70693460474206,22.0506268376119,-74.08526251391245
452332122757,-162.1042852850419,20.768200641678945,-74.7402691311054
45233213,-147.75061427512028,8.693161022340881,-61.46860826221093
452332135,-159.00123616184598,6.93681885623298,-67.34693121191009
4523321351,-162.1905002772255,-2.7083104048777913,-67.73415079104814
4523321352,-162.21982089056564,7.957320602567673,-74.76750692065139
45233213522,-167.2617991288419,10.099361320306869,-79.00486986461613
452332135221,-165.65527324571676,18.061874299482195,-82.26948371204686
452332135222,-173.34386465026338,17.287106379592732,-79.81082061766497
4523321352223,-158.00459894159613,20.867546995037575,-84.44916736669093
45233213522231,-177.55405109739763,16.723127473576724,-80.44053240252235
45233213522232,-176.71767655127383,12.889363479666402,-81.34669443864455
45233213522233,-173.4565895346404,11.571589438660359,-75.6535983171114
45233213522234,-175.6358477292689,16.9359864573365,-74.9046376104319
45233213522235,-176.57405808199857,13.278589048034661,-74.72940385438478
45233213522236,-176.49746518414392,10.925278673655935,-78.2457518848311
45233213522237,-178.6314314992972,15.249537626040617,-77.38172323018509
452332135223,-175.3113109351293,9.782190597501597,-86.49157049887995
452332135224,-163.17015721080858,12.026899742008318,-84.11181397829708
452332135225,-167.22225351182783,10.266736826593021,-78.95832607320635
452332135226,-167.53004629781714,10.338162831862492,-79.01539842808185
452332135227,-165.04359938486635,18.648440713027693,-76.91658902706696
4523321353,-176.1843500710755,-0.2511805132527229,-81.78143955441098
45233213533,-194.64091040654077,0.535951230538106,-91.83320076630787
452332135331,-200.55745604566428,-2.121333706578306,-102.43115476549168
4523321353315,-216.02104541879538,-2.0443983174882225,-109.18731930501059
45233213533151,-206.16434054377535,-5.8108061891400755,-109.7328770195781
45233213533152,-215.36763497216128,-2.162764142763466,-109.20483579957867
45233213533153,-208.9331399338449,-4.3170914870847605,-109.43675741907052
45233213533154,-207.48007543114116,-0.056122603128923046,-111.03051217528488
45233213533155,-219.3899223248453,-4.028059336907097,-114.23007683828143
452332135331555,-224.11731071642848,-1.6509556918086594,-120.46098809374266
4523321353315551,-234.99803363163159,-3.303597159093315,-129.67764360860244
4523321353315552,-234.55324437655023,1.333585308501348,-120.88487184487803
452332135331555223,-236.58896342576256,4.861520531717607,-119.34381867998486
4523321353315553,-237.66224256320697,-5.335431686630504,-124.44873742425294
4523321353315554,-229.80373770127525,-9.616752187422586,-122.54638784260405
4523321353315555,-236.00026380520808,-5.23533859098246,-126.67446687246373
4523321353315556,-224.4779561067516,-1.8255162193245882,-120.48964748099954
45233213533156,-205.4291538542004,-0.26525649630389597,-107.59170055072306
452332135332,-187.55694238010904,1.694398242842381,-92.98487452462152
4523321353322,-171.01113870621893,13.933539149189645,-81.55548383718428
45233213533221,-185.92028189638935,5.859949229660362,-87.20293829483455
45233213533222,-189.09543218965314,7.643584906357754,-90.43856707748094
452332135332225,-177.48732295595354,6.757120750346277,-86.97493197150193
4523321353322251,-194.53209091724352,8.193748075254424,-93.46156303109842
4523321353322252,-195.5175262434197,10.271925303476532,-90.43124656142894
4523321353322253,-191.92713217232216,13.795571783021652,-90.74812263085954
4523321353322254,-194.07466379499758,6.274672884836072,-88.400740563349
4523321353322255,-197.62112390193772,12.257624969570129,-90.21033614860734
4523321353322256,-191.20629910086532,9.834097896138266,-94.28506507690535
4523321353322257,-193.30305944397458,10.821266772039467,-86.31355558534298
45233213533223,-185.39824325382554,3.299298635794334,-91.88883191516676
45233213533224,-180.71318204987702,2.2046669890845982,-92.30378637913736
45233213533225,-184.22053615383075,2.1010802763307947,-87.71570352678098
45233213533226,-183.21424398041958,6.29529611295442,-94.00628082572904
45233213533227,-183.85007559680776,8.653625161947351,-90.63016973023562
452332135333,-203.4765479773926,-1.31817264255306,-99.20634589364437
4523321353335,-208.83060755671391,-4.375446593132515,-109.60238877427643
45233213533352,-215.93275394537176,1.5531494835888846,-104.88332620054052
45233213533354,-214.15973669854378,1.1436539333897047,-100.97442468294884
45233213533355,-221.92860029816842,-3.9493838638172063,-109.46182922975478
452332135333555,-226.20463911841583,-3.864985577433058,-116.1094819342184
4523321353335552,-235.724187717008,-1.5563947743228745,-115.9972780620247
45233213533355522,-228.7807708038266,-10.070682333836118,-119.68235833401364
452332135333555222,-236.81831386019056,5.386593638067245,-112.52834024111131
452332135333555224,-239.33723088091975,4.5061649966684,-114.58857888640178
452332135333555225,-238.0221205213834,2.0993086229255145,-110.91905195576773
452332135333555226,-240.05162956162562,0.8971330294073252,-114.75567964043361
4523321353335554,-234.8875356745412,-10.85491634248247,-119.02146977589491
45233213533355544,-223.95005093370776,-11.190536592235986,-116.32245462850642
452332135333555442,-231.29061327253422,-21.684548808461113,-123.67577044380957
452332135333555444,-234.59197722388785,-18.492560168001724,-122.82542570227291
452332135333555445,-238.44823686015602,-15.122721791000084,-125.28970205416208
452332135333555446,-237.0648187220152,-16.558754055067535,-120.24327421581812
4523321353335555,-238.93466534262814,-7.2528710881150635,-121.3536960809733
4523321353335556,-226.73757006222183,-4.043335286918605,-116.10691448370706
45233213533356,-217.3021995945612,-3.01041574067607,-102.32934396197773
452332135334,-187.47116959908115,-3.25448248582764,-96.41786510381304
452332135335,-194.50532366447686,0.2517765799969093,-92.3258638228822
452332135336,-194.08686417842935,-4.45124422460382,-97.45527615978875
452332135337,-200.82528159701837,-4.221146750766743,-98.91847411132318
4523321353375,-206.32557622688682,-0.9138238640289229,-100.1410325160601
45233213533751,-207.68950208363904,-5.56149222446196,-106.21367881374114
45233213533752,-212.18991853290134,-5.249836222470651,-99.13996786959943
45233213533753,-214.80162115912194,-3.806495358047817,-101.87725333788521
45233213533754,-208.16577001834904,-9.155478412796286,-103.86558598119538
45233213533755,-218.68838628036877,-6.8105850288282515,-106.72173634640116
452332135337555,-224.13908009484527,-6.009149108792641,-109.06525293508572
4523321353375551,-232.64037776096265,-9.373063802618388,-113.14736714621372
4523321353375552,-230.02795304243676,-0.5108473415644331,-110.50481771466515
45233213533755522,-231.21690701131874,-13.861779090660663,-120.41965091497605
452332135337555221,-233.4326404127393,5.672063023648515,-118.30104500395832
452332135337555222,-232.73678522427903,5.131847496713283,-109.45388392313073
452332135337555223,-233.87356475015042,5.107322371023311,-112.32189368121078
452332135337555224,-227.93181848344184,5.6799281506934545,-111.12133650781783
452332135337555225,-231.22823816383527,7.427092692864746,-112.67023094974499
452332135337555226,-228.17214488108522,5.799819429772836,-114.95482983545297
452332135337555227,-229.26915758162713,3.3247130563959884,-109.05443049331495
4523321353375553,-236.27711181753006,-10.476256329124844,-110.48681712048993
4523321353375554,-227.9471480778434,-13.939799886099317,-112.88975533819497
45233213533755544,-231.36464703717274,-4.745598275489749,-113.23294307238751
452332135337555442,-227.30827513809967,-23.884124568348394,-118.7333827388291
452332135337555443,-236.82365678230863,-19.537744375983014,-114.38926651128104
452332135337555444,-227.9187049079807,-21.413000404026008,-116.4562113847931
452332135337555445,-231.8801246590646,-19.942406531778076,-109.6119744397413
452332135337555446,-225.17635690644676,-19.490942605126698,-115.54021947572346
452332135337555447,-231.2699964404073,-21.704733336427594,-115.3004557645436
4523321353375555,-232.2930290101058,-11.044149921508314,-105.83837407389551
4523321353375556,-224.36570665671775,-6.020966472554631,-109.01029965135062
4523321353375557,-224.22613415403757,-6.1224327043167905,-109.07152350935662
45233213533756,-212.38084119196967,-9.123154324824432,-101.74964664394483
45233213533757,-206.67383837064185,-1.4404055539763894,-100.35519409242713
4523321354,-155.56481947425038,-1.565544717962998,-73.89771294434577
4523321355,-156.75274306430262,-0.31164386951865464,-69.18921018360412
4523321356,-158.98075128693176,6.430761611710142,-67.50593394565328
4523321357,-164.10177406570082,-1.4885463713073672,-66.73409161765271
45233213573,-164.35355608212632,6.856054284852753,-70.29830920732148
452332135731,-164.02479821031108,-4.386360989949617,-65.87164441895068
452332135732,-170.80772875819892,-5.672840930081408,-61.92204477619087
452332135733,-168.56659590587805,-3.046207349087306,-60.216505724453334
452332135734,-169.33794738046146,-7.725421793338731,-65.7315048506626
452332135735,-171.7037236276649,-0.6625071738961712,-64.27747624884118
452332135736,-174.68369690160378,-6.656018770156788,-62.46882120345761
4523321357362,-165.2485868709412,-1.043419213185026,-66.90343716606989
45233213573621,-178.92813156731586,-10.783691809316949,-58.43648102039711
45233213573622,-180.60079155671667,-10.716592590950013,-62.729911419810854
45233213573623,-179.53142098034976,-4.847442806406633,-58.600355354994676
45233213573624,-183.16530392452606,-10.377294358290962,-59.09115209717853
45233213573625,-176.23136377790183,-8.650499511611166,-57.641447629091935
45233213573626,-177.68644668092583,-10.05353353552949,-64.15519577242783
45233213573627,-181.76247882955857,-6.13880821155854,-62.02166457194161
452332135737,-172.69977615132458,-3.83000973885,-66.40168085227006
45233214,-133.45401067231055,9.761787183057107,-60.14774143367244
452332144,-125.29583128911244,-9.510016748133863,-70.41450817950727
4523321441,-131.35109229687976,10.655611567301962,-65.60565101301653
4523321442,-141.26048516461952,11.521151718074194,-77.06241183903391
45233214422,-142.87796284423877,13.089764209223311,-72.64557176216805
452332144221,-147.550460332977,15.442813833906365,-81.04184357989809
452332144222,-149.75813299917783,17.0902685067521,-91.34483892175598
452332144223,-155.90234665920877,13.046096155610103,-87.03000203584331
452332144224,-151.5386404030061,13.493327120439522,-87.39868683166664
452332144225,-152.60389205274663,23.860140574601314,-94.15805924201109
452332144226,-146.3131232040784,16.734217512186326,-88.95359114895784
4523321442264,-155.35326881475794,15.251574746194573,-79.36177624006291
45233214422641,-141.68532107254944,15.980564638066573,-93.81980337735664
45233214422642,-146.29579142399928,17.29496913519361,-93.36540299005601
45233214422643,-140.84844988621816,19.4865880808265,-92.249930146776
45233214422644,-142.64247049035433,12.556299817660584,-90.98981716941282
45233214422645,-141.9292866275226,20.525977124659782,-88.24423335736911
45233214422646,-139.41406956589174,17.903545731337648,-88.27738203813901
45233214422647,-139.46434249066985,14.592204039210454,-90.13951549450495
452332144227,-149.15274953602062,19.49946002803622,-85.41080245499334
4523321443,-140.68693853625828,1.2306042540950763,-71.95059377209728
45233214435,-146.88890921283678,-1.0378730447626698,-81.61629698450251
452332144351,-147.24357149922892,-1.2588927802095025,-81.30517749064514
452332144352,-156.72574892047908,1.1609553055785011,-81.86271512925158
4523321443522,-155.70979358030309,4.4842993848332435,-80.80875414526724
45233214435221,-160.07864125622655,8.685210649575733,-89.25769593377717
45233214435222,-164.57585373310812,12.303611078874475,-87.25930682274041
45233214435223,-168.74764098804334,4.280454487089293,-90.25819386466553
452332144352233,-166.02447362797255,9.068506050385002,-77.07729823278143
4523321443522331,-174.63254532776654,-0.26904204985540087,-95.45330207072472
4523321443522332,-177.33572740778658,2.105252382269239,-95.26917961051487
4523321443522333,-175.2417086775045,4.6359755137553025,-93.8358249558043
4523321443522334,-176.77024373451775,-2.34183393297618,-91.68810840323265
4523321443522336,-172.77089420593992,-0.7703410940862354,-92.26011827257845
4523321443522337,-177.3013736713521,0.08392304271456577,-88.79089596453593
45233214435224,-156.52789810209995,4.821742440124804,-81.57881692647426
45233214435226,-162.71190930550233,5.428525071319194,-88.58255621604181
45233214435227,-164.49886457566947,5.435838652166452,-84.49922969056223
452332144353,-166.03157087139476,-4.274436088760145,-87.04968218953343
4523321443533,-178.367796944479,-7.334056533323877,-90.34821254714282
45233214435331,-194.65369296526006,-7.10777888049449,-103.60492539916034
45233214435331555,-213.3983704829431,-9.825884676375331,-115.29337465353997
452332144353315551,-229.23726611728245,-9.457677989427275,-130.42126907796944
452332144353315552,-225.8370887218479,-19.024186442830864,-124.17935844031587
452332144353315553,-233.50093528499042,-11.915864287851049,-127.11066564460612
452332144353315554,-224.96654591876634,-12.798242636611363,-125.31419680066367
452332144353315555,-230.3523723282841,-12.261133829684566,-127.86387869022518
452332144353315556,-221.53019528540557,-11.558247168129805,-120.16489569022134
452332144353315557,-228.57440860179682,-16.431361845117422,-116.50315425660293
45233214435332,-179.2332707507463,-0.86069629126619,-95.0391106226327
45233214435333,-185.64872238755402,-8.836500663978082,-95.99532342712983
45233214435334,-181.3377182230248,-7.428621679972119,-100.7772549016856
45233214435336,-178.54985222987952,-7.198396204611333,-90.65584193869299
45233214435337,-183.27054522123225,-2.500340324893576,-98.53706197251617
452332144354,-133.82716542040833,-12.097157836117315,-77.2487228809013
452332144356,-152.39512696291206,-6.311660080711472,-80.46384970765072
4523321443564,-150.3466527819606,1.12718553145754,-75.3366012449374
45233214435641,-152.65760323039822,-12.02349160591012,-85.5416959570014
45233214435642,-155.9833998021419,-9.04776112066767,-84.13883248457817
45233214435643,-153.58427450087794,-11.912705489740464,-81.11244732627493
45233214435644,-152.61941364240877,-7.578008700263429,-87.39063728631076
45233214435646,-148.94265009333182,-11.549190589250358,-82.59012593529411
45233214435647,-149.15765133003583,-8.80323365250442,-86.62945207905537
452332144357,-151.6945266276177,-5.514260334819325,-75.5431261922425
4523321444,-115.76171700476107,-9.75121719499267,-72.43259026235124
45233214444,-110.13030973826761,-13.623936162620621,-69.5173014619513
452332144441,-108.24677328056309,-16.778048597437227,-72.94263331202045
452332144442,-106.80622121202563,-21.169849911499544,-83.0181241155099
4523321444422,-118.0441802467009,-18.630097707477372,-73.72874908295341
45233214444221,-107.79976397822932,-19.963180815577363,-88.06565182212017
45233214444222,-107.79259114541001,-16.009885050301254,-85.63193416966878
45233214444223,-111.28111210060511,-22.57874588842167,-87.74992608477027
45233214444224,-111.34948867487185,-18.128015593419,-89.61788970904267
45233214444225,-111.17599329816049,-15.159466588978955,-87.60376483742513
45233214444226,-116.36431401265199,-19.37842373141339,-88.86101979688235
45233214444227,-113.57915751904702,-18.795154024364777,-81.42302171757879
452332144443,-113.7425941635743,-20.94378171557343,-77.41186157619617
452332144444,-105.30648287438798,-19.331758930436933,-79.05575366342268
452332144445,-103.03807537664318,-25.15478272161526,-80.40354996464205
452332144446,-98.81593259160954,-21.839206194784207,-80.63121050267189
452332144447,-103.34643057246765,-23.826433376253025,-78.16802096199872
4523321445,-130.15791260077,8.15528591221568,-67.57571635896413
4523321446,-134.1417112978114,7.835019765515435,-64.40107142287154
4523321447,-129.57564569458427,8.387174005793046,-62.64532732651042
45233215,-137.2834036369369,17.436764430776442,-52.68634733249304
452332153,-138.75970946996296,23.425641443160384,-47.50304754370639
4523321531,-136.70183570608822,21.97414538122382,-54.488307839885564
4523321532,-141.5393501427133,27.432138931532037,-54.65094320931334
4523321534,-138.7481001925126,23.247380267863125,-47.72872775779905
4523321535,-138.86484611323954,23.039310883958898,-47.494622452526414
45233216,-138.75241558263406,14.856450592913781,-54.4251544154208
452332163,-141.0886969801408,18.93790022853051,-60.86889261784395
4523321631,-141.1264353560046,18.602966932753397,-60.44021869137729
4523321632,-143.46593244212582,25.87140015712037,-59.15806547791155
45233216323326,-150.8763836170111,38.32111214282164,-65.1303322189356
4523321633,-142.89451198442887,16.651144214254863,-54.33317797290206
4523321634,-135.5153024550647,10.883469142985957,-61.629480854900685
4523321635,-139.55393456953027,19.112553940724336,-53.448548086610366
4523321636,-140.91606822693214,18.729633931738274,-60.903837412490894
45233217,-135.47495226202278,16.021763448523792,-54.506223973877724
452332173,-126.2884756446657,13.514835212860351,-53.94759675823948
4523321731,-133.70212777378052,20.7111825926031,-56.71258949561278
4523321732,-129.51563013865567,24.127153282060874,-57.68266503845111
4523321733,-131.59547276586395,20.654827142360677,-54.60107082295689
4523321734,-131.3000115071985,11.876081197738822,-61.200350432109516
4523321735,-135.2573033774795,20.393454133981187,-53.738632104563486
4523321736,-136.11197383505782,17.284150913630327,-56.69476455157303
4523321737,-127.5061552725223,14.379365554692416,-54.38386197143765
452333,-128.3975562481383,3.0664434324048626,-34.6445219799576
4523335,-133.90464152870152,-3.3504374696052084,-50.78500944724266
45233351,-140.03176357358993,-4.842486898977915,-42.30355704785044
452333515,-133.25129967862145,0.5464595013820781,-45.29933243638886
4523335151,-145.2049928170353,-5.538762660376891,-39.267510718693494
4523335152,-141.10519155567027,-11.603478193356509,-39.87191485297992
4523335153,-143.82089658109726,-10.738779771931073,-45.46615854421783
4523335154,-145.51250384258663,-11.965812312233602,-42.721609506095106
4523335155,-148.09664763956,-11.45589653766578,-39.5532655513632
45233351553,-136.03329497498666,-3.70153743679542,-45.40541779586805
452333515531,-153.57403639895753,-10.752065457229993,-39.611919164192
452333515532,-150.58335898388202,-9.952775046763072,-35.25724409933852
452333515533,-147.96821669974528,-14.17821343337436,-35.24197404487111
452333515534,-151.11383083536316,-16.14299951702182,-39.83477271500214
452333515535,-151.44804501885218,-13.297557029935088,-42.322881060835805
452333515536,-153.17984398229825,-12.97191561790424,-36.781037983042786
452333515537,-150.64047909947826,-15.68335882512411,-36.227409890438075
4523335156,-145.96113116310383,-7.114535206434566,-44.72263265481152
4523335157,-144.7446474192646,-9.22447495105695,-37.850550063439854
45233352,-147.727149602266,-0.3815857428033678,-56.88449572010274
45233353,-137.63437536823875,-0.8390209723362759,-40.49201068256822
45233354,-126.86189160663288,-8.153184811691123,-44.2747337356856
45233355,-132.23719058643587,-1.4991355444764844,-42.39445566422447
45233356,-137.81805387783177,-2.4768261736242927,-45.83317382499148
45233357,-134.01942784194563,-3.3016254384204764,-50.3692087161282
452334,-111.40956444749024,0.007434005517523476,-28.909619549129484
4523344,-98.67584356193235,-13.579506361333316,-36.280008813764816
45233441,-106.01139694082428,-9.504449579446453,-30.226086118842932
45233442,-106.4051606098057,-4.967703459814086,-31.749057937450303
45233443,-111.00631098035986,-10.279998318976565,-38.56144153497182
452334435,-115.97467484078487,-8.151204846224818,-50.142853677132535
4523344351,-121.26137530028826,-16.962083791268313,-45.996704116157964
4523344352,-115.16513920320908,-14.128147544457882,-44.68051365684253
4523344353,-120.29220325987444,-17.036566149435835,-41.617143065648506
4523344354,-114.94712769101267,-19.50797663431543,-56.56335736434432
45233443544,-112.33311616656849,-20.387423208324588,-59.400743783182634
452334435441,-117.35709163034625,-28.265746422378207,-63.65765918118942
452334435442,-116.88468492754325,-21.52822029350179,-70.69012452797271
4523344354421,-131.93811242436433,-7.37547239390263,-74.48891415049368
45233443544211,-120.70800653611708,-17.864854299953237,-78.83227339034988
45233443544212,-121.98295453874344,-20.62114093514612,-82.95251882088814
45233443544213,-121.105665517338,-19.601603894974257,-73.21137615567476
45233443544214,-124.18001621064285,-15.49292551158513,-75.76185613167402
45233443544216,-122.46372857816954,-22.33321514406104,-76.51868199231535
45233443544217,-115.12306798899158,-23.510050999487962,-76.69528979115694
452334435443,-111.24848907337785,-26.466799286881276,-65.38352265472632
452334435444,-112.05578584177407,-20.363966968978744,-59.44550969958526
452334435446,-112.32139271052198,-20.572535827199648,-59.72256340185781
452334435447,-114.31584619058768,-20.72946825721857,-66.95473380946736
4523344356,-116.11573025734216,-8.507143086908421,-49.80311409125811
4523344357,-118.45987592425992,-11.16184751979335,-43.34685489597681
45233444,-99.34755143760438,-12.601868314222784,-35.6486602095513
45233445,-102.62878407564533,-4.5434215123949855,-35.66015182305126
45233446,-101.31624357826745,-7.751102899003464,-29.422846210610512
45233447,-101.627603769939,-3.758337949454393,-30.824434821977203
452335,-126.324272715194,13.19904556410396,-24.285209545704493
4523353,-126.09643013179698,17.05780683545564,-31.05616043941024
45233531,-134.79669473974684,18.44595793044486,-21.50645975922892
452335311,-123.1515777073264,22.433404542597223,-30.07614641267409
4523353111,-138.15395056527643,19.93839660890696,-17.677792896708286
4523353112,-134.70763557572946,14.206582274232561,-18.72939605879869
4523353113,-138.80940232529383,13.715938883807231,-18.773486532649972
4523353114,-140.33122172299412,19.03656168359846,-22.13187186322328
4523353115,-139.28920518809247,14.564939772410884,-22.925538429096317
4523353116,-140.86624047077686,17.054171360268892,-18.862167045558355
4523353117,-136.9613611420595,16.08628260057105,-16.26333958493991
45233532,-126.60555348609275,17.391266544359762,-30.4106379606982
45233533,-135.7565697772355,24.73775043833811,-29.52035766019848
452335331,-133.05023409584237,22.442563922050525,-39.4518527952009
4523353311,-137.61972039175416,33.56506680736936,-35.53560542923615
4523353312,-139.2072398031097,24.910542931934216,-43.44943451630372
4523353313,-143.31341326200828,31.557439353024144,-34.59054318892035
4523353314,-141.81586539496084,27.249745445030726,-38.240978342952204
4523353315,-137.75259110043905,28.220970083955837,-32.76622139951807
4523353316,-133.83298997387732,23.075624845485475,-39.0304358329705
4523353317,-144.35729728098545,27.491344582552696,-33.312232306165726
45233534,-133.40427016728643,18.317010855184083,-25.67815705231466
45233535,-131.8701009350321,23.547872107686754,-26.80940278194354
45233536,-133.22487227758612,24.714108291508538,-21.61244299884313
452335365,-126.1512493910268,14.498437804221117,-30.10641233416997
4523353651,-133.23781189643236,27.88429366973191,-16.194304259985614
4523353652,-133.76910709926233,30.745379476345352,-18.70797080780697
4523353653,-134.54218774174285,24.742199650048676,-16.655451108816756
4523353654,-136.9793741338195,28.145955534365335,-17.123303966749265
4523353655,-138.13714425476869,26.664508713016673,-22.127825267437185
4523353656,-133.88859826098292,30.326255515859575,-22.481321911080343
4523353657,-137.9629291206356,29.297487684519936,-20.208409782913147
452336,-120.72297584455262,7.246316322890343,-20.98018343777286
4523364,-120.75588825420041,12.565691088915353,-33.07624972934365
45233641,-118.70461226295251,3.038229913203066,-19.301244648272586
45233642,-119.38588442517099,2.2009882106500225,-16.833303950671006
45233643,-119.18995360823395,8.303661684015673,-15.329636197062463
45233644,-123.64381413410567,6.858655116083316,-17.930357273177275
45233645,-115.73284710721232,4.70689579835982,-16.65950184699817
45233646,-115.57261851194886,8.575565429177589,-18.113840309950504
45233647,-121.69776193949559,4.787566017926112,-15.404549269478474
452337,-119.97239382911326,13.71002166566551,-21.9452046701562
4523373,-125.00703468329382,13.335324722216958,-24.688431472913173
45233731,-124.4166831500848,14.182132380678185,-23.934724312795698
45233732,-124.20898179964544,18.856621166228273,-16.81750464057323
45233733,-121.69728317931514,21.32517172176222,-14.373882350345104
45233734,-118.27462072120765,21.062190797065508,-22.893249695211033
45233735,-125.57222954434482,23.869817053525274,-21.681593569593282
452337352,-129.08479564268276,9.134650267410242,-20.761048413204364
4523373521,-125.495663332553,29.808361101667728,-23.76754486221648
4523373522,-121.14216146060873,28.483518086749438,-23.154817990017616
4523373523,-122.16697345787348,28.58687480752956,-26.889027846344536
4523373524,-125.1464143334178,27.043285865708917,-28.167062816331544
4523373525,-127.53579812404911,26.815095747732364,-23.684579340267994
4523373526,-120.46075612758172,24.981506055763045,-26.231347682029455
4523373527,-123.97217956784795,27.563846191809663,-20.319166174648448
45233736,-117.88047276949969,17.793615850195998,-18.444937149404026
45233737,-118.00129223533729,23.007852850620786,-17.34267555232155
452337375,-126.70114812705675,13.939197311053197,-25.23343501350214
4523373751,-113.93767025912021,26.995367298231585,-15.393576827014408
4523373752,-112.80551558037581,23.333980158263298,-17.654778233033493
4523373753,-120.0298184121761,23.051799665714576,-12.450644642053176
4523373754,-115.28684828052293,26.65310249121754,-19.38149078181377
4523373755,-116.1236291699945,26.036813218074442,-12.590722358706838
4523373756,-114.0258568883905,22.415997401573087,-13.5300106656007
4523373757,-117.82265182680354,28.340837991588238,-16.12295697431821
4524,-82.97767541050594,-2.714941185281591,-3.2578254710771986
45244,-69.22914969050282,-14.095811877076832,-26.657817611565765
452441,-69.90371237537776,-29.637637818754826,-33.39601319771857
4524415,-62.72328363609963,-41.47144079280537,-41.86304347193511
45244151,-62.8625272346122,-41.45249452264251,-41.70359759776619
45244152,-69.26734409076413,-44.89826291276704,-35.911739783643796
452441525,-68.55817725641987,-28.935318546114896,-28.824550851567157
4524415251,-70.41715538220483,-48.46635731039456,-33.92222457453153
4524415252,-75.17322213009474,-47.104664921089864,-38.930979107078514
4524415254,-72.9398528335526,-49.60514872993139,-36.67747222752205
4524415255,-75.61109094571974,-47.656903409429624,-35.04111494388541
4524415256,-69.86778530993644,-48.218722693514344,-38.54702021793215
45244153,-69.75435852091174,-40.13888851004074,-40.12180452087899
452441535,-69.1605595362082,-36.31287968773325,-25.754468794569792
4524415351,-74.33263880180176,-38.00958977141793,-43.56666903521932
4524415352,-72.88661317771162,-45.592262481995625,-41.08421202094466
4524415353,-69.8436863098697,-43.55016125004077,-43.89555000608006
4524415354,-73.10988423504229,-42.24659987725101,-44.92014464316811
4524415355,-70.09442216748717,-38.18564465144168,-44.05437085548178
4524415356,-76.14027877143246,-42.18835207806234,-42.477843460283275
45244154,-73.97662666311268,-49.96613044461663,-50.45790405869765
452441544,-77.05165132493445,-56.10176762455334,-61.57546155966889
4524415441,-77.17515146019049,-56.495088412321635,-61.59783087813036
4524415442,-81.93643683955082,-64.75277227191988,-65.2278600724994
45244154425,-86.79274575700424,-74.40847887961466,-65.39609482754197
452441544251,-86.48504702950204,-74.3425012370774,-65.52082158967303
452441544252,-81.38469479541716,-72.31562284052808,-64.43190867989784
452441544254,-81.93321474698641,-66.08094826822963,-68.5902269231073
452441544255,-90.21548102789761,-78.46446037957061,-63.99358017442301
4524415442551,-96.08805243095661,-86.5283191219278,-71.24249622832359
45244154425511,-92.69559991453272,-88.9993401977587,-63.155703742433175
45244154425512,-101.78619391142551,-95.28913498030212,-64.14482011851602
452441544255122,-101.1873903060435,-100.63291513539723,-65.4965018148305
4524415442551221,-113.3252674134264,-107.26727020795508,-66.98385233392074
452441544255122124,-114.84823374325818,-106.26655091287932,-70.04627713610499
4524415442551222,-109.21171218780785,-112.06894559635784,-66.13915828312575
45244154425512224,-111.6887489492106,-104.14663771884146,-62.87184080420789
452441544255122241,-112.10449539967111,-121.59376792262718,-67.60400250254598
452441544255122242,-111.51719719848985,-117.88526672584791,-64.10696391074097
452441544255122243,-113.23409284326873,-116.83146652769905,-68.6432193581774
452441544255122246,-109.32216643444164,-118.3053117580673,-70.39845990481447
452441544255122247,-107.62795380014056,-119.31309298580021,-65.87493284401269
4524415442551223,-101.64201930987416,-100.96106967995438,-65.43765432048676
4524415442551224,-109.2778695819755,-105.29978305060702,-67.4612693655275
45244154425512242,-105.0800994035445,-106.26538591866311,-61.4297754224862
452441544255122422,-110.3933404262633,-101.67523902530424,-74.8352487300954
452441544255122423,-112.23498134058306,-105.60359712489038,-74.73601905560129
452441544255122425,-114.00549644318576,-101.23116796028482,-71.77176033250566
452441544255122426,-107.67621836416409,-105.30741065281377,-74.18637625831971
452441544255122427,-109.55008596751388,-99.81607474438633,-71.0890822055579
4524415442551225,-106.3503136099037,-111.30778593091901,-67.3812848758217
452441544255122542,-105.20013720096877,-114.14823875978618,-68.55544230045986
4524415442551226,-111.52057221714426,-107.32022895556263,-60.71422664772891
4524415442551227,-107.16781809129068,-108.91863020078316,-60.225007475310996
45244154425514,-96.04656164771434,-86.51299468568504,-70.37585061729655
45244154425515,-95.16716704078546,-87.44322372315008,-59.94904960982543
45244154425516,-99.07888392023985,-85.4732373372518,-61.663162031216224
45244154425517,-97.13346065577402,-88.17039017098006,-64.40502508879997
452441544257,-86.62322846264517,-74.44741796720001,-65.53015224282244
4524415443,-85.92662876824134,-64.40019797602451,-64.47824240273903
452441544352,-87.53505076769386,-66.45836944220996,-64.10786865875689
45244154435512,-93.54130020656234,-79.56643660155203,-62.98773727963521
4524415444,-81.10420161434439,-59.9460605207604,-67.55440890526579
4524415445,-81.43099042879486,-64.1626607923904,-73.18766353118092
45244154455,-86.21545844284115,-69.21600221843586,-79.65630826207318
452441544551,-86.36486939884871,-69.44149722313355,-79.57710863100338
452441544552,-86.23890147746286,-69.3725579285312,-79.48533068607122
452441544554,-81.02691302444175,-63.63210923493938,-78.80466187185816
452441544555,-90.18905941933099,-72.6627553445439,-86.55916865846608
452441544556,-82.23271905170108,-74.99820549820276,-85.3219591709179
452441544557,-81.11624053481533,-70.7524599880118,-86.36862234291773
4524415446,-81.99219946678475,-64.7207023089062,-62.16053897146713
452441544652,-82.27618948661984,-66.59938727615472,-61.47192711910653
4524415447,-77.06873773766057,-56.34358346951343,-61.44243812206735
45244155,-58.96549437272158,-45.22905760034531,-32.52253689088416
452441554,-46.16062695856715,-45.99995858981192,-25.961094792479688
4524415541,-46.303389209095435,-46.412299483479195,-25.94746927163354
4524415542,-52.648765786785304,-57.449805854261015,-25.14531128814535
45244155424,-53.11110637152091,-65.15608100933568,-20.65023214904017
452441554244,-55.43113624041799,-75.36269960208848,-16.103997920581687
4524415543,-46.1980359828513,-46.18939960734123,-25.94630383694111
4524415544,-50.43934503682399,-50.583625527681725,-32.83131557403995
45244155442,-51.1480098498532,-42.156302708220956,-23.086502685171812
452441554421,-44.9933192887505,-53.50600903887045,-34.0129220769022
452441554422,-48.35212514507999,-56.12844402211143,-35.65201529562935
452441554423,-51.158989763826455,-53.13838528766402,-37.77287401105399
452441554424,-52.20838010007694,-55.49989020041707,-34.50300692017625
452441554425,-48.945480035231995,-55.96828672814652,-31.67738981631066
452441554427,-46.93974663444436,-51.922392412896734,-37.651071272216846
4524415545,-48.376527874180006,-53.71184961634227,-25.338589501647057
45244155455,-52.65166532216801,-42.43573130312844,-33.12445491011136
452441554551,-48.07359481411293,-53.99188060191363,-19.354553566884675
452441554552,-47.34719993795416,-58.70714170368811,-25.259901867797158
452441554553,-44.843670949849354,-58.82351768864222,-21.974480144761827
452441554554,-44.87687365607959,-55.93681443756773,-19.24914177218604
452441554555,-43.14858805866668,-56.9146385269594,-25.135604477446513
452441554556,-42.71615380962422,-53.778420135676726,-21.766000360832887
452441554557,-48.956964963334926,-57.84480952991323,-21.140713357037544
4524415547,-56.25282627578454,-48.539093436527075,-25.694873093791458
45244156,-62.38374116303442,-37.75049324444592,-33.06816692065953
452442,-85.91363628246853,-14.808227499722154,-38.31992115093814
4524421,-100.30490294816477,-8.377511181448714,-47.750094680098876
45244213,-115.1969828596464,-1.3660236405813835,-56.79449718397419
452443,-87.13636076629311,-14.26528335965996,-30.486491621097784
452444,-73.71687528784805,-31.527073623883904,-50.78068335266689
4524444,-58.18230329503536,-44.954779116529465,-73.74025982730961
45244441,-78.55406121795083,-49.9124349749722,-68.70866669241074
45244442,-81.90319124159412,-37.34812100076969,-72.63035620170182
452444421,-89.37777407344922,-31.654689160257984,-73.43108476187703
4524444213,-98.35386782403245,-25.491710258086066,-74.94664484179054
45244443,-84.22914133972728,-37.73901145079106,-70.15497565011968
452444433,-93.00777969195263,-29.894119392140784,-69.29491628087992
4524444331,-96.09133769337117,-28.396314039188013,-67.08654084541799
4524444332,-89.3608588305512,-29.88413753310997,-68.08971999684374
4524444333,-103.82397015871791,-27.412796647532357,-66.68924400471036
4524444334,-91.70639975895556,-35.06946027719336,-66.98046527889012
4524444335,-95.49714770367791,-36.318480809639354,-70.71913695349474
4524444336,-94.12852655431853,-28.936483819965492,-75.57035040220033
4524444337,-96.43182487815015,-33.072757948378026,-66.10752017814123
45244444,-78.57726206368278,-48.742337451346394,-71.349675166626
452444445,-78.28373481722168,-55.02266306685038,-72.5106651263225
4524444452,-81.08121179183924,-64.22287493707684,-69.24674253814295
4524444453,-85.11449226925387,-61.387744683491775,-68.83765357871809
4524444455,-81.56058263223689,-62.3228530540723,-76.35657410443683
4524444456,-78.28794788531754,-55.18491824679224,-72.85908117772792
4524444457,-78.40562558298949,-55.27405619388986,-72.66637685817679
45244445,-79.66586744214862,-40.586646088137634,-75.10573933475864
452444451,-84.8626948548174,-36.43626353957575,-77.45416183797776
4524444513,-91.65997794229924,-34.44980167605446,-78.90684578213686
45244445133,-92.669554335003,-26.901397005005656,-78.82762708660682
452444451331,-101.05158139037938,-29.507174872992536,-83.96481203690995
452444451333,-98.43033754945601,-29.46128570112178,-87.66057405596742
4524444513333,-97.38680301403643,-29.15739741259209,-74.86157710731493
45244445133331,-94.5883688453696,-28.431431648854858,-93.24161618306981
45244445133332,-95.93548883662926,-25.54744098710268,-91.72315264808363
45244445133333,-100.01401284354019,-27.55311733426527,-93.12888275574677
45244445133334,-97.55977886481105,-30.236104250106088,-94.44845386690113
45244445133336,-101.21706822951147,-30.950989533780568,-91.61881913879844
45244445133337,-96.56706934623085,-32.97437079635745,-92.09154748156945
452444451334,-98.81785473319214,-33.5103382977519,-82.83853956770324
45244446,-78.04879659046138,-39.25051202420704,-72.629698823703
452444461,-82.79649949525756,-34.61585797232847,-74.92616956054569
4524444613,-88.27378028391311,-31.65335684087486,-78.27248383080178
45244446133,-91.42446514908792,-27.08543485270516,-66.81084317885681
452444461331,-92.13460243616028,-27.140352200905596,-72.05508305372103
452444461333,-90.55752593696825,-26.742405251963532,-80.2519761753122
452444461334,-92.99893802508717,-22.576244953243197,-81.77794615096249
452444461335,-93.31137575156166,-27.27040894551195,-79.35370238338247
452444461336,-91.85474030169277,-31.185685740838537,-83.47153046722518
4524444613366,-96.40224925472637,-23.193615909664153,-71.29976096676734
45244446133661,-87.08764177305802,-35.730608334526636,-86.6072083233208
45244446133662,-86.14054652211395,-32.9478379778499,-84.51709224187663
45244446133663,-89.77207212532173,-34.430308836481075,-89.10874372016687
45244446133664,-92.33424034017531,-36.8257739671085,-87.07455090786583
45244446133665,-87.93335351644839,-30.69239494130515,-87.82878682818979
45244446133666,-92.91377239764488,-32.89598960899465,-87.9457696429694
45244446133667,-89.80392503693156,-37.45463062040626,-84.64142957176792
45244447,-81.1527899737902,-40.601829907124895,-72.27061615416972
452444471,-87.28546473710564,-36.28543412887523,-74.04192877995334
4524444713,-93.90744369476845,-32.960973518035566,-76.15026960746997
45244447133,-102.12051161488112,-30.60468732063692,-72.70399032606036
452444471331,-103.44713948813299,-29.696460001893644,-80.48819546162153
452444471333,-109.36879267990157,-25.4574167752541,-77.5550036680549
452444471334,-102.26629871649375,-30.54085438315547,-72.85492844869344
452444471335,-100.84885663279277,-28.98220390558149,-81.15101207018621
452444471336,-97.29559413073484,-27.31123337788449,-79.41851738861668
452444471337,-102.31843122377298,-30.427708393950795,-73.13310543558345
452445,-78.86972512021472,-20.538962854929167,-11.693945303209821
4524451,-85.9463272616944,-19.880181062170397,4.86950339901495
45244513,-92.94253347074687,-19.667779627560645,21.32356216231376
452446,-58.40758816210001,-21.982156121761474,-29.78818487245998
4524464,-41.09768330260293,-27.589805068188692,-31.051667016550432
45244641,-51.53869067479069,-28.91178301694311,-30.23244891924681
452446415,-52.37516795211994,-39.280506028467016,-33.005184064681195
4524464151,-52.556849207104285,-39.24922453510127,-32.94455561545609
4524464152,-52.79691714238969,-39.260354619101754,-32.846737622744484
4524464153,-57.094890065504856,-31.913805500670374,-30.8755779325685
4524464154,-53.86562830051247,-34.28061767930202,-24.892830841974547
4524464155,-52.97684382290089,-44.419893289784035,-32.02446578907277
452446415524,-50.530852576571824,-46.94107231949717,-35.27199782545291
4524464156,-55.85000107364518,-33.24711091894169,-34.18118149610108
45244642,-47.779140559913984,-20.563918304235063,-31.016419977045295
452446423,-47.04250314548109,-17.45943427436824,-32.400919007539194
4524464231,-49.46949102366164,-12.01904622201633,-32.75613384993602
45244643,-45.71782208632348,-20.31310247779899,-26.096648659204728
452446433,-46.26543464678313,-29.419684162562476,-37.85172619617606
4524464331,-44.07683010186161,-22.767998251708327,-21.375270511487344
4524464332,-43.97770360290824,-19.015382378730195,-20.083333665000534
4524464333,-40.52007404070596,-19.34003208302986,-23.323482736940484
4524464334,-48.03523272472269,-17.07701291897431,-24.57176561811247
4524464335,-44.47589695661179,-15.616970703949635,-22.69233588571749
4524464336,-48.00507986703685,-19.352124391843656,-21.62164630653545
4524464337,-41.930949980855836,-16.565283541604582,-25.594225826703877
45244644,-49.911972234397545,-23.928860978465707,-29.30273564772215
45244645,-47.06997700637736,-22.145264087248826,-32.32252959544953
452446454,-44.54956408424804,-22.414553067766473,-37.439502281909775
4524464544,-44.62079012141913,-22.394672390052765,-37.32966633749092
45244646,-41.445534654895695,-27.157410422123853,-30.92749211707116
45244647,-41.03805600380545,-27.381072519554557,-30.942924715460506
452447,-70.97908911082534,-26.762467981244516,-28.361432209859508
4524475,-73.20326450652345,-30.036678683779165,-31.795518135763665
45244751,-68.9804731088364,-38.13882152350653,-34.205427078103035
452447515,-62.62841802371708,-40.45156904851665,-23.899442268822014
4524475151,-76.5991428810642,-36.171493194560774,-38.211624302198864
4524475152,-76.67373227687267,-46.62492712587022,-33.65505691642844
4524475153,-74.55792485339842,-39.41019165996217,-40.24656599553196
4524475154,-78.83503253410673,-37.43481545706962,-33.459406175620764
4524475155,-78.49675474522539,-40.26956663060502,-36.339651367684276
4524475156,-74.45105460102948,-34.19078102744752,-36.45569308144072
4524475157,-78.49498042058069,-36.08366984049903,-35.07978003403594
45244752,-72.14958229227204,-40.71428949087424,-26.057320334029068
452447525,-65.88745518013164,-28.58817169656079,-38.295081413481064
4524475252,-77.50364724580255,-44.693470954249086,-25.953938494219813
4524475253,-74.90820311377914,-42.477531682537474,-24.208189214678747
4524475254,-78.7068403421655,-41.590004162287336,-28.154803259860746
4524475255,-72.82744208594512,-45.18759516490163,-26.633242141973604
4524475256,-75.64653378980542,-46.35810724986317,-29.076493045779053
4524475257,-78.91401233291273,-43.953298156087676,-29.785781082536353
45244753,-70.77734914869004,-33.73272192510333,-22.90738391467048
452447534,-59.80112607509159,-37.13375718005531,-35.35553897128319
4524475341,-67.91938632596073,-26.466876395005382,-22.898284900366495
4524475342,-68.41035211616064,-32.785097002674476,-18.99098883030352
4524475343,-67.91910446909121,-28.649082763234404,-19.188461309969085
4524475344,-71.90620228349162,-30.66955938802017,-19.332654327747786
4524475345,-71.57676276063256,-27.17915509850982,-21.562833104380964
4524475347,-73.62594833138563,-29.946447231971405,-23.029665898143957
45244754,-74.57847786607564,-36.57467907716905,-27.932061545256868
452447545,-69.82826014889119,-36.50551339984437,-20.343768017862757
4524475453,-80.23237002835307,-38.31203287812862,-24.99991447884891
4524475454,-81.56979043522718,-34.670503626745074,-30.436122370935074
4524475455,-84.4781711158571,-39.68970508280597,-25.046525738695884
4524475456,-82.50886875423011,-39.345127982299495,-29.700509734018688
4524475457,-80.45913094574047,-34.49056042343471,-26.32472134196523
45244755,-68.19249569259499,-40.82213690768745,-23.58397296041617
452447555,-59.257420992433495,-35.84615771096316,-35.83422666871801
4524475551,-62.65995478131952,-47.469750466573856,-21.328101235433714
45244755514,-47.229600002655665,-39.85566166610997,-34.851828158907836
452447555141,-60.85764358485273,-51.1868280816896,-20.288941337265747
452447555142,-57.74703416062524,-52.24626924469693,-20.946761361338048
452447555144,-62.264172776810774,-50.104247129573984,-23.55260915063318
452447555145,-56.121058784108634,-48.72673438986132,-20.278141845367262
452447555146,-59.47623597037242,-52.201987977495406,-25.013979577776666
452447555147,-59.19866541649884,-47.34247474815433,-19.08486846295572
4524475552,-63.2840566026434,-44.21514400879909,-19.30323805323178
4524475554,-67.93143953984946,-42.18220433773583,-20.260663040474416
4524475555,-65.24344542863207,-47.46108251325432,-21.186945730269297
4524475556,-66.90119832876046,-44.62213252954052,-18.68863683056079
4524475557,-67.98160881183017,-46.82433058423056,-23.514567444484552
45244756,-66.66682327035925,-34.335143810193856,-28.903208915624887
452447564,-61.153642539077765,-42.69628634404778,-22.841985232671682
4524475641,-59.57248970862448,-32.805666000629266,-29.816537397784987
4524475642,-63.94775313581281,-31.055658460258908,-32.507138107590244
4524475643,-68.38332995161502,-30.141712606968404,-24.994274955126638
4524475644,-62.4545559300909,-36.400577470045356,-25.834355914943483
4524475645,-63.93604383420321,-27.695208815824426,-28.72694638818575
4524475646,-60.76984516387138,-30.354354174454247,-28.744124799105265
4524475647,-62.582358628303595,-29.635884956848056,-24.428777784475212
45244757,-72.95153552338613,-30.455921161606724,-31.427068451612783
4525,-98.16469326514364,8.695395906300666,30.113981476389274
45251,-101.63871225609022,2.481398614168368,39.24493495623827
452513,-105.76654763494383,-3.554631964967206,48.451107853628436
4525132,-104.23810906911534,-15.736857973938939,51.91551576062046
45251321,-112.69021365672916,-8.722949408029706,54.42392649937824
452513212,-114.98815056106781,-6.481634189608096,50.07077468590777
4525132122,-119.65573014413317,-2.3497826946108358,45.984469544671725
45251322,-116.23916148045554,-10.683324770339901,61.06613092452539
452513223,-121.18353198547277,-10.61813276149101,60.712393635805356
4525132231,-126.47424697645909,-9.45686979443158,71.50562180995897
4525132232,-129.42730332957944,-12.645703086286648,65.98829796523104
4525132233,-128.30391916445882,-12.347392662389822,62.64676846154549
4525132234,-127.5852022966139,-4.566922386500825,69.04510546501413
4525132235,-121.36103004624627,-10.47750872808763,61.14089103867725
45251323,-109.9755718236254,-15.860838004590011,65.27386338458516
452513232,-110.13283945609534,-20.602661554007966,72.3909769285018
4525132322,-109.52047513286749,-26.612456405532253,78.83368316781821
45251323223,-113.48594621490172,-18.598881254169985,79.83652376419954
452513232231,-106.486384011431,-29.37784742265421,87.129114028751
452513232232,-109.38331956047928,-32.78882592659755,83.46765188956269
452513232233,-110.54022942552591,-33.204806026432294,88.6613524789598
452513232234,-111.02347884352515,-28.806814096966608,88.95817989315657
452513232235,-109.45091777014989,-35.764106112704845,85.76950082183619
4525132322355,-101.31208539293618,-31.161719722382873,82.07471616755257
45251323223551,-106.47898447223187,-42.4046155356012,80.57738785418572
45251323223552,-101.68047982711272,-42.73291320528387,85.32531118730618
45251323223553,-103.41940284884089,-34.43083141693217,82.69943269861801
45251323223554,-110.50599139830994,-40.394086280492004,82.17305231360793
45251323223555,-104.79632555679277,-39.06730968809096,87.24436909447057
45251323223556,-106.14470219361534,-45.36092540065626,86.37102545882689
452513232235564,-105.981372167736,-40.38549098203314,84.64149200866316
4525132322355641,-106.6706108028627,-54.998281882012044,89.21985163930933
4525132322355642,-106.94616563127684,-53.29417727043277,85.2620882247017
4525132322355643,-102.15293826853392,-53.16236335521339,87.78794984782967
4525132322355645,-109.21831885363025,-51.608914090023035,90.42626763272148
4525132322355646,-105.13711621356629,-58.01217319263982,91.42545803146749
4525132322355647,-104.1075925563465,-51.56052356755522,92.23550696501505
45251323223557,-108.95474989496256,-41.74723115593264,86.17083113844362
452513232237,-113.97297366331091,-31.433134492612275,85.35116563047653
45251324,-104.94042147937718,-14.922121385481462,47.3726633924121
452513244,-100.66226871302983,-18.002222907417273,30.774747275185003
4525132441,-96.89157406046672,-21.885730564012924,38.30766400057908
4525132442,-103.9235910636926,-17.071752257698066,38.799679551640345
4525132443,-98.44081995971524,-16.567535712800126,37.876409769087815
4525132444,-97.94710640007978,-18.33402749920481,41.709951184379456
4525132445,-100.58002547780212,-18.167118430975876,31.646580977970633
4525132447,-102.31367495307101,-23.156041210162893,38.22933217282355
45251325,-106.44212289773112,-15.544212200449548,64.10509563946826
452513255,-113.2678214965293,-20.240196509732193,60.16779417384149
4525132551,-104.08672502276114,-26.649714330111912,65.90344574645309
4525132552,-102.91210096734316,-21.544834084599785,70.8146232704816
4525132553,-105.29802403488705,-26.912033063247332,71.74907920045138
45251325532,-106.0178358191651,-30.882447286064444,75.32447433401764
452513255322,-106.98671720264859,-36.16633316622218,78.60379322138519
4525132554,-109.64086106733245,-21.43177732558001,63.58930106060342
4525132555,-107.76270953558723,-24.189245445529128,70.97414341561092
4525132556,-101.16696856150308,-23.167575544884713,67.30035723671485
4525132557,-104.23046098097342,-26.377234956220455,69.68149203039717
4527,-97.68626848066964,11.819005645092963,30.566586561543154
45271,-100.83337827622462,7.376992908730855,39.86310829364994
452713,-104.38495125408966,3.2600111977668296,48.998241245277455
4527132,-105.84097965843002,-1.6117223472720466,54.39894208208972
45271321,-107.83696614383405,0.07007098568464407,61.81028266075271
452713213,-116.44622322539831,-15.349878127097517,63.12092209646302
4527132131,-105.33214368959666,0.10886104114936354,66.21517996040862
4527132132,-112.23982789369336,2.4726334028898944,64.32652941881804
4527132133,-108.10841161680547,2.715411045824001,67.01409918012035
4527132134,-109.71047589998987,3.9622229677274516,63.29592303381825
4527132137,-105.8357230904214,1.5874582094389778,62.96529480952774
45271322,-112.48459818289277,0.5158180968306408,60.41839481388532
452713223,-115.57672658953057,-13.143903665465816,64.55691931797375
4527132232,-118.85294313520073,1.9659338126133152,62.95830919077508
4527132233,-117.52175373860534,0.460904484009757,59.65540194920419
4527132234,-120.21911716016,3.4327119843940603,65.81392532320339
45271322343,-121.48571734754199,-12.390666669064721,67.09018447771781
452713223431,-122.26750293242229,6.190834388680051,67.06687281239886
452713223432,-124.7408624434169,4.577989727051515,64.70009412502948
452713223433,-127.38492462540891,4.464999126629694,67.38474607820244
452713223435,-130.3753826638575,1.368798943581692,69.80657126467827
452713223437,-124.42134766996936,6.0668786181790795,70.4623720413549
4527132237,-115.25755640639365,3.586759798718788,63.694142666606155
45271323,-105.65267250553165,-1.648520039817359,54.5520812309003
45271324,-105.94487258156454,1.4655722730054608,60.77724190484749
452713242,-102.83759546963287,3.531292938920539,57.666241911394906
4527132422,-99.56902084641216,8.26091766875253,59.89281796961149
45271325,-108.85303320243345,-6.972827340954494,58.731674060895585
452713253,-117.44372282550307,-0.7057799912517455,71.8856473967444
4527132531,-108.71454448597754,-2.8881548167198146,61.04800318591341
4527132532,-119.62430957857681,-5.680666983972668,61.77253475107886
4527132533,-114.38841872869737,-9.738038227934346,57.168946802650275
4527132534,-115.44482084049584,-5.462882429081947,56.55340528548981
4527132535,-111.87580321528836,-5.460897937494445,55.95086890059647
4527132537,-109.90452711907884,-9.746916762929864,58.30179006951763
45271327,-105.4252549855811,-1.674685031455925,54.41291079279006
46,-40.074806882481795,23.416860206914098,45.74321511066769
462,-77.23034870096211,15.622389809307007,62.32547095070433
4621,-95.87709599227914,35.95469664539159,68.06334126535413
46213,-111.78917295940568,51.45272972660177,75.10306877014577
462135,-127.44501074271422,66.96311523940318,82.30318377603064
4621352,-142.9931170673874,79.36540313934128,83.15933761994869
46213521,-140.4420633312856,85.10748334273603,89.43851834846043
462135212,-140.63078133035032,84.90413040839232,89.36541367509871
4621352122,-135.35622565873487,88.58400611990206,87.87051197359852
46213522,-148.07311484767592,91.37183262839788,101.40610395361256
462135224,-151.69679746295841,101.03799165205254,106.39768753394478
4621352241,-156.20734779549144,101.45823952153381,116.79434963661515
4621352242,-154.82943146051193,97.29004491985744,114.14284808533614
4621352243,-156.8120461513597,109.45359468860924,124.70871173645362
46213522434,-160.7829596609852,118.34408643391791,135.73776382232558
462135224344,-164.33455132959156,126.86798668892112,147.04695359525678
4621352243446,-170.06179256320834,132.78109584633216,153.23058429070522
46213522434461,-172.382909628616,142.28296299258454,160.41345069735107
4621352243446164,-176.41275822577194,147.16817903927875,163.07079506928375
46213522434462,-169.8212165682813,135.8949858966816,157.20059543830692
46213522434463,-171.05395292552984,133.6508283729679,166.56482103391284
46213522434464,-169.79009432635294,142.08139616427405,162.96334112016416
462135224344646,-166.0083185180334,145.91434459531376,162.7424069267486
4621352243446462,-168.78598854842943,155.39584803152616,164.56035994727634
4621352243446463,-172.14738420087204,149.12160485511728,170.82106556464
4621352243446464,-166.88398397354743,151.61787151162616,170.45103395642016
4621352243446465,-173.59798972229152,152.48576243887575,166.59119321884393
4621352243446466,-172.784709854868,153.76493044662672,171.22358978585586
46213522434464663,-169.66482645688842,159.10149221664514,168.2560967940135
462135224344646631,-176.02384763750575,161.34299457958298,179.11117380708268
462135224344646632,-176.88052974917932,160.06534848275064,174.01586342487093
462135224344646633,-171.6706225308079,165.10802036831757,176.52226959711973
462135224344646634,-173.08588074110568,157.00369687847856,178.01728690595527
462135224344646636,-169.94080259587804,159.109978186572,168.8140449439367
462135224344646637,-169.94726738574954,160.81673055038803,176.6147452956298
4621352243446467,-166.55636209804888,146.26791157951993,163.14136224879698
46213522434465,-165.7308566146945,133.70570378946374,162.78079318928337
46213522434466,-165.88848293945028,138.03260430643772,157.5657383903284
46213522434467,-169.965262452821,132.95755105981206,153.52829396968085
4621352244,-152.28142036079123,99.53174443210935,117.8543281217652
4621352245,-154.76210775224604,104.81131794144696,114.61681572478625
4621352246,-151.7846149298102,101.0024166087716,106.93008933959051
4621352247,-149.5988449432137,102.7516145392745,115.39145960620064
46213523,-141.8478581730919,85.56571565844764,96.61619744330925
462135232,-140.22851783052334,87.99165394638912,103.80143788433821
4621352322,-137.69137248687545,90.42559118684454,110.90678144212032
46213523223,-140.9675278043458,93.97975033865417,118.11315907916784
462135232231,-134.86729276166204,96.36991146602433,116.64306298092946
462135232232,-130.8709932811208,93.62687140557868,120.58298639323085
462135232233,-140.68309753168663,93.95566095016045,118.00147746007504
462135232234,-140.60750267275515,94.12421749750044,117.7294067662544
462135232235,-139.52072077421022,91.56917741838276,125.16837123819707
462135232236,-133.46669692671242,96.31565207024676,123.92936034771346
4621352322364,-138.09287797726225,100.98790883911009,120.26832618766342
46213523223641,-133.22098368019638,98.2060140032402,130.32286742776853
46213523223642,-137.08855721057463,101.02481075920227,121.78962186348411
46213523223643,-136.7240824037669,101.89374538973834,130.31632549145604
46213523223644,-132.59794146827676,107.14659709200494,130.04407737280025
46213523223645,-129.13843225314042,101.04255227487049,127.50714588527251
46213523223646,-131.0266112335658,101.46234683660325,133.05734706289877
46213523223647,-131.91498254554827,105.0581056830001,126.81203959048088
462135232237,-133.60091286593178,89.14095452228622,116.39478539180479
46213524,-148.79327607801324,90.62742792159118,89.62814991770998
462135242,-154.31536181456235,98.20868740312294,88.73000773252393
4621352422,-158.86522305639673,106.59232843677852,89.73432534523764
46213524224,-166.81077419484336,110.04872892529922,85.6353045143137
462135242241,-166.5593900510363,110.51594072045435,85.91431985105562
462135242242,-167.4835912208282,118.70019730600283,90.18950403829872
462135242243,-166.72891724070195,110.25386734245188,85.56458937266368
462135242244,-165.59665043839286,118.43340224886418,92.03922847658762
4621352422445,-170.7276516798424,125.51591415873278,94.79649004476117
46213524224451,-170.7413752298472,125.38377698471837,94.98544417225972
46213524224452,-168.97315613010113,119.13955737451546,90.39499610708128
46213524224453,-170.7270318507073,125.59118263298197,94.65876900438663
46213524224454,-170.82852352763263,125.10514955204651,94.61918741536545
46213524224455,-171.2048845216001,128.17084799292562,97.42191036874618
462135242244555,-173.78614398678008,132.73987759227472,98.86434540582776
4621352422445553,-175.06629564649,137.17246944318543,102.68210577785527
46213524224455533,-178.4264033668841,140.13115861645434,97.93541846666837
462135242244555332,-175.19625748419645,147.3106776415361,104.86442743087652
462135242244555333,-174.4230017295976,141.44865086045337,106.74850725271924
462135242244555334,-181.76038757543333,142.97177122276258,104.46865952919754
462135242244555335,-178.3355067270141,140.29813884984864,98.62651581465836
462135242244555336,-179.46016668469142,145.2023982437593,106.09613468826733
4621352422445553367,-176.22560570708234,142.47747731015014,103.43009255010308
46213524224455533672,-184.8732308725299,144.4006486796767,110.13361012774787
46213524224455533673,-183.33126645254734,148.02234411131553,112.22265896647531
46213524224455533674,-186.71516988878042,148.37309604019453,104.60594987856972
46213524224455533675,-187.2152867916984,147.97279305165569,109.50167981721768
46213524224455533676,-186.27523148503116,151.8600651968814,109.83854786672592
462135242244555336766,-179.57550343808262,143.27882666614602,104.52743324468186
4621352422445553367662,-184.4913873309132,155.48969018014907,113.06286355838098
4621352422445553367663,-190.09071226937255,154.74845905822752,107.99955455551975
4621352422445553367664,-186.01808906991744,157.12606079656499,109.78946499252318
4621352422445553367665,-188.76580798061931,153.0783670446194,114.60089463927198
4621352422445553367666,-189.41339263443265,156.26604128881178,112.12567363475945
4621352422445553367667,-190.76903758444223,151.20404030716801,111.97244275784213
46213524224455533677,-182.21504782829666,151.8247053988082,106.74857725132578
462135242244555337,-179.00251579564843,139.78678175644131,107.38943069828711
462135242245,-159.1335453059625,114.64409520119554,89.55332470221998
462135242246,-162.92458140599732,119.85324812885557,92.66508081882887
46213524224654,-163.60266959597695,121.40577146742673,93.71611267859564
462135242247,-166.9303350652023,116.60527074160356,95.15598985888299
46213524224754,-168.40131023672245,117.47479569661307,96.40763779505232
46213525,-144.5495731866026,81.50725052393614,92.02874836294569
462135253,-140.8286616965686,87.53466016631502,84.90316340893773
4621352531,-149.17974614906774,76.84497180061183,90.33060832591967
4621352532,-141.60735781960895,77.28473730406266,92.98403628803739
4621352533,-146.39476535803257,80.15815102402954,97.10097163740735
4621352534,-144.13276087571808,76.1571849305833,96.18875325749012
4621352535,-149.473369929394,81.31041093165257,93.64782397737032
4621352536,-149.17408343637868,76.4877167496025,94.9716934772579
4621352537,-145.3662057506908,74.18160174997607,92.82612003380105
46213526,-143.06076531338198,79.6017959517489,83.50210919100543
46213527,-145.54156579381836,84.86208210194123,88.11554428747398
4622,-80.77242095115896,22.19533602140811,57.43539568788047
4623,-94.59595052155325,6.876645767456486,85.32931028933011
46232,-105.23188097941072,-4.701438800506425,99.78044816091102
462321,-109.00656913770088,-7.26144325963413,112.17673159850457
4623212,-104.1117333720311,-5.869398919282329,112.29486269553075
46232122,-102.4989211879194,-2.4740156838926866,115.92799464379307
462321223,-102.15432089342619,-10.802501461390397,114.03966099555285
4623212231,-102.82622635178728,-0.33418172054026357,118.43251623648379
4623212232,-96.9916786530406,-0.49164650390458936,115.93543307331167
4623212233,-100.20944296766544,-5.279591285107225,122.2128568625972
4623212234,-95.49047301398944,-1.9132831060478568,122.36376908622393
4623212235,-101.35666937318614,-8.514162259676164,115.34504531153111
4623212236,-99.6648592284975,0.338056177161697,120.64008307144073
4623212237,-95.54455544320899,-5.280885637317118,118.02313060011677
462322,-110.84200846461432,-7.182476485548521,129.2701911571327
4623224,-111.27965320959186,-8.446250563334004,142.63343661747126
46232241,-112.61429372505637,-9.929507598027863,153.03993232397352
462322412,-113.56690577971004,0.28981167397710395,145.08907988889646
4623224121,-112.83019631222689,-15.483758358829682,156.58618455861725
4623224122,-109.33790432068498,-12.285671738215957,156.71392821196685
4623224123,-108.43262247669539,-13.382672217794353,151.05702730906523
4623224124,-108.83131016063169,-15.649290228571935,154.0537991807126
4623224125,-114.55313988314738,-11.658341801576501,156.80042968309823
4623224126,-116.18156616042947,-13.970146927568567,153.0221019901414
4623224127,-112.8380172993892,-16.64372992593753,152.08020728731816
46232242,-116.75748738697834,-5.614685032821833,151.5140261299746
46232243,-116.79635699332424,-6.401632111621036,164.3451645806922
462322434,-119.99093791154665,-6.0790824029551,178.32137716475108
4623224344,-123.0531797673305,-5.641212536334328,192.21873395774375
46232243442,-128.44241778449103,-5.913656026731171,201.4791517958953
462322434421,-122.24606742017484,-4.519395586903182,207.5798777911767
462322434422,-128.04726750704037,-6.003398507762292,201.67287283693767
462322434423,-130.29097362252293,-4.774992262305401,218.7581621604463
4623224344233,-130.58630805855807,-4.593770185525487,224.72778631706234
46232243442331,-130.76129415089034,-4.581207411623558,225.02541968884438
46232243442332,-138.43742869253336,-3.16884360259401,239.3122435008425
462322434423324,-124.85239824188406,-10.318075890298292,243.48737149890687
4623224344233241,-138.387276253756,-2.2832591075548283,251.56840984367608
462322434423324136,-137.6287357330257,-1.9823337370419092,252.73089987820467
4623224344233242,-142.82163688808282,-1.7107903319362634,246.3332286970645
4623224344233243,-137.31752406423172,-6.206400550024984,259.26009126826466
4623224344233244,-144.41607905573514,-3.12774231257944,250.71413958273914
4623224344233246,-139.5464173937255,-0.4889569032183417,247.66049287894077
46232243442332463,-141.34945423213065,5.840716408561126,255.14380110557298
462322434423324632,-143.87310411686977,-0.72348584507954,246.5076735996757
462322434423324633,-142.21867603766,2.868950282998334,248.3858130067861
462322434423324634,-146.31503314460596,-2.3892808393625256,252.5432163766423
462322434423324635,-141.3537165624942,5.151436975192725,254.68774646998187
462322434423324636,-141.24399328808786,5.693304140886105,255.22459748695667
4623224344233246366,-141.57643183174412,-5.152224398671355,247.3603019073526
46232243442332463661,-144.28446493592338,12.167325543612051,256.21248044118795
46232243442332463662,-138.07910347656457,9.076121288624687,257.49505704176175
46232243442332463663,-140.12438840926276,12.060661796553902,257.0656283778308
46232243442332463664,-143.52736106843403,10.163570490269686,259.81454975545495
46232243442332463665,-141.88584083609854,11.385926956704344,253.02232244090774
46232243442332463666,-146.45988578202383,8.84413248387611,256.598680527701
46232243442332463667,-141.63761454684516,7.132353168968641,260.2629579196331
4623224344233247,-140.81724765563553,-5.677187920067771,247.0849089481845
46232243442332473,-137.78905993251007,-8.306663744224817,255.8484158595142
462322434423324731,-138.030769310026,-3.412981629600252,253.5903586951084
462322434423324732,-145.1240534719014,-3.376489968932204,245.90090756844876
462322434423324733,-139.8446592574775,-10.005783966842355,249.84944565599505
462322434423324734,-147.1345675452643,-4.0557455883102165,252.88930061292055
462322434423324735,-145.6338013665385,-8.836503821690727,248.5612028104999
462322434423324736,-143.04617950640267,-2.016409862216192,251.11964604601673
462322434423324737,-144.1426984064325,-9.352332334791546,252.7662278534457
46232243442333,-137.68220707601986,-4.534583385238537,232.9499492635895
46232243442334,-136.45455117359464,-2.994596053753183,229.96717796104957
46232243442335,-134.41750964613774,-4.64497810907853,237.75356326809427
4623224344233542,-137.14592444352368,-3.5461893184382083,241.50281780613525
46232243442336,-132.83044248926439,-8.217571920160722,232.83623632148826
46232243442337,-131.36612245673348,-1.7540911600612015,233.33442346714344
462322434424,-129.60813090536732,-8.124078606686105,209.3388623971061
462322434425,-125.47167362425914,-4.445651471727872,209.68664038541948
4623224344253,-136.3399851350216,-14.393691002370618,210.38689033407613
46232243442531,-121.65153938366294,-4.087002409792044,209.60298940146123
46232243442532,-123.35297889031416,-5.356117051790782,214.8291733447648
46232243442533,-124.81940049223368,-1.7259405015600295,214.02790821155835
46232243442534,-130.44713168475312,-9.193806658022382,211.2433183060273
46232243442535,-128.66182482426314,-2.5991409186486965,213.388240353241
46232243442536,-122.92007630416714,-8.333404293362062,212.14372015118332
462322434426,-128.30744036683285,-5.9202866282895945,201.5662923217614
462322434427,-125.53308090302188,-0.9225898633546128,207.91930696681072
46232243442735,-124.73721972782988,-0.7558741680548379,209.81875134637838
46232244,-109.81760840063369,-3.8603342517417696,155.0095225012209
462322444,-116.64680971015534,-10.546101296294788,157.07131604018687
4623224441,-106.68015612178577,-3.495222213019887,164.41899296214953
46232244412,-110.26317726623466,-4.97516919523081,155.92227177078502
462322444121,-104.16171482476135,-2.965380104797057,173.70801574080573
462322444122,-106.0534260226435,0.7717391456845359,168.84881610300567
462322444123,-107.96996889851852,-3.5893740983495928,171.93409851157736
462322444124,-109.91766273261108,-3.8800134983368633,169.07069132167345
462322444125,-104.99755461061066,-7.695277848619482,169.51951842925763
462322444126,-102.08657040334134,-3.012604825892589,169.84541085581748
462322444127,-102.22401485913632,-3.2266868926187966,166.30144179922638
4623224442,-107.7058102227375,-0.26007661277428906,157.38029780352272
4623224443,-109.27675778912153,-5.239372686089674,163.454900466497
4623224444,-104.22574676593779,-3.037723002258128,160.4687528273492
4623224445,-104.68657615031937,-6.225184628891948,158.2211698322454
4623224446,-112.80441599441161,-7.525590077156443,158.17980908160922
4623224447,-109.15888022913745,-0.10351948956844588,161.4297829610929
46232245,-111.35993251492758,-8.282957671254659,143.08029083373856
46232246,-112.59772421822285,-2.7239362719802327,150.25793916837208
46232247,-110.43767568457854,-4.215460328020853,152.77706795508433
462323,-111.79455954174858,-12.781207210957296,111.10830360488424
4623232,-113.92920303222425,-19.321193383039173,111.04118714191665
46232322,-115.10843386763447,-25.992116255718972,112.19445556304646
462323223,-122.80141714900952,-29.397752091544355,114.27002495430426
4623232231,-118.03491858380771,-32.21412646844227,118.74288635849918
4623232232,-117.3632214800689,-30.34470302591226,107.45650841105069
4623232233,-122.67616657705912,-29.467984526306683,114.24084467296132
4623232234,-123.57835259540285,-39.51728301921233,124.13808870837467
4623232235,-114.79046529298597,-30.258696597418115,103.7160060536305
4623232236,-117.16797875518972,-35.10464136252676,107.59887750908618
4623232237,-116.90759550611426,-36.58114542516137,116.52027039493471
462324,-115.83698170819542,-18.405165997612258,119.1078566741603
4623242,-122.26052198340578,-29.936404235820397,128.5418653801623
46232422,-128.08351511890075,-40.98425486812173,138.95096760302673
462324224,-136.21220819207463,-45.51020348717937,137.45746144858984
4623242241,-133.83554726847564,-57.40960510482954,152.3096417170324
4623242242,-134.21591341016347,-57.39946252686646,147.08860002719746
4623242243,-130.2066246544497,-48.88757442512171,139.7538146691918
46232422433,-120.83171499074734,-33.05231468763676,116.33042911672914
462324224331,-127.78070758176297,-47.701392759788625,133.61358079402498
462324224332,-129.26627503121708,-45.23603709411026,129.54083017113086
462324224333,-124.94278707109021,-43.79197397061737,134.67358903616187
462324224334,-129.76532247550247,-44.55110548421824,135.2845624194957
462324224335,-125.36406570449631,-46.555253343231335,131.09831366390847
462324224336,-131.76518704511113,-44.73172691992402,131.76270096781533
462324224337,-128.80276173973425,-40.974413521210195,133.7144171965706
4623242244,-142.87702940856457,-64.5057234202265,160.22504815230653
46232422446,-150.0313635558403,-74.19330406182378,169.21716301959574
462324224461,-153.0201058242556,-81.88506732995933,172.69867894342147
462324224462,-149.9455895342726,-74.56757005202503,169.76470664508614
462324224463,-149.99918770348137,-74.07699291762647,169.55806157107173
462324224464,-159.5648999348402,-87.83256727679084,184.31434051780866
462324224465,-154.51936796779057,-78.46196278539021,175.52455542398874
462324224466,-151.95969704854676,-73.51638472007468,177.4451029161201
4623242244666,-150.94986971910652,-87.80764577313153,168.33780652030518
46232422446661,-154.2966588875919,-80.38444203988409,180.53165165142678
46232422446662,-150.2683271860474,-71.09323056066697,180.30773534846728
46232422446663,-154.33917971880646,-71.57090588045179,181.885268113614
46232422446664,-149.1204928287603,-73.973306687472,179.3928868784768
46232422446665,-155.08841215907185,-76.55898108007733,183.25040804807577
46232422446666,-151.6267249240541,-73.67145364859789,183.38955168789195
46232422446667,-154.8364479504982,-71.05924123839681,178.47052533947868
462324224467,-149.72443396169515,-74.42679325539015,169.65174229041355
4623242245,-136.74497625075264,-51.62828763459706,151.2474972664193
462324224546,-137.64541420771414,-51.10523882439891,152.88811048691247
4623242246,-136.95369888366366,-53.971997461032565,147.65942316144736
46232422464,-143.86952356971923,-57.14766872772188,149.7693450076512
462324224641,-134.62587602818573,-58.619993528689946,154.0092455633509
462324224642,-134.88720387291235,-58.53392642211284,147.41777513014767
462324224643,-143.00750710711085,-56.98198806656571,150.0639753627178
462324224644,-143.59364080967376,-57.19002026567598,150.17753466894715
462324224646,-143.9370949587804,-57.25499290959636,150.0772442904733
4623242246466,-130.79244067702282,-53.87335384666271,150.2124587466017
46232422464661,-150.83582005242485,-59.99747020665348,153.05264940770883
46232422464662,-150.18551773264142,-61.58085582700474,149.68959974154862
46232422464663,-147.68950728708302,-60.6879439448038,147.33113749501865
46232422464664,-150.4110055783687,-56.87166020861172,149.46107900657125
46232422464665,-149.17213700174256,-55.95688612737211,153.55596581380152
46232422464666,-147.72087132598645,-60.12845234817748,155.40694815205757
46232422464667,-146.80302243137933,-63.28230086807299,152.02601769045557
4623242247,-130.91372713812487,-52.302112042119965,148.77115383175098
46232422474,-143.98599069079697,-52.64342613718598,153.442497405569
462324224741,-131.5382157330927,-57.87436620516901,154.41261416634669
462324224742,-130.98478546927825,-57.504050000171084,147.57938575887746
462324224743,-131.078100247256,-52.29225118897644,156.03925602797818
462324224744,-131.71511155919973,-48.24484181496811,150.76201835846643
462324224745,-134.18133980907672,-50.4540912910307,154.10006020063406
462324224746,-134.81081062659055,-54.746118375434456,151.44874685540435
462324224747,-128.67533012071908,-51.492344371762414,152.128544769597
462325,-109.56746178959663,-8.008528164273132,89.85338550798788
4623251,-102.101382463891,-11.599372007282984,74.16313201023681
46232511,-108.05150125212245,-6.777488347203727,71.0840824630327
462325113,-124.83557753436777,-5.380800355718345,62.29419827296258
4623251131,-109.83242405508939,-2.5968759229281084,75.30698471913912
4623251133,-107.39721317893888,-1.6121917634406093,73.1677546747022
4623251134,-105.43457320991293,-4.333373071090655,72.7185079180193
4623251136,-107.77254527005763,-6.325799150782192,75.41963325494413
4623251137,-107.06014417713358,-1.3505818706923647,69.24676817494304
46232512,-112.93386160292395,-7.313686195965272,72.6680400921219
462325123,-115.50853692872845,-13.44667739034984,58.15863522732757
4623251231,-116.01638119666349,-5.195525881468095,78.56041941926212
4623251232,-114.27237665235312,-1.7513275251310578,73.92342003447423
4623251233,-116.67310836087003,-0.2551329602991026,71.80233565202748
4623251234,-118.500780529419,-2.4808805554858466,72.59979455644684
46232512343,-125.86769339452253,-0.07891795324124047,76.82577638356679
462325123431,-119.21916435191545,-5.794283806330479,75.4535677355834
462325123432,-119.76545706778374,1.5850527629576123,74.16691135727102
462325123433,-122.45646701420199,3.8744233952715583,79.0926893067562
462325123436,-125.34196735361901,-0.1318006594213602,76.48523031430011
462325123437,-122.78007171662993,2.5796646213550325,70.20329844684899
4623251236,-116.44684886493226,-7.899003668146959,73.83276041773495
4623251237,-116.22427321337749,0.019183911694655553,68.96423188742969
46232513,-110.75113169827863,-13.93543728935263,77.87686860110102
462325132,-111.30991114324536,-18.808062687609457,85.35668213484874
4623251322,-113.50499290015314,-24.193801041667488,91.82873791632444
46232513223,-114.17784766620689,-25.00326570234207,99.64446058860688
462325132231,-118.04813235209183,-31.933700199216016,96.78609868447289
462325132232,-118.32612942654389,-30.0766505143042,104.79126304189326
462325132233,-114.23023197184797,-25.336235208710164,99.88096871717983
462325132234,-112.13673565010514,-32.59339034477196,98.98829205278638
462325132235,-112.60435775169562,-31.165171923215023,92.39772586935757
462325132236,-117.30096403137095,-34.53839203557079,103.9711918416002
462325132237,-114.13445808826891,-25.173955400671836,99.66112545869167
46232514,-108.7182717767337,-18.355407064589134,60.98608810453404
462325144,-104.15818638290399,-20.205395828379793,54.39995752242148
4623251441,-111.37130947342644,-25.482755922412917,52.03913402619058
4623251442,-104.39228499322279,-20.573377808917297,54.33824556054315
4623251443,-105.42755824880565,-29.34911840314437,54.365158544126174
4623251444,-112.11054163013112,-32.245626884669065,54.060397040472424
46232514442,-115.99693528941077,-38.12102464918448,55.15476893489371
462325144422,-119.15821117257019,-45.16080809168027,54.51421004198745
4623251444225,-123.46661528064627,-42.29747026105144,61.16532801563367
46232514442251,-120.49194496725913,-53.50921479842378,57.52009296356707
46232514442252,-123.38789506528813,-45.02165236364703,59.42875267734443
46232514442253,-127.14976301339627,-51.079133099927134,53.82320480997774
46232514442254,-125.76907373774951,-53.21353122178631,58.569039991286616
46232514442255,-126.27943949897613,-55.41942653255718,56.464769864496134
462325144422555,-129.6241156660136,-59.20750806654735,58.45710399237085
4623251444225553,-132.7253903973851,-64.11424996602497,57.03089671954944
46232514442255533,-132.81655923104077,-65.02002573552139,64.23426531509557
462325144422555332,-138.86882639974607,-70.83772339717217,55.05275999717835
462325144422555333,-133.16298092767613,-65.40117329656742,63.56362420672756
462325144422555334,-138.26118004582702,-69.5817666166508,61.63943591918166
462325144422555335,-137.10548481283902,-65.96823647151321,57.37622025766461
462325144422555336,-137.67089798317411,-71.98288796421055,59.33340060338409
4623251444225553367,-135.62878551230335,-68.27890904761495,57.352395916719466
46232514442255533672,-136.75691677854883,-79.16724347394025,62.43558169193706
46232514442255533673,-136.86232101884778,-76.30664774375185,66.74166659174278
46232514442255533674,-143.03392407888862,-73.50809270702052,64.53140452878971
46232514442255533675,-141.34872082185137,-76.42477851100853,66.97183564203202
46232514442255533676,-141.9268713877047,-79.93189447752205,64.36683130807542
462325144422555336766,-136.0399158928887,-70.34363145545899,61.14596207861942
4623251444225553367662,-142.77102691939206,-84.09444085558204,61.1389308481207
4623251444225553367663,-144.90447432417645,-83.50672025220403,67.85878562381578
4623251444225553367664,-140.48584698914917,-83.53016694763238,67.39469691504428
4623251444225553367665,-146.55182341071753,-80.0933276165615,66.71234637591873
4623251444225553367666,-146.86422582823334,-82.64144675162734,62.91349488666256
4623251444225553367667,-143.16200903351833,-85.75169064232581,64.68680847327441
46232514442255533677,-141.80274787245233,-77.73272193551972,60.15186126172635
462325144422555337,-132.5095085594753,-70.90987253728103,57.06679707981925
46232514442256,-122.1175868753151,-51.060102848215784,52.13551741919147
46232514442257,-123.53368599014058,-54.64591187175726,54.24047256117916
4623251445,-103.98419053047417,-24.313471168980794,44.847831206569694
4623251446,-106.71037905157019,-33.17592993734013,52.87913299642578
4623251447,-110.62393184272935,-29.261998846826405,52.13494700781505
46232515,-108.37421600436265,-10.948513282011538,63.835342410017304
462325153,-122.10824727916285,3.642185230232549,66.67269595042633
4623251531,-108.14605634510612,-9.296781972016364,69.14819894421383
4623251532,-121.91941357385366,-8.980326142027728,72.9348203464341
462325153234,-125.39943074320965,-6.061000779193305,70.0692103599658
4623251533,-114.77674530359879,-13.479821587005183,68.50017177920819
4623251534,-113.53633166958669,-14.705778109328179,65.59505651264607
4623251535,-111.22918215899338,-13.195167956940725,63.56603910585411
4623251536,-110.1212718542715,-13.023449222286725,68.43799312000445
4623251537,-110.89201387625025,-10.82170712573007,61.91100870412646
46232516,-102.57267452592929,-11.412612073446413,73.8896583379213
46232517,-107.14382732452076,-5.655067938847701,64.65836067416367
462326,-112.67392221686377,-6.935209273164547,114.75317313762562
4623262,-116.61924856436138,-4.803362465957992,119.31934555826022
46232622,-119.6847912582351,-3.0697171118567366,124.37264354248765
462326224,-126.8124169512169,-5.035017140772789,131.43887358797784
4623262241,-126.8606028660532,-4.805323068045556,131.48309533578922
4623262242,-119.42204736972994,-0.2843327892537742,128.20322909841542
4623262243,-126.65808900591891,-4.546865589992067,131.3277259876581
4623262244,-129.19350387704577,1.780388329013431,133.4475578245163
46232622444,-128.93412284882098,-5.409280232928274,138.46075138288836
462326224441,-129.9174509191119,-3.9806521638998955,138.4442592188204
462326224442,-131.91408522862346,5.480287550833258,140.13583019151702
462326224443,-136.59672305460467,4.283807128698916,139.56525704071404
4623262244433,-139.34854374512813,5.085374306572593,143.1889522891878
46232622444331,-143.26047988672983,7.665308056994989,146.18656612812353
462326224443313,-137.73056192667903,-2.1891655566254964,144.87107796197262
4623262244433131,-149.4235100744676,9.27936008290037,147.45325776237087
4623262244433132,-146.50080266562938,11.713451247848875,146.3964078671931
4623262244433133,-144.35669244489952,11.409935957186542,150.56003653834293
4623262244433134,-149.67853619909275,10.619774769135505,151.92841473112986
4623262244433135,-148.07275329571226,6.926838467869431,150.07544843953292
4623262244433136,-145.74707839951486,4.139144104116663,152.72971357354572
462326224444,-133.66690225903866,1.3881634770701445,140.51012324999627
462326224445,-137.78526383385434,0.3323131931474038,136.51074579490393
462326224446,-135.49093248131214,-0.9106050870716448,142.65624777282326
4623262244466,-140.99996611607355,8.860798366756647,140.14157162646765
46232622444661,-135.0480190898358,-0.6225307140122376,149.63184028823923
46232622444662,-133.12245969285175,-3.302631822617988,147.4521808721124
46232622444663,-140.70719372101476,-1.1408146828545829,150.16906551306883
46232622444664,-138.72351895252052,2.5589019104788124,143.74185986345717
46232622444665,-137.8924815013422,-4.954257814866208,148.6881671058026
46232622444666,-135.8993879305761,-6.094380074546279,145.05711413609868
46232622444667,-140.08865706310357,-4.792807683763945,144.33628061516032
4623262245,-126.23634554178308,-3.3982744841507846,126.20695155980572
4623262246,-120.17012330480391,-1.4754939344801008,133.73993141945698
46232622466,-127.56632819160302,-0.3963221701175114,121.40464326607872
462326224661,-116.23755253428689,-1.813698595615854,136.84564668370788
462326224662,-122.61663952503338,-3.028660148512702,139.51181611777582
462326224663,-118.95165982129909,-4.599755219081176,139.36132218843622
462326224664,-118.85765388418676,0.41014433755732954,138.5736938322406
462326224665,-117.04399579925175,-4.645794819424956,134.25527363132372
462326224666,-120.93990646193528,-7.096673823763454,136.58503388728286
462326224667,-122.38906359837254,0.7938732313722229,137.8981209803607
462327,-113.41414941998747,-5.255251823664527,112.5812625178779
4623272,-117.48762142289806,-2.526931907522523,116.28687538972838
46232722,-120.51511136944765,-1.304290061135268,121.69494954237379
462327224,-123.68592842669183,0.6520956286874445,118.82905393601415
4623272241,-129.48633305170742,2.889560496712736,125.30025723807854
4623272242,-123.82675032256797,0.7220404866304992,119.46671062715113
4623272243,-126.46575206192067,5.541338120234861,126.63079609930821
4623272244,-131.07993993219932,2.9361406403896546,128.77256616147184
46232722444,-119.84104438000031,3.2751035756435147,133.75883702341613
462327224441,-135.33289153548614,7.091020147373451,129.61341467978485
462327224442,-137.95879421349827,5.018297414840582,132.46235885499078
462327224443,-138.29483999222762,7.585863568366993,136.27748593370004
4623272244433136,-143.76804747099044,10.929226333263086,142.62164399277432
462327224444,-136.0700976710352,2.033522494637904,130.19255405714586
462327224445,-130.52862153622388,4.750321744287377,132.5727650898141
462327224446,-135.84711401190782,4.348156434119318,135.51880740035847
462327224447,-134.11876280108075,8.802486236403281,133.9914303784095
4623272245,-121.70452369185816,4.068541974339837,126.71176707198056
4623272246,-123.77165266058806,1.201382066499664,128.01585774544117
4623272247,-128.18117503172772,-2.096599086809461,124.21588182746821
4624,-79.51088079611384,24.635028332556786,61.070146939297416
4625,-89.82668184956569,15.139393279982116,43.911943113424314
46251,-95.35555467105802,6.72753477496897,53.510244395966176
462513,-101.19430475465246,-0.9701810834873383,61.78230890716419
4626,-80.5878964211726,22.507437156135712,64.49004075480626
4627,-77.52868402543363,16.103582378235153,62.224508501141436
47,7.82606862899963,47.96401659783149,35.36368455119951
473,17.12686191298463,63.024530658797545,38.287484846681735
4731,17.043611657037378,63.42495679214808,38.421165377255456
4732,18.96129006563237,82.4104343945969,40.79120716982955
47323,26.6383950192194,92.41296889270775,37.372564572640556
473231,19.500210237685575,98.35185615886346,43.43116126143416
473232,21.391243392426297,98.04732712621278,40.490457219805435
4732323,20.118603578436474,99.69307549699204,35.95675191364971
47323233,20.14855846732962,99.65536470021415,36.04434992996593
473233,26.465984064771536,92.69721011897437,37.539413523950344
4732334,20.642926179927304,86.72434329805769,52.54329938746254
47323341,27.70667488868463,91.14064455104254,35.09546008404096
47323342,27.70819666646703,94.68404266948974,33.73620131397299
47323343,26.752474669922368,97.78989368485986,35.870088483325034
47323344,32.20487297936359,96.17225492322287,38.966952690188755
47323346,31.14474165830507,93.46931537634121,35.33440071629963
47323347,30.199731934160244,98.07860112483162,36.804765657615576
473234,25.544561624027835,105.79808844091737,39.63060687203512
4732343,27.971191010183883,114.10369835305414,37.78273864485945
47323433,29.144269865696604,123.76812996583674,34.21192925637219
473234332,37.51507888596534,124.63501331923837,44.92848956213423
4732343321,31.550453743408887,137.65891764042047,37.470545538883144
47323433214,38.10921127984688,142.21203811813788,34.44593649563115
473234332141,37.29939967026543,142.2687788130556,35.871823223336044
473234332142,35.772305079959196,150.61765405062226,44.12442864296512
473234332143,30.33028903301001,144.13693552260273,41.43128495686838
473234332144,36.73531446493854,141.55121170922462,45.21678675006947
473234332145,34.81380146879973,145.39884489926465,43.387578843591335
473234332147,31.757361009133167,142.59539562298252,45.553645343199875
4732343322,37.19484383144938,135.11098807125887,32.80940065469456
4732343323,27.14158408204609,134.10011645612383,33.62290800141383
4732343324,32.128529255872145,136.7925021260042,32.655600003520874
47323433244,33.01536111409023,140.95384014318125,30.997824614532952
473234332441,33.184435617515405,144.41660942613422,29.03516334250203
4732343324415,33.42355891790595,147.56203083101238,26.959602719828027
47323433244156,33.95984285633764,151.95227895938672,25.382210080776957
473234332441565,33.44944218888744,145.23903938984157,29.702311456965166
4732343324415651,29.896784417909625,155.64574658646015,22.166819117168195
4732343324415652,31.813156016208243,158.6192094333593,24.69404521156953
4732343324415653,36.0950228692675,157.92510453266144,25.95209771960781
4732343324415654,32.8438880360904,153.68824536218125,19.173170659893575
4732343324415655,34.62136581810577,160.46495270601363,20.478074752923387
4732343324415656,36.28712073908655,156.1260919113965,19.34961110569185
4732343324415657,38.50180022718411,155.10113182534369,22.887084929318053
4732343325,29.15142792692356,135.55974558452576,30.340712073954695
4732343327,31.76305789935094,131.9608254269775,30.087816767189704
473236,24.986120803929786,103.29810912990165,41.63821305309397
4732363,27.203053675519815,109.73740175512106,40.34331168999817
47323633,29.068652226856702,116.25995174469791,41.664970285242674
473236332,28.20262356178832,127.28881141529953,28.250732187254417
4732363321,26.725437013520764,120.73392378523857,40.34992155403046
4732363322,34.137506717649316,120.80279060368302,42.866589596525685
4732363323,29.70728808139542,120.57229336487237,44.75582827275773
4732363324,30.471008050828306,128.89096811659573,42.17671661713733
47323633244,29.747227407940706,131.99616025024264,25.09564223120054
473236332441,33.208259751747555,138.3425764198241,44.349156089685486
473236332442,34.764460862986425,131.04174051635275,45.16137856972919
473236332443,37.326641184641836,133.61870183951316,42.62956132260089
473236332444,30.247454857498237,132.10892851545285,44.84334632481589
473236332445,34.772432605761274,134.4116873213214,46.69628800496862
473236332446,30.03777324050469,135.76992897035151,45.1155222141102
473236332447,34.14449816347164,136.72129287738522,44.39681316164023
4732363325,32.988059733785335,124.73661316007815,42.20969831759469
4732363326,27.715930941507693,124.45686210973957,43.44522642044101
4732363327,32.43770326749684,119.25059729554907,38.99330243366515
473237,22.624239911547473,100.90594901562697,42.92057889743046
4733,13.659932443814583,71.00296296104939,37.884635864456996
4734,15.162227465317224,68.88436887185094,43.84108711574121
4735,20.71235010849414,77.90970401689985,44.86098972369378
47353,18.33855619621679,84.72388566232351,51.79440712344667
473531,30.056441050806534,93.00658962413019,55.89261220661771
4735315,28.280193338702077,97.51766222634542,60.722054707523846
47353151,28.566066880649025,97.21025558292207,60.92545712756294
47353152,36.129336933036214,97.26230035947216,60.655565734046014
47353153,37.52786765970262,102.70387293499876,61.08085507018006
473531533,25.491825454302525,94.60770791918202,64.8381403831955
4735315331,40.67041075333903,107.57342158477077,59.31638405342797
4735315332,40.09042900961086,106.54962163989455,63.08010108812184
4735315333,39.03436422715847,103.76613720109151,55.756803221637476
4735315334,42.365020502370236,101.17466917348776,58.966694853500975
4735315335,42.624785233733235,104.61193757577713,58.03616938823506
4735315336,36.88297345013981,107.12310747303563,58.56003139888136
4735315337,42.10828815987819,102.44137409395968,62.662398246537144
47353154,36.30954628633298,97.40768881551607,67.13758109557843
473531544,27.474987987223336,102.73264048656107,55.9381496580062
4735315441,39.64366868033288,92.9755598138848,69.58763075950502
4735315442,36.37066752594758,93.94732346401797,72.18172193164814
4735315443,41.000311563974186,96.40907732478207,67.15789179983356
4735315444,33.5599345084971,95.66435196789259,71.12016795208042
4735315445,37.74648871458674,99.47897303039005,70.91608468077764
4735315446,39.84445551599555,96.62557633358108,71.56406649786734
4735315447,37.17650412759788,92.13950962087222,66.94359042556215
47353155,29.905045649960986,104.12911469257747,64.93598145261002
473531555,38.49731720226484,93.24662840625511,60.371340486323945
4735315551,26.51821985814423,104.06943505934538,68.96151760066036
4735315552,26.295988588723418,109.11335208146986,63.89536545391053
4735315553,29.97972912075201,107.47183364005085,66.82701679549353
4735315554,23.46287571491849,103.1935502483593,64.25925809354067
4735315555,26.262933394976205,106.62941174921393,61.11032834922541
4735315556,23.39782196256604,106.37541930726701,66.14675549957543
4735315557,26.596368729921835,107.90333823249257,68.1991960027607
47353156,28.459561596001752,97.43857740178973,60.82296528302901
47353157,35.702435968544805,105.35645603731784,69.05967895298814
473532,25.18907834187338,94.88201934690365,45.60232052619296
4735324,19.780682117880875,90.06242931808586,54.41484235453181
47353241,33.21385055614423,89.17115282678485,41.63082943875137
47353242,30.762569732029952,89.58236859699412,38.92466901495894
47353243,26.768481537524554,95.24822081249006,39.87364262175251
47353244,29.636607195750123,94.52110846810501,42.7195166789288
47353245,32.90913947310023,92.77224741926565,44.24002148220541
47353246,31.839431777380497,86.73592962865756,43.09728410248948
47353247,27.92588892849651,87.12741107704201,39.00772553580743
473533,25.40096398202293,90.45165094075672,50.93609377715648
4735334,25.661535842800724,83.058199985631,37.71494788128529
47353341,24.497110285593568,93.5565195578992,51.31948201423317
47353343,21.896559292780548,95.02557838205199,48.855308744307244
47353344,19.63817286024212,89.17599897426602,48.462661584176864
47353345,24.48558336534687,87.44331726319798,42.65183130372354
47353347,19.51661009475489,92.57563321459166,46.021516395239274
473534,18.91669368191874,84.90779072735941,51.710765941297666
473535,25.866849091176356,87.92137502764062,54.82466445484439
4735353,22.073525901472856,86.46558428360646,58.37353944412163
47353533,22.193476721409617,86.74669304281318,62.174787273511974
473535332,21.411143598468485,86.57711984832073,65.64117816732674
4735353321,20.491101767927997,86.59557064331092,71.98550039680957
473536,29.797515238680113,85.00336851293737,49.81498534575049
4735364,19.516330712859084,93.60495408715475,48.30038061746582
47353641,34.089461734488765,86.85036166785198,45.96995787513608
47353643,26.408086434623183,88.79245972720138,48.64050154158756
47353644,33.49119824415122,85.61915715681128,49.328157770560274
47353645,32.53334639357569,82.53936176060557,45.56650532959587
47353646,30.31606123445166,82.0459812096994,49.23617959308294
47353647,28.49496768627219,81.86725073980367,44.15198996880774
473537,27.99844928064753,85.03197677633506,52.032670752022185
4735372,25.791867183495125,81.94511087266474,53.8925369765162
47353721,29.31832840751967,78.00315060907911,56.74255127958366
4736,13.462349479018462,72.86957857526285,42.233246598930556
4737,19.25240145995865,72.33816098780514,39.945351426216426
