# 3d layout of every node in the WeakC4 graph.
# Format: one line per node: position,x,y,z. The root's position is empty.

,0.0,0.0,0.0
4,-0.006429909067408381,25.295528160529965,30.46014417760973
41,-8.007010011831518,47.88858808601794,35.331162910322675
415,-16.604128397265153,65.84468092144945,39.14690721073564
4151,-18.83056668778381,71.22758624141561,39.84901675085239
4152,-14.037438296005755,71.78345468148116,41.75727600722553
4153,-20.444426428734953,77.89254304184422,45.111508216767774
41535,-21.45779743442882,85.80960031843485,51.21864267004645
415351,-26.510571708765102,84.46018742478189,52.200819627223986
4153516,-26.67065071095026,82.26558989786497,53.666239615287985
41535167,-28.64671521867428,79.06078016769658,55.95250242865123
415352,-27.60030624908003,85.7828129895045,49.5551726903818
4153524,-25.298337824127028,88.6563155206507,47.37755823525652
41535241,-27.846546208693876,82.98821174051996,45.037745239611084
41535242,-29.458924545345173,83.46556083485831,49.098151125866735
41535243,-32.07167655981685,84.35227568812151,47.61399513909145
41535244,-31.580317019216196,84.9591302340633,44.746476399397885
41535245,-25.843416845083897,88.11215366224059,47.380953871021006
41535247,-32.27814858061538,87.92618460344023,48.08126592825146
415353,-24.320316160350387,87.25421373001807,54.75906300631589
4153535,-22.74366514549813,86.77076465090774,58.337281469186294
41535355,-22.17120345847819,86.73226250015236,61.92237937551054
415353556,-21.549466611855944,86.65680816734722,65.41622433672202
4153535567,-20.743663105139095,86.63103083820329,70.56037246640766
415354,-21.799371418191072,85.91921121718453,51.17656277057165
415355,-23.999328144117655,88.8155169429953,49.265580934164454
4153554,-30.280546136276964,90.65742024146627,45.139920350246406
41535541,-20.498171692295116,91.45369449150823,45.908350897997266
41535543,-26.3009219682523,92.43247584878921,47.78155086708654
41535544,-20.93479390563218,88.4018541582259,46.45407347180163
41535545,-22.554748394357908,93.98976240402233,47.628683666474785
41535547,-23.428983166805175,92.03737358119729,50.19520669579625
415357,-29.060355192674443,93.06053276466214,56.22069261944876
4153573,-29.948455177540513,97.89763588396328,61.25066547579037
41535731,-35.003281095936686,104.4090589327361,68.01551162703306
41535732,-29.96338965373803,97.88991616611663,61.277686196078236
41535733,-30.448054651030233,101.99249239900476,63.76730321218279
415357333,-32.13623708414677,99.77325139848838,62.769172017622495
4153573331,-27.096297254546098,106.52034724773522,67.42837855411025
4153573332,-24.653040980098417,104.8938464832942,66.09001421508088
4153573333,-27.188191171751786,105.42348054090844,61.27542955897508
4153573334,-24.8308265794218,102.49444299916166,64.08345654224672
4153573335,-28.958161224073166,103.86028340945263,67.88060625342786
4153573336,-26.47942461865766,107.4873952818638,63.6261139958598
4153573337,-29.812915371192393,107.0112258386208,65.48093113829832
41535734,-34.61619930243988,97.78561985715606,65.26420716633626
415357344,-32.69743962939399,98.9079340689262,62.83603422563318
4153573441,-36.556704847617446,93.13167112762409,66.2683445098795
4153573442,-38.35215919735872,96.82758078555123,70.69233939509407
4153573443,-37.20534124227191,99.39987519778104,69.41666795196097
4153573444,-33.54552956721156,96.34722889615735,69.91444444525652
4153573445,-39.741197174831065,96.86680039002069,66.47332535519394
4153573446,-35.787599964871845,94.09199908765714,70.41048648583639
4153573447,-39.0391241808479,94.09645619531592,68.53003122876541
41535735,-35.42242537076077,101.23823784181681,61.30882516586539
415357355,-32.98425329275275,99.63272242688645,62.048513662416234
4153573551,-40.32249848960595,100.61738507690772,61.447469631405504
4153573552,-36.33255479541037,105.98945511627537,59.09793510637786
4153573553,-40.984449882945164,102.92569835228305,57.90461423063803
4153573554,-41.72538411911992,103.18341476732814,61.0755407280759
4153573555,-37.95153182839736,103.15926827230635,56.63391014834249
4153573556,-38.910407834755205,105.47297169993615,62.852210746912625
4153573557,-39.78046469583562,106.2853957845849,59.45231466382291
41535736,-34.702858149987534,97.37018401465532,60.86180377051447
41535737,-30.027170406777383,97.98170638605957,61.187932711891726
4154,-15.508471051319761,68.22423754400023,42.85852571837128
4155,-14.305951637580073,69.94357024212692,38.180889224877085
4156,-19.54529405441093,82.32246350057763,40.593142277512264
41565,-25.150605880337423,94.14242810755033,39.65360831172203
415651,-20.419368933553027,97.436560501952,42.12176545482031
415652,-25.348231397908442,103.00540060110067,41.113473956435385
4156525,-27.15333890721009,109.5599715385735,40.58409873824092
41565255,-28.791913742604866,115.96761772745667,40.719556266374035
415652556,-29.54068379790133,124.01587940427166,36.28509605093058
4156525561,-31.9313083619804,120.08640770943597,38.40366481438317
4156525562,-28.110474008573874,124.43677771498089,42.160098207311506
4156525563,-32.48262269087778,124.72408118932462,41.00359743347062
4156525565,-29.666496276290157,121.02249424436017,43.44052475576071
4156525566,-33.39817679993138,121.29502458157037,41.875274840404586
4156525567,-27.266009568125078,121.32603580363634,39.455988192536196
415653,-23.79753653440199,92.16445227068375,45.130719160208564
4156534,-24.63769599568504,89.50999057334923,46.27874496256805
41565341,-28.70160682813897,89.38300792322383,39.5810547883052
41565342,-29.774694934052658,87.56970909527836,44.336230447541006
41565343,-31.18445632713071,92.41057496478139,44.20086989165208
41565344,-25.288234008751175,90.2330648330275,40.65238038649817
41565345,-26.23834765816578,93.59078475461133,42.26232540129148
41565346,-28.16665690156355,86.80183204702455,40.822878167174004
41565347,-31.67872407325583,89.46035768041462,42.12324241238367
415654,-25.824013264013605,105.4334305562761,39.42344867336744
4156545,-27.891242258335254,114.01709100646845,37.80153204499045
41565455,-29.68357123333219,123.1823278486507,35.527438995629716
415654556,-33.67639297047844,128.90771791273457,39.268322121652
4156545561,-31.914567313181053,131.60215362934537,31.360334552622184
4156545562,-31.35026728778985,128.4452611211433,40.12397191414311
41565455624,-31.450940088436532,132.7070003865819,34.35980591613768
415654556241,-34.063929123047686,136.2990784983033,43.13331497823867
415654556242,-30.36392870670527,135.42765929067372,43.62980180992497
415654556243,-34.156615007156375,134.12868860764203,45.27111495871146
415654556244,-30.47881573870137,132.15544127192572,43.55142079735607
415654556245,-36.506802595227555,133.41559312012907,41.6241015768767
415654556246,-34.359971272605655,131.18528186601182,43.8006137477652
4156545563,-29.845032520155172,134.75169228652527,31.477407423950133
4156545564,-32.53586452228331,136.83036114738172,33.03834351232456
41565455644,-32.95959053281037,140.77364075555104,31.042493307846357
415654556447,-33.24315869671464,144.3405337024368,29.090935322950397
4156545564473,-33.53400085444331,147.66041590567545,27.27096151653352
41565455644732,-33.90202091836817,151.2248628063451,25.548776599843308
415654556447323,-33.87747742243821,150.8638051193115,25.787999972080932
4156545564473231,-37.668857910844466,154.1833517679254,23.54540200756685
4156545564473232,-36.01698683770338,155.05718235808573,20.433560804241978
4156545564473233,-34.56464165493157,159.118537438104,21.182990908981175
4156545564473234,-32.93005119219664,153.26861758737266,20.333521748154713
4156545564473235,-35.69893010295186,156.5567591243561,25.989334265320743
4156545564473236,-32.18270420488128,157.24254635563437,24.857633217572243
4156545564473237,-30.627228274303075,154.53958155907117,23.028287000415872
4156545565,-28.125044693458143,133.34187002116556,34.33265059319487
4156545566,-36.79789572823222,134.26064143370513,33.78123891896353
4156545567,-32.73005091205249,137.28482222868263,37.70875516433048
41565455674,-36.13418957529922,142.04369773654247,38.10820476556539
415654556741,-32.5200484040645,142.31499588357573,44.29109315930401
415654556742,-33.503205355315124,138.00476656227778,42.33442157782511
415654556743,-34.88812901881317,144.67336391000902,42.130143583911554
415654556744,-36.56704596714794,141.56432214885973,43.84000206473796
415654556745,-31.414907599289062,143.53509411111418,40.69832401425558
415654556746,-35.86271899741154,149.45645392980558,43.23420515361756
415654556747,-35.95223459826253,142.0527654608454,38.41558447059433
415655,-25.107899179828806,94.19988811167671,39.67140118266816
4156554,-25.49843323239554,91.75964103945373,45.70361311981227
41565541,-28.52353662738684,96.78240025884772,36.78006883272058
41565542,-26.192277521826867,93.02223366190061,35.968297614121
41565544,-31.31004447175503,95.34839332239555,39.60532582484277
41565545,-28.23399445763446,97.79754114056279,39.395121618333086
41565546,-29.27746616987725,94.26530761891695,35.81168191017673
41565547,-29.396551462569786,91.6109393007963,37.15739799318797
415656,-22.12100847826853,97.55938957165297,39.277651841462486
4156565,-20.570557090964517,99.2266958220597,36.70612028535402
41565655,-20.57967893046287,99.21766636750485,36.71827209784936
415657,-23.016652470672806,99.31474827207606,42.81347966420784
4157,-16.570425519075208,66.05462860807587,39.21985780128812
42,40.01390533913435,23.25552270530288,45.735759128083785
426,78.50042079882768,17.54458664891515,62.15112423802993
4261,78.74950767937159,17.91824105630523,62.05396710001488
4262,79.03680584425291,21.146058824128204,63.226246916012016
4264,80.40111802597049,23.431656817359244,61.394653987090784
4265,94.56405487520561,6.578084596319009,85.14558004155148
42656,107.45464383176224,-6.074693668510986,103.91633924594919
426561,113.41572169325616,-4.951334913039189,112.49634214215757
4265616,117.3022691457404,-2.7873749810652306,116.56107258876423
42656166,120.86779566910744,-1.066256653873021,120.79851194331053
426561664,124.28775484100431,0.8654452110518019,122.07215092944068
4265616641,127.01903059092645,-1.3809560900132576,123.73922410474518
4265616643,122.23474276137765,3.21734674934539,125.74759981648525
4265616644,129.27906746021773,3.006507826300129,128.7126384412234
42656166444,127.73578577713975,1.503964563252491,132.33082137352065
426561664441,132.9115536494122,8.031272896338661,133.49525249532192
426561664443,130.4617422569429,5.943335901080092,133.17157134447154
426561664444,134.68189543629595,2.394073117959289,130.76836336143057
426561664445,136.80722639240494,7.063287879940886,135.96817148937004
426561664446,136.26616560280303,5.0700626320861915,132.69778792318564
426561664447,133.930915150376,6.40277444752062,130.08124157857273
4265616645,128.28208467606729,2.418417646373604,124.68681725548691
4265616646,124.35068321335314,0.8878535099701234,122.28726301990167
4265616647,126.03796151264017,4.436430633912874,125.86568792233457
426562,112.8275099942735,-6.402296659890376,114.45229950650992
4265626,116.5487636632266,-4.7737339863300186,119.34559024817213
42656266,119.95415475436012,-3.3472063451826743,124.28230745577856
426562664,125.72951388311398,-3.6021160374965007,130.53398508352745
4265626641,124.2036200880285,0.14887600226425887,127.48445606009788
4265626642,121.89637386017141,-1.876355486652123,132.28116924200597
42656266422,123.41615871217955,-1.603560841519927,129.72275047226435
426562664221,122.88096751146075,0.04389645866368341,136.69961211428952
426562664222,121.24451981251147,-6.237989568972218,135.48006041344263
426562664223,118.01396023065591,-4.129911898306819,133.50444990610586
426562664224,122.4220685614816,-3.0570669396035695,138.1864391671709
426562664225,119.29401088098795,-4.088034651902807,137.95326864085771
426562664226,119.77747294255562,0.32777810436786303,137.04773073087077
426562664227,117.32764305070042,-1.6058133983492051,135.78525676760398
4265626643,125.98950724040688,-3.2882734696501528,127.64821586362352
4265626644,128.79076077884065,0.05719060864335956,133.72398505597556
42656266444,131.73222946525192,-1.1233757110930696,138.8881355348153
426562664441,133.8701254044008,3.470399299046417,135.56250966338777
426562664442,135.22910291554257,-0.346701796388334,141.8181160053468
4265626644422,138.47613922051102,3.022128220459426,143.50325289807517
42656266444221,139.6985835955638,-3.3646155225708485,144.01653308458523
42656266444222,136.19324289468113,-4.703356744486683,144.67899688832017
42656266444223,137.90287289845864,-3.7802839581520504,147.68044742797528
42656266444224,138.23950766429567,2.247647799036839,143.8614701024979
42656266444225,140.33372556463888,-0.39881296614571743,148.88140378078586
42656266444226,133.8385070449667,-2.3394696277173592,146.61641043877637
42656266444227,135.57925741508038,-0.1946021129095444,148.47980049625124
426562664443,136.36400139518992,-0.0643368222266581,136.7244026363384
426562664444,132.12060186338599,-0.6494039853091041,139.01585245759532
426562664445,136.43518327284687,3.53734145394468,140.11887631141025
4265626644455,139.1685438263414,4.73477570101759,142.85611040242466
42656266444557,141.9170188278099,6.046245271222592,145.15257522154846
426562664445575,142.6483892202805,4.488594133782099,147.94271034790847
4265626644455751,143.32009594077707,9.537184526838999,142.96645520949298
4265626644455752,145.0083441438327,3.7071407342352987,151.3808836901586
4265626644455753,145.62604167207482,7.3177305630657274,149.9756106733812
4265626644455754,148.82481296491613,9.634206815277738,150.9791312478716
4265626644455755,145.69674589463526,10.464392017399126,149.17533275474136
4265626644455756,143.9201908708342,10.767843695199236,147.02211164940917
4265626644455757,148.10631328751424,7.407586827630294,146.46450806167726
426562664446,131.77196643471723,4.047466935081327,139.71768781399163
426562664447,131.74977281588082,-1.0912781902233055,138.82127555623407
4265626645,125.75131173596513,-3.5624646620186877,130.52368764122053
4265626646,120.64239674427084,-0.8594046414790297,128.63234374592244
4265626647,125.56642272939256,-3.53562922506138,130.46071767022195
426563,108.90150028296769,-8.016745021900805,89.7197481649113
426564,115.77346268416846,-18.512952025206726,118.84177719646449
4265646,122.16963942393348,-29.864500834454894,128.4785573140331
42656466,128.4062810290593,-41.00730979505304,138.23358433932748
426564664,134.52897822364102,-49.10235264129706,142.3954032871817
4265646641,136.23046268100447,-51.08168900566678,148.5400898170948
42656466414,133.374156419909,-52.03133993484274,153.75225859731177
426564664141,135.2926973181371,-48.94179141731305,152.3357536025929
426564664142,139.3953238083158,-52.7974718131005,151.31585395988796
426564664144,138.14488070045897,-49.13385718824728,150.7369867824787
426564664145,137.87196765970083,-51.475575997861384,154.9423819284443
426564664146,135.36852807914988,-55.992610475720085,148.15897172721185
426564664147,134.86764191259792,-56.73119484276662,154.0823158593756
4265646642,137.4503486198382,-53.84107570809519,147.38644784620482
42656466424,141.8725836433453,-56.731822299796306,150.09188745536503
426564664242,141.89245596272028,-56.982433647593425,150.46185940324796
4265646642422,140.0682887137786,-56.632082006472416,150.72192264221854
42656466424221,145.81600344810806,-62.26789351476668,151.78479629022704
42656466424222,146.58372796786537,-59.49363745795065,154.6910845180216
42656466424223,147.6683571765158,-56.09578433270515,153.1866310518617
42656466424224,148.99316569859982,-56.70363024318301,150.04337075944184
42656466424225,146.2276008589314,-60.40551755740178,147.99196952775603
42656466424226,148.94284128017085,-60.090090179683045,149.32633695731462
42656466424227,149.1031467380566,-60.157353044655025,152.59302827196737
426564664244,141.43858534101193,-56.52463199006822,149.96814391267395
426564664245,141.67878291072333,-56.56201528586527,149.9460713887332
426564664246,135.77618045821887,-57.9784245185837,147.83591354036415
4265646643,132.59974844713747,-52.55474781576778,150.30748493434984
426564664341,133.69515528559452,-52.03852540928069,153.55702824202902
426564664342,135.23228249660622,-54.178209419200826,151.7059933830742
4265646644,143.07682693618864,-64.36520158741317,159.93309933068176
42656466442,150.56003370287894,-74.4972377489364,169.97997294625628
426564664421,150.64491603726077,-74.49671628604904,170.25615572803306
426564664422,152.46090503587794,-74.34970234072667,175.5078625073425
4265646644222,154.06086273564338,-80.19370882638091,173.8875466202235
42656466442221,153.9278005778105,-71.34761408469123,178.3356090572435
42656466442222,155.58449241450816,-73.41029284328145,180.94761688910302
42656466442223,154.2062012544275,-77.11501756342942,182.14581803936719
42656466442224,155.42542871063864,-73.25132372127464,176.858545995534
42656466442225,152.504730635161,-72.88627986608114,181.34168899384358
42656466442226,150.35940776603584,-73.26414479762047,179.22908919549343
42656466442227,155.03215773335836,-80.25522189278358,178.990546212089
426564664423,151.66048582342952,-78.29150407020195,175.21361459876542
426564664424,159.01309387528312,-86.96753881415458,183.41394270555529
426564664425,150.5653958413753,-74.48558236570297,169.97128579836203
426564664426,150.66593524798623,-74.78557124337566,170.08301372524295
426564664427,152.93907825371215,-80.531186547816,172.236339392553
4265646645,130.81210693565413,-48.03757695016191,139.01635874375225
4265646646,134.02599115158588,-56.38055061482488,146.76943706580678
4265646647,133.22805718980547,-56.36654992677981,151.27015035765544
426564664742,135.53803726234682,-58.17449499574563,153.04120575720432
426565,111.6355395183779,-13.142839232409708,110.3421854674212
4265656,113.79365958382726,-19.30539561449454,111.10063208209341
42656566,115.74445283953209,-25.493655374521868,112.15886991307188
426565665,120.5464876040217,-30.489469881028512,113.68112354736772
4265656651,117.59071691680305,-35.45512399861916,116.0631150136985
4265656652,117.6566844994749,-34.20608880258092,108.29241009478443
4265656653,115.57398136652643,-30.158910803902433,104.61025408810097
4265656654,123.43050844203292,-38.52404981015109,123.21006323901891
42656566544,123.59076111585607,-37.479193028822486,124.2215474351868
426565665441,128.14740710938966,-40.87933748067181,132.73509488557784
426565665442,130.22258320120707,-42.84535485652807,130.00352523478819
426565665443,125.32327699314376,-45.56808319586045,130.11161340069708
426565665444,129.41171535011202,-44.01585806531437,133.9155360523695
426565665445,124.91653608074833,-43.31972423664197,133.43099867858928
426565665446,129.33517471982017,-45.86208909235135,129.69437252156578
426565665447,127.27016589477249,-46.59189236289644,132.8106698648045
4265656655,120.54196869094794,-30.491243026710183,113.6787763760481
4265656656,117.89537747595519,-30.26028455834635,108.26790468442266
4265656657,118.69440003004448,-31.75780238627611,117.65801096111655
426566,110.79637905713956,-7.103230080952183,129.21476862515823
4265664,111.77731134097795,-7.677316542353928,145.3692322705244
42656641,112.11999640834655,-4.238664591279538,152.06237490832075
42656642,111.22877305794809,-4.093669859161758,149.15338586728956
42656643,111.83311901369922,-7.554227568485471,145.69603562776607
42656644,110.67421862791949,-5.018567517861377,154.3783093644822
426566444,111.65056234214761,-7.363859767156008,158.10642775274843
4265664441,109.3789197177555,-1.308470991507306,160.7848500901151
4265664442,111.20335349921027,-6.891077835843528,158.2678752081001
4265664443,105.98749401541703,-5.7476666032082235,157.73380602801728
4265664444,105.65742747869955,-4.350059219919438,160.5278121481387
4265664445,110.24917558656622,-5.051018767287716,162.33037566208378
4265664446,108.61780963314028,-1.4582946659031912,157.47906646005285
4265664447,107.49781960845989,-4.086769823060962,163.60038650102226
42656644476,107.8166116485845,-4.2501708817744035,162.9535845558898
426566444761,103.30963432479642,-3.538175348789776,165.45518093034624
426566444762,102.994140923379,-3.085364662346619,168.61775801835964
426566444763,105.46152795030372,-7.07633115868611,168.3230504681356
426566444764,109.48736443827383,-4.290143000219035,167.72210493302165
426566444765,107.98650145465827,-3.3398311638742504,170.34552709892566
426566444766,106.37543415033706,-0.08234148883767399,167.5884880379687
426566444767,104.61593073743815,-3.1478991341637723,172.22436350148521
42656645,116.57293065009269,-6.4347130717067005,164.12466766437944
426566454,119.89982665532477,-6.073539044127753,178.18621680320814
4265664544,123.24488151888939,-5.692731092976271,192.09401639589942
42656645446,127.60858121568418,-5.683123128728614,202.99770393838193
426566454461,123.26526886587536,-4.6538542091809605,206.99167488842818
426566454462,127.61310627871565,-5.682133327917035,202.99258409935513
426566454463,126.47960499752946,-5.330085459066355,208.73251579973615
4265664544635,130.4719752369011,-9.159316636190761,210.7764070409283
42656645446351,122.92985648212273,-4.706118976419755,209.5552086079441
42656645446352,124.16455959250588,-8.425272662243813,211.89484962074954
42656645446353,128.88000003784214,-3.817367680898087,212.9755082558525
42656645446354,129.95229863484485,-8.853284130514602,211.336908355324
42656645446355,125.62794735593447,-2.780867512982279,213.4512200955036
42656645446356,124.31673322201165,-5.83451972080225,214.09459863467322
42656645446357,125.52499299701023,-2.0094303331086234,209.70705584276368
426566454464,129.2019342408087,-7.697605697346299,208.28330092022716
426566454465,130.1798891271945,-4.806047818977825,218.6378527878744
4265664544655,132.0447840496473,-4.539650682566925,227.19111240199229
42656645446551,131.37194736773358,-2.276455742352585,232.10330795789767
42656645446552,132.597111972243,-7.4750280040028,231.80390481891135
42656645446553,134.14975553569806,-4.599760632776482,236.56188603991
4265664544655346,136.2239827933783,-4.084450573695262,241.82371089761872
42656645446554,135.54239836204928,-4.534416223538761,229.27939250463388
42656645446555,136.3711930780672,-3.218098991399467,232.08614739053633
42656645446556,136.88179154404287,-3.803322250888583,238.95021546486763
426566454465564,132.42287686622964,-6.669908045802098,245.33859606242368
4265664544655641,139.7557089314428,-5.919432332381397,248.10552762268594
42656645446556415,141.1339971724753,-6.293561032054498,251.56087649265552
426566454465564151,142.83929554831678,-8.92654934526363,249.01361568406128
426566454465564152,142.2601104934861,-2.0789984134720387,251.57011174389947
426566454465564153,144.45478641353392,-8.13071014554968,251.91779130940284
426566454465564154,145.58120911319205,-4.261519453466212,252.65427382026056
426566454465564155,140.08131665835117,-8.724736393800805,251.78847962729859
426566454465564156,144.10193246542806,-3.713480915809314,247.08631228080586
4265664544655642,139.17148094347505,-0.6163910967302466,248.37222454882638
42656645446556425,141.43639463253058,3.856583044199342,253.60885056233906
426566454465564252,141.66025886305533,3.502145180546559,253.16352287099352
4265664544655642522,141.83473278041245,2.370563959348331,252.2473157293671
42656645446556425221,141.4358286303762,6.511431716153478,258.9666112269876
42656645446556425222,145.65498308991533,7.88391642536995,255.77084424117902
42656645446556425223,141.77006851132404,10.005691597614238,252.91721049964104
42656645446556425224,143.4172642104803,8.92405927969298,258.6852239270033
42656645446556425225,140.40389475522622,10.672608403127192,256.55238873525315
42656645446556425226,138.60563990771254,8.109697797117603,256.4929704275478
42656645446556425227,143.80802009913654,10.80077067760516,255.66217947381986
426566454465564253,141.23885925554814,3.2628843178776035,253.3546168484553
426566454465564254,145.22876529366653,-1.584202924419299,252.50911455771507
426566454465564255,141.96336704971245,2.909685323197849,249.6711729994749
426566454465564256,143.20127698609443,-0.40000423450254635,247.6352346481352
4265664544655644,143.00320339437238,-3.2211603371248807,250.2839822758056
4265664544655645,136.78497323694168,-6.2538961789105745,257.9408723575668
4265664544655646,141.79882139351494,-2.192335194425693,246.55136539718976
4265664544655647,137.80135002263594,-2.7037562549017315,251.0836376202466
426566454465564751,138.67365694163274,-4.079027049338228,253.09795806418344
426566454465564752,138.43166369736082,-1.2252520758349896,252.56580848999567
42656645446557,132.11999386854234,-4.535885437405663,227.34633589069477
426566454466,127.59169916665323,-5.6637014208794305,203.0699937026919
426566454467,125.82374007976271,-1.9103872368846833,207.22410229987673
42656646,115.81231150126014,-5.846883771287847,150.28609964936217
42656647,112.4537578560086,-8.714964698672318,151.21668624491494
426566476,112.56227930798838,-7.289434616450324,150.12827573442075
4265664761,112.63873743822204,-15.258046502217656,151.88027921564228
4265664762,115.55722631664285,-12.817838812951054,152.45360379196032
4265664763,114.20206194265361,-10.714361606161145,155.65131647430087
4265664764,109.05115167819375,-13.912276263102408,153.5582093835438
4265664765,109.54872223849993,-12.651635665526253,150.43585763706707
4265664766,109.9870099197004,-11.336139875234087,155.74498872294058
4265664767,112.78699936385645,-14.25859185277269,155.54025548555535
426567,107.68040069645612,-6.716955089252614,111.33107263978376
4265676,104.64466289825023,-5.610972202743581,112.90438191736176
42656766,102.55795717544643,-4.406183001256631,115.03827305264413
426567665,101.224411725336,-6.643047417516914,116.77796806991243
4265676651,96.8183170580999,-5.697214063208681,116.96704099312589
4265676652,100.25861388909841,-1.2285324090992402,120.21253959535922
4265676653,101.09070287792541,-6.3734248916524985,116.8787395098663
4265676654,96.24613807518105,-2.664630678202892,121.35401571328211
4265676655,100.02644930457788,-5.7444264809246866,120.91950258705818
4265676656,97.6831238493627,-1.705016128086817,115.91282678784275
4265676657,102.09969449631593,-1.2319906669968146,117.33583810561245
4266,79.97445952442283,21.26981994268443,58.21098852973323
4267,95.84944939498119,35.81627256591981,68.10372336158814
42675,111.72254466690421,51.39421212522107,75.07323755452062
426753,127.50138552646929,66.9068799495732,82.04815944776499
43,47.11708161887526,21.10548840791644,25.945504211771127
436,92.67280682360901,17.840930609311517,20.425906764260745
4361,97.53312040342648,11.747360709287943,30.682510466772964
43617,100.82537562279964,7.268204375652036,39.898111997779125
436175,104.23831775983244,2.8664149222748536,49.059609762987456
4361756,106.28054021532475,-1.6459144329034365,55.87825947433483
43617561,106.27495298461584,-1.6455637863769916,56.04496704880211
43617563,108.88811213568866,-6.636587069187316,58.61556868341386
436175635,114.70438672661508,-4.436479016199096,64.64783960451605
4361756351,110.54202835602727,-8.909102116478335,59.45706104346712
4361756353,115.05233542657594,-5.105687000500243,58.08649559439516
4361756354,112.2036084826579,-5.573696810461705,57.35407514301069
4361756355,114.32645170701785,-8.881682042425625,58.524573413015574
4361756356,118.4328032000756,-6.556479559600308,63.05651015178164
43617564,105.41744337792778,1.1799705415572237,59.4294904527466
436175646,103.12403858752657,3.4850661183852303,58.61926233415374
4361756466,100.3635321736853,7.077741284598878,59.54425800859142
43617565,106.25720513369384,-1.6436821210507722,55.89492895000382
43617566,111.88991803586403,-0.9412934919715691,60.39161519340062
436175665,116.10998862069692,-5.187725884815053,63.8764361395451
4361756651,115.18689747590415,1.884061242218571,63.81748402047622
4361756654,119.78562392396013,0.7943492740429567,65.88902839177057
43617566545,122.50961469326306,-4.432404799204861,67.46818257391902
436175665451,124.06898399941973,4.383679606997785,70.12331884577152
436175665453,129.10018925602742,0.3984852852587812,69.5011027983781
436175665455,126.39584350521473,2.997754136034587,67.08579824524118
436175665456,122.64705057854492,4.825965174769092,67.32837414876379
436175665457,123.50305668910418,3.0174989299859356,65.13633808349942
4361756655,117.01908090364867,-0.8021873598311543,60.52892674836534
4361756656,118.22149936583108,0.5084443776239318,63.28126271447284
43617567,108.12767623679201,-1.2392026362564954,61.05313486033534
436175675,112.09253233253155,-6.975800868318111,63.80895106741711
4361756751,106.58048781565633,-0.05759060887861572,63.023547146550726
4361756753,110.21743740412045,-3.8348122151536304,62.117226431033075
4361756754,110.03372847689364,2.2056509808875764,63.170447853287925
4361756755,106.67361022940547,-0.9986293020735186,66.16184117359707
4361756756,112.71087390303094,-0.13970609507227624,64.15386728439259
4361756757,108.56593356180491,1.4728763985981044,66.09943329399819
4362,89.76137748187898,14.624553544465885,44.54546479290999
43627,95.48611703160206,6.607696910081569,53.51236362845389
436275,101.1927089104414,-1.0921654816162112,61.86177942087848
4362756,104.74563332955026,-10.540748240482563,72.45791781204454
43627561,106.93191403486225,-5.757400435198417,64.4942088977881
43627562,104.80222346080834,-10.517864252876203,72.42024361426672
43627563,108.78116872255374,-10.44412127516604,64.01263721715678
436275635,117.1203764127525,-4.0334684344056395,66.64071903218377
4362756351,112.15794022588813,-9.00817139337232,63.12444260353831
4362756352,111.78672936705745,-11.809907410875477,68.79209823399104
4362756353,113.16082375127701,-12.118618804863141,63.75146131692549
4362756354,111.40512275741705,-12.725425687069041,66.07129128295458
4362756355,115.25200349030891,-12.348745138606503,67.0341693269269
4362756356,120.65633365519678,-8.220044571163148,69.98153791884613
436275635654,124.90451500126616,-5.208308680119199,70.71056605216994
4362756357,110.29188352494276,-8.120367077526373,68.48683533255884
43627564,107.93003344563331,-18.026800657626378,61.18729707144815
436275644,105.71169017432669,-22.594699227983156,53.95254579208762
4362756441,109.76411990519658,-28.115198133487656,52.43240724464861
4362756442,106.55254953454848,-31.713793381790516,53.08572575327219
4362756444,111.92559284268074,-32.023139228179836,54.23774482970535
43627564446,115.79442814268954,-38.05636215085055,55.02434660024097
436275644466,119.3553332206684,-44.111652512269394,55.41691042226411
4362756444663,123.12777187093864,-46.410662954469394,58.56375001245774
43627564446631,123.435785458124,-53.35690601858702,54.899900111085536
43627564446632,122.25233480401415,-50.20770127518713,53.21427714623543
43627564446633,126.4593980364984,-54.99316246212771,57.05377582821098
436275644466333,129.4704567287859,-59.202767428267336,58.02539682641014
4362756444663335,131.97970124448318,-63.73493662325926,58.48305438312836
43627564446633355,135.97940012619077,-65.8575844446604,60.153911420883446
436275644466333551,132.48491863719548,-69.86819192923998,58.31356658965589
436275644466333552,137.43024652412674,-72.1272345890621,60.80559265046158
4362756444663335521,137.47734397212398,-71.80467892544914,60.34517529792016
43627564446633355211,140.92273775222492,-76.61364478029729,60.252155670153655
43627564446633355212,140.78606659185056,-77.97779181193131,63.532874672879245
436275644466333552122,139.9781923809747,-76.63067243859585,63.07062772145917
4362756444663335521221,142.4286808035127,-84.28585321529437,64.403210702878
4362756444663335521222,145.68681840272495,-81.61605803619224,62.9474522378136
4362756444663335521223,145.29728533027372,-79.4197349911293,66.1448808397923
4362756444663335521224,140.36277543761048,-82.20357282698461,66.73870139598363
4362756444663335521225,144.1479767494162,-82.48687863302092,66.97554340813689
4362756444663335521226,142.26977262562582,-82.7319085317882,61.419250485711316
43627564446633355213,140.5512728385406,-75.71900595850326,65.88471596224393
43627564446633355214,141.9385800219949,-73.2512826340431,63.69130002846105
43627564446633355215,136.89967151602315,-75.44093717562806,65.51717252607932
43627564446633355216,136.89743667202177,-77.7980192067837,62.050906460045454
436275644466333553,135.97808776141443,-65.85652769906287,60.113509019498295
436275644466333554,134.57893584075282,-70.07226469273432,61.939932635850056
436275644466333555,135.91659952793395,-66.01573851735517,60.19000350531065
436275644466333556,137.89961017681034,-70.37368112214536,56.27208894945564
43627564446634,125.40051429278653,-51.985942325624166,58.43272403063441
43627564446635,126.38357220618917,-50.236965440729904,54.62753927022761
43627564446636,123.14307164013405,-46.86475388611538,58.2806554341714
43627564446637,121.00458310807285,-52.29497741351951,57.73870928180768
4362756445,105.49147100491717,-27.974136390452475,54.475404223788
4362756446,105.77814157917133,-22.709881760943404,53.93313183193396
4362756447,110.22439075781739,-24.823379127460516,52.58572404206355
43627565,109.94886513282074,-14.095836035159651,77.96449474446236
436275656,111.37432358429359,-18.87924220379813,85.11924311405734
4362756566,113.26773509819554,-23.829845876777267,91.9591298014045
43627565665,114.339101507381,-26.475489544475852,99.27403511237378
436275656651,114.35331047439607,-26.507741557858253,99.30462887391842
436275656652,116.83051643634316,-33.23560025613591,103.40699417139163
436275656653,112.68864109261627,-29.751463538144375,92.26316701366231
436275656654,112.53513121080383,-31.220571744135203,98.91006118984107
436275656655,114.38040232172557,-26.793878045524135,99.07279787571578
436275656656,117.43736813936133,-29.45024309007096,103.930581577649
436275656657,117.24702992835647,-30.855324441669246,97.2568188107632
43627566,112.13591385026285,-7.927930451473176,71.43982440765748
436275665,115.88759678185247,-8.44293412415306,65.8368211034655
4362756651,116.10049113401563,-2.414828436407354,67.67192852034108
4362756652,116.19642353202462,-7.991207844214311,72.35935528451216
4362756654,118.82840804847022,-2.8531790314289167,72.01113204502049
43627566545,123.47305534703136,-0.4354518589972855,75.17876633742908
436275665451,122.710605871219,0.8719478301583893,70.74994078750086
436275665452,123.44356465778337,-0.44184116881984803,75.15671761750814
436275665455,122.70636819719954,2.7451267539837216,78.08735131210405
436275665456,120.67499490142691,0.8996116948874328,74.26737392476161
4362756655,116.51404133700373,-1.590854217741202,70.67926526673091
4362756656,114.39115073973454,-2.7108640519006055,72.6215673466477
43627567,108.49957708733334,-7.358178291212062,70.81913438335081
436275675,116.87175490990387,-5.0735711880099155,67.35432871501182
4362756751,108.91739822832845,-2.7130266786734087,68.18848319152663
4362756752,106.91462368111515,-5.0346035672310645,71.91279540432488
4362756754,108.49837940524428,-3.329739843766303,73.71809049348205
4362756755,109.73439671121535,-5.909876881928916,74.54836039545744
4362756756,116.24791153579942,-5.5752920531437065,75.79798749279598
436275675654,119.73708348171245,-4.8801126464267615,75.15309466476373
4362756757,109.846717587756,-1.7043538034632901,72.07445519054521
4363,98.00073356625354,8.868650765085285,30.305091317529744
43637,101.62725316507704,2.473741639350935,39.3156278516107
436375,105.41259082882819,-3.9859348002708352,48.30352433899596
4363756,107.1105112416236,-12.82294468573311,55.11434609421153
43637563,107.38450121992015,-16.122880510877472,62.86289338624461
436375633,108.50963768107809,-20.429538680868855,63.34653589301467
4363756331,105.00187958714119,-25.523918039033042,68.96695378569338
4363756332,102.57501404843056,-23.22935725974054,66.87589413928697
4363756333,108.14324471540147,-23.651487525736364,69.7801106268498
4363756334,107.4021740418908,-21.446100603580668,64.75999278121978
4363756335,105.9658885265409,-26.92478717978945,71.46003347874777
43637563356,106.03734299786227,-30.786703096827747,75.235447964668
436375633566,106.03905845140379,-34.87121634365733,78.85514925526628
4363756336,103.953762245938,-21.515706314128195,69.77441435999876
4363756337,106.22998295839986,-25.993493642687984,65.92749225941584
43637564,104.76985274318032,-14.98620359873637,47.5475587436471
43637565,109.64137584493159,-16.018047190931892,65.04606557229374
436375656,109.94119687846838,-20.578280169167474,72.14345690371125
4363756566,110.00541599171017,-25.184525754484856,78.55698412072331
43637565665,111.4285787209287,-25.663916048503967,83.21761858711317
436375656651,113.45370041908545,-30.27047258522183,84.89694030878324
436375656653,108.58179010172154,-34.21891053475487,84.55284804327188
4363756566533,105.34708193466078,-35.88084008374386,85.0786828099417
43637565665331,107.9249706367254,-40.686878293626044,85.51784981578552
43637565665332,106.14924514410379,-44.664880732039464,85.64612691538761
436375656653324,105.58811275882302,-45.985011112496295,86.92589317022349
4363756566533241,104.35273147813109,-50.52947340312188,91.27155584338101
4363756566533242,105.17815220298058,-56.59859010526883,90.85392405875531
4363756566533243,108.59378717566531,-50.51235364894625,89.73032694337974
4363756566533245,102.71906729165607,-51.880390000069184,87.55927930865069
4363756566533246,106.71236731507082,-51.91001087642882,85.44782930095185
4363756566533247,106.48572558958925,-53.58103968452354,88.8132693187067
43637565665333,103.2959749025079,-37.90964440932673,82.8881018752939
43637565665334,109.29126211524805,-39.408215632209995,82.10242352729647
43637565665335,105.4218066834225,-36.13023648000298,84.91563935696432
43637565665336,102.05957850343137,-41.421255313522195,84.82080605866408
43637565665337,106.09180344420606,-41.0226064527766,80.83640860433931
436375656654,111.08461060688573,-28.11673216280908,87.8761132793881
436375656655,110.57003647044615,-32.0325806024161,87.80350111241678
436375656656,109.66396926541492,-31.624165294511798,83.31838598487118
436375656657,107.29495647961625,-28.655150386795526,86.34435772596919
43637566,116.02879228178955,-10.703135114801686,60.91773858006488
436375665,121.58376580259755,-9.826613393476368,62.890418445062345
4363756653,121.61037399056528,-9.809766209061367,62.95110401663867
4363756654,126.34802937295065,-5.245229881769644,68.3050948063696
4363756655,126.77368731617463,-11.849291414967025,62.689207216027405
4363756656,127.94437426515013,-12.160385031633158,65.38866697111294
4363756657,125.45518841316895,-9.324443142975458,70.2616506269093
43637567,112.24710148213337,-8.79462194615518,53.90812708149141
436375676,114.91689522363541,-6.392763903835523,50.56052059481286
4363756766,118.68412134527846,-3.0575649098995785,46.85042318534064
4364,82.75840493629681,-2.520243244001784,-3.4149338112496412
4365,107.11662887090826,12.282727478191706,-1.7265669156937904
43655,117.0848510412525,9.69075707611495,-26.922514527547364
436551,120.43567962008238,13.588744469173372,-23.01574985873678
4365515,123.22993311889407,15.911022790492584,-22.574336825767165
43655151,119.37397202975431,21.265348619235827,-18.721822366123714
436551513,121.18410684246682,19.268655648193445,-20.38496035584381
4365515131,117.40537791573601,27.086983221664415,-17.17098859806499
4365515132,115.18826976931592,21.776332137298557,-14.49437472842204
4365515133,114.64305242399698,24.927551663092007,-15.144272788662176
4365515134,116.34651371791317,25.397565702922414,-19.627567976515397
4365515135,120.29239837258646,22.290451565067453,-13.84521522539064
4365515136,114.06410013601875,22.807542873225454,-18.185318211617112
4365515137,117.40140371960923,25.93362008485534,-14.292107876551285
43655152,118.90198629052843,17.39498584479576,-19.326882780770866
43655154,119.28169911758525,20.02481134686128,-22.87925828940377
43655155,121.78859335676157,20.588747745606486,-15.627965586549141
43655156,123.999288632001,18.22139540268197,-18.156580271530974
43655157,123.09944214499026,16.082848006036393,-22.42769773672493
436552,119.91370431317029,8.01589150637478,-22.932553640084382
4365524,119.92446955878418,8.622817070906613,-24.610114070718904
43655241,121.62010038257128,5.194128594438289,-17.165679085172773
43655242,116.41267937123278,8.804555897869594,-19.279615535838616
43655243,116.24694711242675,5.4371528911738585,-18.032200310016687
43655244,122.87345126308142,7.5060932659940836,-19.18806451285499
43655245,119.2892848657024,8.214845868435214,-16.737834132468443
43655246,119.17255762628257,3.3158637439972547,-18.000294660629688
43655247,119.15172233164236,4.817891915335362,-21.128119345837522
436553,125.14916627493479,13.943703316606962,-25.276153887529723
4365535,127.99962295375616,18.30840986761154,-28.260452217909748
43655351,125.77725008573405,20.816149657677208,-22.924856033069602
436553516,126.40632895048502,18.121444689552288,-22.720829529441836
4365535161,124.10320267323382,25.90346362008215,-20.687980765162596
4365535162,121.12030469787089,23.8731007106243,-25.17124149853828
4365535163,127.29804616984042,25.213512713016318,-24.44437317045028
4365535164,125.26455365258902,26.862417448535677,-26.83276002078763
4365535165,122.38975202312643,26.15418997293198,-26.856912310076304
4365535166,122.07917990353849,27.396717605368732,-23.362073102448143
4365535167,125.72023872887307,27.918252990447137,-23.038506617453525
43655352,131.836566116738,22.887985181799817,-23.211669868675784
436553523,130.45621693777744,20.89743233444052,-24.820700392573322
4365535231,137.32048017219518,26.699806144254016,-19.94667044130606
4365535232,133.41169593980325,28.84989936398514,-22.89671711454557
4365535233,136.7268260913875,26.481941321961816,-22.85146232904552
4365535234,133.08585888187764,29.322989423270496,-19.829125695394904
4365535235,132.02963460216873,25.70487064182095,-17.857469700098843
4365535236,135.08768457988026,28.426750394899432,-18.388071092382578
4365535237,135.08386439090256,25.132364784646757,-17.510676639970946
43655353,130.95689286295936,22.396285351766135,-27.075073624028256
43655354,132.044154711005,18.299327407564537,-26.20034601922877
43655355,134.52693591624208,23.75648908147919,-30.54800808220953
436553557,135.48001595504783,24.281915665380737,-38.038764554512646
4365535571,143.02238484460676,27.01349953761491,-33.9457014215276
4365535572,135.83928504282673,24.584002601277827,-37.831896622104615
4365535573,137.10468194043548,27.370520714974347,-33.692257250149105
4365535574,140.46818442794643,26.621827336617137,-38.281465292651674
4365535575,142.19461580846365,30.509424041940772,-35.0044930094687
4365535577,137.1694556422581,32.14706524395235,-35.86666965618071
43655356,128.1374064336043,18.40147249548839,-28.091350628925515
43655357,132.75866988926688,18.695497171556724,-23.228383686066458
436553577,130.57492437652883,19.455122146377462,-24.86234007160453
4365535771,136.57384033490115,14.100558810918658,-19.745904742869875
4365535772,139.43560515534472,16.933699409924518,-20.058633362737734
4365535773,137.84144397646685,15.214193477461775,-23.22604661183756
4365535774,138.7726400795878,19.100109538285103,-22.494367803314113
4365535775,137.070436475746,16.559428985111474,-17.688186155163343
4365535776,133.7426966270565,15.746089643667036,-18.990445586480188
4365535777,136.98219024882349,19.84978579556075,-18.776607614820996
436554,111.0974349842505,0.3316224861628256,-29.173987191527793
436555,127.76627649863825,3.1231943290454725,-35.11951475050651
4365553,134.93235172930838,-1.2479347814975839,-48.62472935745318
43655531,134.94797063247472,-1.3393455536452465,-48.41978901469207
43655532,136.23387459654032,-4.985397735621852,-45.58862466820095
43655533,132.53344199722085,-2.179234933125801,-43.55843424961248
43655534,126.64709790078257,-7.730548056440036,-45.21837228991321
43655535,137.02148050301386,-1.4329943885684504,-41.75893850375476
436555354,137.4436798095703,-1.3374905586242676,-41.713619232177734
4365553546,138.61795043945312,-1.019097089767456,-40.04157257080078
43655536,147.3779648781035,-0.17836214319613408,-57.0714791382046
43655537,139.11295189365913,-5.0372224919731385,-43.385263914392354
436555373,138.64353939698563,-4.570256460320228,-43.6918311694097
4365553731,144.43345748063876,-8.154567733217238,-38.99691518123173
4365553732,142.5914266845538,-8.478550191388216,-45.05907224922121
4365553733,146.00822313693928,-9.97726445579667,-40.443698876452814
43655537335,143.2909666505949,-8.180334599448857,-41.765894687636774
436555373351,147.56278682354048,-14.568167373034509,-37.12450226766321
436555373352,149.26450722592665,-15.08111594588256,-40.03395718226277
436555373353,150.48189089417355,-12.086029290304538,-42.139371458339845
436555373354,151.7030555795163,-13.78677896444034,-38.847456256025545
436555373355,149.62503489227788,-12.717758665666063,-35.70674399813957
436555373356,149.47984944986396,-9.561030690210607,-36.33725571130615
436555373357,152.04539314062282,-10.255564647496616,-39.078540305410996
4365553734,143.9379136292363,-11.15464713594383,-42.8537395826167
4365553735,145.5691931960264,-7.392685297366463,-44.20204028022326
4365553736,140.81816127695598,-10.279742595099831,-40.22147836071126
4365553737,143.55450974164918,-5.28957644155461,-39.84278141064288
436556,128.18552994486734,11.660485088793052,-39.19138992035987
4365567,137.35115959535645,8.912723202202459,-47.88082091167698
43655671,134.89136743649846,15.419013653203812,-53.96818090632755
436556715,129.61816755949343,15.686610179236517,-55.14834861935664
4365567151,129.87828438924456,15.860884918971317,-55.209853055898535
4365567153,135.06450600887274,19.924063937168622,-53.22105493465706
4365567154,131.0166798993619,12.313370701901482,-60.16162094161504
4365567155,131.31263194662293,19.49432155465508,-54.56751284977349
4365567156,129.59343078130024,22.682416613332503,-57.180634939305115
4365567157,133.56288150713166,19.79556938758207,-57.192126967473015
43655672,138.59356070122547,15.009153931403741,-54.59397219166268
436556725,140.00580419799383,18.512995460679186,-59.51915001317462
4365567251,135.93088493662415,17.221953620606055,-56.72128617272957
4365567252,140.01387507527826,18.510657900493964,-59.52068329575883
4365567253,139.18108581008445,19.43899938697189,-53.75277852285798
4365567254,135.95183373794782,11.937168571968863,-61.31113421805621
4365567255,142.00275739550574,17.047099776939362,-55.48059014024341
4365567256,142.73002511917315,24.488145493045202,-59.24022585188118
43655672565562,151.6249974587198,38.61798161341035,-65.91308591530911
4365567257,140.09454093557378,18.404083648432128,-59.328824272398755
43655673,137.37253033010006,17.375744780955227,-51.842942721691855
436556735,138.42878036260956,22.622993400828296,-48.83587337567857
4365567353,138.41234262233425,22.58506112408136,-48.830209075625206
4365567354,138.4264146502714,22.62076437242543,-48.98633763356559
4365567355,138.27889299920847,24.174196339133154,-43.78801261936561
4365567356,140.91884439336647,26.446648658376265,-53.742465036807474
4365567357,136.7865986315383,21.529359268805916,-54.5362827575996
43655674,133.3234091272454,8.817746223213833,-59.683580623596555
43655675,147.94738062199372,8.338425222920698,-61.08087356738047
436556753,158.86452481387866,4.603859050557997,-68.17249858038963
4365567531,163.80583420028503,0.181735735212318,-67.15019467115411
43655675315,166.69978443846173,-0.15901644294542633,-66.76257930338087
436556753151,171.16031770276211,-0.9099627503885258,-64.05608330770725
436556753152,173.16535721180819,-5.341628605110416,-63.26901166432465
4365567531526,172.14462828003573,-4.760168734086068,-63.68389630729622
43655675315261,180.24890758811657,-6.043814422072367,-62.37846517257574
43655675315262,177.07870317359271,-8.633772807207004,-64.46177439726684
43655675315263,175.1945679498284,-8.299064625233417,-58.93825352709714
43655675315264,181.76933765631534,-9.70604682153571,-59.69797168187423
43655675315265,178.26080649548578,-4.804026713480407,-59.43339098638582
43655675315266,178.69322684216587,-10.383831575222716,-62.49699281068376
43655675315267,178.0972007262228,-9.366892413658748,-58.836438711607784
436556753153,170.9315153017952,-2.0825278752081022,-67.11201240002221
436556753154,168.99886873095753,-6.213697586099879,-66.00138057239732
436556753155,168.11518053682957,-2.4623162290170293,-61.42028149136074
436556753156,170.22619348991284,-4.73463723744825,-62.98552438670892
436556753157,164.25350947908709,-2.9556530536387253,-66.28656820849817
4365567532,158.86468427645642,4.592568120074619,-68.17588739051881
4365567533,157.1417099547082,0.9131034692957475,-68.99054084680554
4365567534,155.0355280294369,-0.6855128021987951,-73.96931974754624
4365567535,176.10150707628577,0.2159405033210761,-81.7512887544862
43655675355,193.93373926266747,-0.41277998475805494,-93.59633418725691
436556753551,201.05226686150417,-3.33130208437074,-98.62853624609366
4365567535513,207.94244857844308,-3.246262359467578,-101.2761249696121
43655675355131,207.9730060097539,-3.279356212552635,-101.29374248253009
43655675355132,211.46734001449715,-7.879507276366173,-101.70007654100183
43655675355133,218.6602100875586,-6.2630231767394475,-106.73582233470623
436556753551333,225.16491382600034,-6.500887444140962,-109.41017045470981
4365567535513331,225.1454602153871,-6.5452981040315725,-109.43103779842124
4365567535513332,225.1944253657693,-6.53010086993359,-109.42689199672175
4365567535513333,231.1055964527767,-10.511025078721033,-106.56638349337224
4365567535513334,228.05682937497937,-12.148768074303707,-112.77138102071704
43655675355133344,229.87002131098936,-12.855601124838776,-114.16393375649488
436556753551333441,230.88265189991594,-20.145808331407917,-115.64937185518964
436556753551333442,226.25086555472086,-18.128082794040655,-116.42104321203415
436556753551333443,231.53060216388386,-18.660193392468422,-110.24067696460091
436556753551333444,227.68265267092556,-20.291223523965005,-114.6939945997984
436556753551333445,234.91875203954612,-17.706372695553092,-114.72348838217607
436556753551333446,227.5431063231636,-22.370939266767444,-118.18178147759161
4365567535513335,233.91376730163608,-9.409098833481144,-111.0794756861464
4365567535513336,229.20266975311776,-2.214769327839544,-111.1812676300237
43655675355133366,230.77891548741698,-5.252809187277178,-116.42172194993373
436556753551333661,227.67685529763472,2.9677812984189713,-111.75723432436186
436556753551333662,228.4637965987028,4.5239910219865545,-114.87831232362652
436556753551333663,230.89938396967156,5.85870657649298,-113.02577958446709
436556753551333664,229.76515190581662,3.6026856196248027,-110.01487082857457
436556753551333665,233.2825975036797,2.869271575036413,-113.26124397385584
436556753551333666,232.59471618507612,3.883506820948467,-110.51944655956366
436556753551333667,233.1304865648288,4.1953458690785,-118.09308993748371
4365567535513337,230.63227277249436,-8.253529039269273,-113.43812873397462
43655675355134,208.01436812527893,-7.763766158812754,-103.36077209155556
43655675355135,212.8806772787594,-3.5574215066598875,-102.67952856969022
43655675355136,211.0128954979687,-4.577275918155756,-99.72018439870426
43655675355137,208.46002192742168,-4.533954670940628,-106.03444705104938
436556753552,193.96142582537186,-3.479568169820609,-96.45784875966905
436556753553,193.9657727845399,-0.4168122858798591,-93.61521148597633
436556753554,187.27147857641683,-3.0686767605157406,-95.33542966154084
436556753555,203.104637029762,-1.531644340960729,-99.52393340877367
4365567535553,210.96880873564223,-3.2813402752874525,-108.00109439026096
43655675355532,216.01626170479375,-3.1265284623848406,-103.21495502006314
43655675355533,221.58087880266933,-4.123636726331828,-110.17409291142167
436556753555333,228.41164690126547,-4.741810555113155,-116.1280101486816
4365567535553332,228.46248630647963,-4.760827346731646,-116.1328957821277
4365567535553333,237.44218841203553,-6.9393429359667556,-120.77974710004946
4365567535553334,232.61004115393743,-10.346678838555682,-118.46616281357414
43655675355533344,229.80723470246468,-13.517208060651832,-119.01308921468188
436556753555333442,235.60240206584552,-15.97027634488364,-119.9433550837326
436556753555333443,237.12055988539382,-14.793008753979555,-124.40535072063555
436556753555333444,233.54836711938273,-17.58919321612386,-122.06559088173219
436556753555333446,230.76033211744146,-20.455623117089413,-122.85962242259167
4365567535553336,233.57883012077096,-2.7015366071314757,-116.2819303814205
43655675355533366,232.56998007619205,-3.818935937304724,-116.89919259661615
436556753555333662,238.77199468776192,1.1332220094837655,-115.63504998408638
436556753555333663,236.57505351753386,4.427534194283856,-114.56149820957623
436556753555333664,236.87297761831454,3.0331442193677702,-112.23809997883644
436556753555333666,237.64983775597747,0.39554370850666404,-112.40170410894159
43655675355534,213.4941699582284,0.28491752575756824,-102.0407301454257
43655675355536,214.92395597374173,0.5332654076590464,-105.30774831588273
436556753556,187.53811003041898,2.1195561445322326,-92.32388691717905
436556753557,200.91424709985876,-1.9733790123004977,-101.92262184218556
4365567535573,213.478315612499,-2.5679250894656906,-105.82046409784425
43655675355732,206.83691073396963,-0.6216422923960925,-108.2065364004171
43655675355733,219.3126278114269,-3.652747891554347,-114.1566405084162
436556753557333,226.5149592198873,-2.9414774899553735,-120.39440042317128
4365567535573332,226.60820106188967,-2.9856811172533244,-120.40685047626296
4365567535573333,234.775444534679,-4.9828958401066705,-125.7492764425794
4365567535573334,228.1140590086077,-8.722233787912828,-121.589885261994
4365567535573335,235.29269791205346,-5.033668366601273,-123.18694254214412
4365567535573336,233.25094320275093,0.775650661810424,-120.56319123160567
436556753557333665,235.6992955324606,3.556667602112735,-119.0011636270976
4365567535573337,233.96610831412576,-3.3360575431516453,-128.4931922892519
43655675355734,208.87239860647523,-2.849740139120005,-111.27973753445085
43655675355735,211.99599856473733,-2.8349242209700556,-106.88952113208923
43655675355736,210.5849454785853,-0.6672152810477833,-110.14453695826424
43655675355737,207.45146611378328,-5.243610156252154,-109.35156539259899
4365567536,162.42185916775304,8.12717154945102,-74.62602225415161
4365567537,161.8203872049689,-1.3886766432303792,-67.70221689516303
43655676,147.7811063757335,18.813057528956584,-66.33505812871744
436556766,153.3524111112741,26.251282014570464,-76.40173819246411
4365567661,160.9911438307448,23.116104079717484,-78.60493955112699
43655676613,164.77857322084478,18.06744296960017,-83.06775984781859
436556766131,162.14927243671642,21.47307657829074,-76.05959211341604
436556766132,167.04232060261572,22.20892317679239,-75.43489153866643
436556766133,164.68458690488012,24.873920040772017,-76.77629036996414
436556766134,164.64475014544772,20.325026469221978,-74.83336490666444
436556766135,165.10056172538324,17.307167591474524,-78.55835499196488
436556766136,171.04826937812962,24.03359828398341,-77.72967099233684
436556766137,165.29298689550737,23.233607929228405,-80.554229446183
4365567662,161.64453366014735,34.589471003611585,-78.66957429695604
43655676625,165.06612828181184,43.44194789432914,-80.2241689503896
436556766251,166.8203312148784,45.77149054063027,-75.75009817423148
436556766252,160.3962346528984,43.772497591000196,-73.7599200452001
4365567662525,156.60879783425045,41.504915980626976,-70.46285758444209
436556766253,165.03696328032575,43.54942095923484,-80.09963878317257
436556766254,168.92165326187046,51.24280356964521,-76.22205766528396
436556766255,166.89230397302083,52.686425040597705,-80.15784653949638
4365567662557,168.27900300557425,56.032158891806155,-84.50867962020217
43655676625571,171.9105413442447,58.59745714687756,-85.49256929344662
43655676625572,168.65564426998546,62.22177056532046,-86.6540616762915
43655676625573,168.18452996125416,62.62954127627929,-82.7764956017907
43655676625574,171.73784432301437,60.714966281355586,-79.54586525177828
43655676625575,168.43287639598887,56.37395054335226,-84.42514642228228
43655676625576,171.57363437185896,62.40842044900452,-84.10662950403163
43655676625577,172.64166131808182,65.1708144971152,-85.55912851707721
436556766255774,172.5691148192814,65.01055723900659,-85.50067531541737
4365567662557741,177.4138529774661,69.59681338341738,-89.78088845451215
4365567662557742,175.2686222463638,71.70888714174838,-84.85271726424737
4365567662557743,172.7475962403741,72.58405879092543,-88.04160174376987
4365567662557744,176.54952198265423,73.53575815610094,-89.0242151471888
43655676625577443,178.1496030895128,76.5264174109652,-90.06010831863082
436556766255774432,179.8822778684661,79.90389060776721,-91.44212018432849
4365567662557744322,179.8431594562547,79.82695144981972,-91.41736395273448
43655676625577443221,184.77789731793806,82.52333885323338,-93.04947499151866
43655676625577443222,180.9579627125475,85.87594471189432,-90.63727546959157
43655676625577443223,178.60000376307445,84.57294619162386,-93.74496140002819
43655676625577443224,182.7534252192821,82.76683655315912,-89.49312206318356
43655676625577443225,183.4816295860412,87.14849087700317,-94.25718426844121
43655676625577443226,181.63315285707841,82.32089374895618,-95.85010361646688
4365567662557745,173.85265484752594,70.31750145093248,-90.81523138950038
4365567662557746,177.54930682720138,71.66532236848673,-86.86283864920358
436556766256,162.74639513436603,47.346527980591894,-75.16444743940035
436556766257,162.8694156958621,48.173610548133794,-78.72338184791425
4365567663,158.1787217668379,28.1118576425516,-89.27098277224665
43655676633,161.55506239535617,32.75204968124323,-97.25641480320618
436556766331,158.5308643810986,31.012936205586417,-101.25400851785511
436556766332,156.08689434320843,33.980085990069504,-101.06021844615844
436556766333,159.0321438492761,37.60836169623152,-106.4681359786919
4365567663335,161.82448164854557,42.59840729020926,-112.50312991633062
43655676633351,161.81788641615904,42.594322661175,-112.503232207895
43655676633352,161.907719463974,42.70419077848555,-112.6938035501923
43655676633353,160.36237719826786,40.709492197312265,-117.44677734066363
43655676633354,157.19547593382433,37.66738559769358,-111.91790041966507
43655676633355,163.2940627394245,48.57038524837568,-123.7898926143684
43655676633356,163.26993857066722,45.81181838915437,-117.00323946645283
43655676633357,158.97567898150353,46.066754441952625,-117.54608262086367
436556766334,154.50940087968092,28.939795293105504,-98.31735743150618
436556766335,158.0295968904659,35.79725992591388,-98.07555521516096
436556766336,161.3080550376616,32.76456681290907,-97.34809848146396
436556766337,154.93501072684703,34.21550556365378,-97.27720924589937
4365567664,154.53596292877617,19.788924534703387,-83.0660607242075
4365567665,161.43539856863808,18.451245428381657,-80.39703647553758
43655676653,166.7627583420571,11.48103567000857,-79.53870163534847
436556766532,166.74841294330201,11.605331663711139,-79.55886817142546
436556766533,166.76409494092627,11.48323175583375,-79.52698999197402
436556766534,163.18687394072793,11.120522038232506,-82.99758364082466
436556766535,174.20200227758943,10.107466880582939,-85.28244914970358
4365567665355,177.5793818361171,9.312830705600653,-86.15105165586561
43655676653551,182.7692684600306,8.65135605443409,-89.79135755242865
43655676653552,182.35252661521875,6.61066648846771,-92.80449646574297
43655676653553,183.1696748142187,3.1224327957528812,-87.5501689912389
43655676653554,179.1687346099954,3.3629651770574034,-90.77284145629532
43655676653555,184.33960506900593,4.013877965676348,-91.1486250625065
43655676653556,186.82977655715678,7.891692260337725,-89.50305871097032
436556766535563,185.7299258066515,7.900120659811795,-89.0640905393899
4365567665355631,192.18365980502807,10.32543162551797,-86.76962647561552
4365567665355632,190.31373288846268,9.23022458876269,-93.33974049116375
4365567665355633,195.99058399763436,11.479711894161527,-89.9294657750162
4365567665355634,192.73692617929208,6.742858494253734,-88.31014473065922
4365567665355635,190.544277446259,12.83239982462328,-90.01622284599041
4365567665355636,193.27185208698702,11.30215119676907,-91.76117986414556
4365567665355637,193.48349035303227,7.631454711707288,-91.95623024973862
43655676653557,184.57799692232982,6.382330658343524,-87.1426107761815
436556766536,170.02847536965677,16.65854480455209,-80.1694098489388
4365567665365,166.36087393367148,17.668764042222136,-81.3774249953722
43655676653651,176.91268791219358,15.642731108500335,-77.86630092812672
43655676653652,174.65727109144512,11.54382678510817,-78.82486403042286
43655676653653,175.48205571699253,13.56813545781957,-75.90627353610158
43655676653654,174.24035743352096,16.72068819473559,-75.67195631304229
43655676653655,172.45482068622982,12.487354549825682,-76.2139321027623
43655676653656,175.6271178751311,13.42541530494244,-81.08310527740637
43655676653657,175.82692633893396,16.680731409082263,-80.6134468943786
4365567666,162.66023460824482,22.762315572301077,-81.02291437646437
43655676663,163.24604856391272,18.975625882982662,-80.91946001669943
436556766632,171.21327343547406,19.865446490595414,-81.73525062903768
436556766633,169.94371809649485,19.85334502882756,-84.51582399747144
436556766634,166.03839394991215,15.349817602161416,-85.78805146996635
436556766636,170.88939234972472,26.049408396737444,-80.94161324310681
4365567667,161.12011059485158,23.841968682285653,-82.19266466725962
43655676673,164.60653521711228,22.41373128698375,-86.42363563023517
436556766732,164.8972858426087,25.93667671145834,-84.32253901635436
436556766733,164.6092028088226,22.432644428267523,-86.3773430148363
436556766734,164.6132212311188,22.430624695598592,-86.38459847738486
436556766735,165.35842157607613,17.788182965397727,-82.50299945388228
436556766736,171.78786903546452,24.29158588530369,-83.50341035553956
436556766737,167.68005363192148,26.14871150518005,-89.06485990386541
43655677,136.4486404113293,16.449749825458785,-54.79582427404939
436556775,136.1094326488979,20.340175873108663,-61.45547106828129
4365567754,132.88586498775302,14.752703990288033,-62.67946827370435
4365567755,136.10916723342567,20.316125610039567,-61.141710509265145
4365567756,138.53401263886508,25.749684450512735,-59.399003787388125
4365567757,134.53320327092322,23.096250930810893,-57.88497782784904
436557,119.82676715938263,6.922949636790134,-25.470174156855744
4365574,119.8314812308499,7.644667992964706,-25.58833882670791
43655741,122.8073989872288,2.755648091301467,-24.972483788105414
43655743,117.35313206972181,0.9327322285641934,-25.89149112403184
43655744,120.24338599354995,0.33423055762190584,-23.576127913695274
43655745,119.6192294544897,3.248476494233153,-28.062507116255368
43655746,117.80566655251005,1.442819480758812,-21.789529938251867
43655747,115.34628669752726,4.328366206218664,-25.49450990775592
4366,104.7146437021378,15.305839596670099,3.2812277097512585
43667,114.85753179856067,14.765523645548482,-15.035259751025063
436675,125.72426658969431,14.612064444215658,-34.37408802679459
4367,127.02946765480947,44.63238803645521,41.92015235335337
43676,156.92364316208605,72.7001488107753,60.12156849344361
436761,167.5618853472595,85.92105208739643,60.700143645665634
4367616,175.2396849668413,98.32927520694928,58.95687000096911
43676166,182.9614512849794,110.69300050824278,57.41423838024133
436761663,189.10949086228845,120.24440197114703,56.81818856626844
4367616631,194.3351377970087,127.01659182521144,53.07308880217201
436761663136,196.04692389202955,127.88595722754181,49.3889057020996
4367616632,193.88825592628817,123.98647081645575,55.349197973847765
43676166323,199.6370100963798,122.98925874487638,55.98433542523386
436761663231,197.43579246114666,127.4585827721849,51.08075146871639
436761663232,199.36524787615426,121.90022995631729,51.15229624735158
436761663233,203.77618713200013,124.87749530346213,53.928835789517755
436761663234,197.36113505852424,121.40664591509868,54.739547257616785
436761663235,199.5541207160186,123.05105966580324,55.84928726471297
436761663236,195.69700579708638,123.86210667699541,50.88917845268619
436761663237,198.63208960872797,126.34298271292816,55.73043237074118
4367616633,196.5725319501448,133.12795803820518,55.60890996547656
43676166334,199.67735272853741,137.81028330315146,54.61906386317088
436761663341,205.2006439296815,141.70364485467985,56.59320883693795
436761663342,202.48994440121416,145.40951620627175,56.07905051733997
436761663343,205.11828369328714,144.56376731374635,54.19068290470991
436761663344,207.56608965312162,149.76035036020522,53.95127541130007
4367616633444,211.28961818315238,155.47706858085485,52.457424389452896
43676166334441,215.74244576989165,162.4005738973383,51.8951537210251
436761663344414,217.4922726983914,165.71060475222345,48.480682824398286
4367616633444141,217.58779468812352,165.78791034229795,48.55743378391164
4367616633444143,217.49038068013877,165.71364615778162,48.47922866387299
4367616633444144,223.6465923738078,169.14676862004814,49.81362669040635
4367616633444146,218.44244344639864,170.70934401573925,51.94882991979643
43676166334441461,218.34741750791895,170.5729795780544,51.91168378481997
436761663344414611,222.94837251598364,175.83934502803703,53.71062159198489
436761663344414613,219.03089270104638,175.4079599081052,54.54189954227481
436761663344414614,224.92459611019612,172.5616470998488,50.78846619336373
436761663344414616,219.76186490675536,177.15508786338663,51.709990111097255
4367616633444147,219.41286541580507,169.91409143837234,48.601880146496114
43676166334441471,219.6712425967385,173.37244142782885,44.82204652625423
436761663344414711,219.7911000388635,173.33491067035817,44.98966972791279
436761663344414713,219.67683566915085,173.36801820637223,44.806640144439655
436761663344414714,224.76511184996255,171.56236014499427,48.621164202179976
436761663344414716,220.41208425492349,175.28682458725729,49.80984319713419
436761663344414717,221.6523251417876,176.26385968053506,46.414438309028746
4367616633444147177,221.3874380295145,174.9975056025792,46.98815250611419
43676166334441471771,225.15173664024047,179.9724552750466,42.68845156330318
43676166334441471772,220.31575974707604,182.22413758173244,45.854273699055426
43676166334441471773,219.14095617644534,180.4766988740887,42.310615042381144
43676166334441471774,224.13837727694275,181.9300038809035,45.7765018062259
43676166334441471776,222.09779141144602,182.65417706009885,42.57041726731955
43676166334441471777,222.82491781224556,179.2652241185574,40.796849104423316
43676166334442,215.8424961710376,161.8120766779139,54.73138853959745
4367616633444241,219.1886238732181,166.41775533940822,54.747017608072525
436761663344424116,221.03725735600025,170.71416133715778,53.944883612165604
436761663344424117,221.1692357349717,170.00120186797997,51.22559405334667
43676166334443,213.6426282735025,159.1184416255297,50.33567054591226
43676166334444,212.701620589163,158.10677831731863,56.218423280649574
43676166334446,211.40530316510862,155.59158665875498,52.458998492490274
43676166334447,211.25922355901406,155.4877664448457,52.497193994791246
436761663346,203.71465224062408,142.68399924849933,51.64426050172538
436761663347,200.05591886284867,143.74034941269875,55.00077832967938
4367616634,183.3368818528779,120.79368663827104,61.832195248524144
4367616635,189.1334904118287,120.30874677636656,56.80969498606416
4367616636,191.01681945451185,124.43993094736088,53.01003884414833
43676166363,193.23589980303598,126.44538556891212,51.773131224170264
436761663633,194.17419144223015,128.38245579670456,44.38842961139266
436761663634,189.92080287516507,124.18983959337534,48.32407336489983
436761663635,190.84663283242824,128.1915513396405,48.9629219342282
436761663636,192.04745590414103,124.90587954363414,46.01654320149612
436761663637,193.6424299691026,121.93669520966198,47.83295102030214
4367616637,191.31601276015294,127.587612078376,58.760801443395
436762,151.81262074955893,77.9993243370259,75.62435361800885
4367625,143.33368809792088,81.02408158635728,85.51361921335938
43676251,143.3770154631132,81.16500426037365,85.69641186800509
43676252,144.86828844748817,83.77244342198482,87.52863356533028
43676253,144.2137440844129,81.38369767340461,90.6276703561324
436762535,143.82206287771697,82.02104171575643,89.87678252803644
4367625351,144.2037931497942,77.02553476813672,95.12788741097842
4367625352,148.2714887638749,77.34138509701033,94.09872014537021
4367625353,148.31076404716396,81.55939019553178,92.86919432456669
4367625354,144.8513815191234,75.52281650154562,92.18388632768199
4367625355,145.87186127104857,80.54454040705613,95.82034608439959
4367625356,141.90515943770959,78.41721768621228,92.40761367550817
4367625357,148.1749473443163,77.8225148792352,90.17127591316462
43676254,148.84026161287832,90.51308235479189,89.10272189998084
436762546,154.16638521610147,98.2115709095421,88.86070024113334
4367625466,159.19561661665804,106.15495416567971,89.20521666163573
43676255,141.7344500644821,85.38395666790613,96.49970552903655
436762556,140.12910270919002,87.96115480628633,103.71422994301032
4367625566,138.2692324453331,90.54863378114419,110.87708001412352
43676255665,139.21466853006882,93.8062370203031,118.07021775460083
436762556651,134.5826799547908,89.93917992138896,116.625265037281
436762556652,134.9743134907412,96.88980388554178,122.96251954777848
4367625566524,134.93192077422228,100.98116414182095,123.28153140999231
43676255665241,133.84535954789672,104.36646740235162,126.78184812206455
43676255665242,131.689216724825,101.31995679349694,131.78031980064398
43676255665243,130.33086259880514,101.17950449117521,126.85868602714784
43676255665244,133.01787209544426,106.2205446357776,129.08897220938897
43676255665245,136.70705230335503,101.43020568461792,128.83162091591112
43676255665246,134.85531597266066,100.98940068908921,123.52893635464156
43676255665247,133.6951119056435,98.61646870198192,129.16260398361385
436762556653,139.48611247080268,92.01262095953885,123.8401437967721
436762556654,139.1974626314169,93.80572838322307,118.05412415778592
436762556655,139.05663369228782,93.76914690937139,118.17790651086744
436762556656,132.1452743408648,93.6910564848447,120.19664907975978
436762556657,136.0108712840224,95.76134466653778,117.0275034791674
43676256,148.08045603141832,91.58009979619186,101.04874334905578
436762564,151.9598886759903,100.90207002753692,109.47033471951761
4367625641,150.07035597112198,102.40603702160256,114.2933499574552
4367625642,151.9946260506768,100.9001477400314,109.6137076684719
4367625643,154.70841312873748,103.75839780293963,113.28767017040228
4367625644,152.26413626736576,99.4232394303673,116.34513941367592
4367625645,156.74298964226583,109.56360073137719,124.4901380127313
43676256454,160.69072866185397,118.29059650081818,135.68727108732557
436762564544,164.52241431601863,126.86205985684757,146.88356309983027
4367625645442,169.25838063360573,134.13956016813367,155.429128166456
43676256454421,169.21045759686044,134.17003226753693,155.53161829602007
43676256454422,166.6521789054917,137.12179171739913,156.99084021878042
43676256454423,166.25445519964677,133.73741892833337,161.58021034426991
43676256454424,169.26201885381647,142.25400120373146,162.28675513911327
436762564544242,168.212194324158,147.40948262802343,164.35118595255256
4367625645442421,168.25732724414445,147.44793957851826,164.38613216341653
4367625645442422,171.90584067182644,154.18928981805604,169.9751240936493
43676256454424225,169.73264367545192,158.09523964523325,172.65611152713552
436762564544242251,172.12462979305832,161.8638893080035,172.5756656470346
436762564544242252,169.81666947184866,158.13180667176778,172.68969077966184
436762564544242254,172.77469532599162,157.56492221937788,176.700212237158
436762564544242255,171.50175542395297,164.14263893991583,175.47996002646929
436762564544242256,175.75579339314854,159.77615049035873,173.11828390163353
436762564544242257,175.35220872047483,161.0822052263502,177.80058391925357
4367625645442423,172.579981539174,151.6543581321156,166.22091896589689
4367625645442424,167.01284675571125,150.88910977906818,169.35621203726805
4367625645442425,171.38290786554523,148.87032537185442,169.70672642851244
4367625645442426,168.57154726877496,154.08981733794116,164.49909689623195
43676256454425,170.80548083517093,133.6889024611639,165.2385632175691
43676256454426,169.68666222638177,135.38920979610464,156.55587699166446
43676256454427,171.9012122378899,141.294007200962,159.78973653136228
4367625645442724,175.02050134602314,147.09014535923023,163.1463727617727
4367625646,154.40313014059058,98.03962120451475,113.11829666280079
4367625647,154.96905854286828,101.73012366346425,115.92107649836738
43676257,140.41234259635263,84.84518440973193,88.87231828385143
436762576,140.4532265495682,84.80795912253016,88.86248443170004
4367625766,136.41857899863155,87.7597098096826,88.11311285524165
436763,165.1136515104263,73.27327879515491,59.85953492970003
4367636,170.16104884736765,72.88552957451499,56.78181771689644
43676366,175.80104164641017,72.00318378072429,54.67726589622742
436763663,177.46232005020667,75.06590585650154,50.238713598299135
4367636631,181.1034835560038,68.06461880821129,51.322286216795476
4367636632,184.5097346276312,69.86191958487284,54.36037724017616
4367636633,184.72895732230612,75.56931569513256,47.02038537945309
4367636634,178.01406216620688,74.6206747264497,50.45306778468136
4367636635,182.7498177693041,72.35846115297441,54.840212270375986
4367636636,184.80935008062195,71.54207691258281,49.77895158708711
4367636637,184.83106490501697,68.47020749767809,51.41040592207073
436764,162.54121210065392,82.6717483851625,64.900525649134
4367646,165.13048070538596,91.95069345348581,67.25774888416863
43676466,167.99545963307236,101.07860544737365,69.5384192201865
436764664,170.0674877020563,108.42643164794403,73.45219884508857
4367646641,175.67360823131364,115.56707561857017,67.54758708599482
4367646642,167.37685923223032,112.78347489479114,81.99487989088223
43676466425,165.9475971886238,111.44665344814183,86.83952020357205
436764664251,166.82999235142128,116.13736374744099,93.98139709118263
43676466425134,168.52024139390977,118.6024658253462,95.88338999128335
436764664252,163.54028171746563,118.86589555971922,91.9990667333954
43676466425234,164.7408454625365,121.71166905922472,93.72986956763123
436764664253,160.2151949823972,114.0843286069669,89.09750743808586
436764664254,166.3302662369311,118.39243782206104,91.67075399204998
4367646642543,170.1355524894082,124.68256642043586,94.66745869761952
43676466425433,171.3484176673918,128.01411257288186,96.91910401211037
436764664254333,173.55075109537256,132.6167907877203,99.05623926044439
4367646642543335,175.40414594813433,137.09606083298402,101.38217733964893
43676466425433355,177.999823961303,140.57432921356443,101.20856061944514
436764664254333551,178.74618922278188,140.0967013138106,105.81206373220563
436764664254333552,180.2998046546369,145.13370773492477,105.85962059252043
4367646642543335521,180.02003191866592,144.97058658031466,105.69609941898008
43676466425433355211,182.03282040848526,150.4403138522528,106.17078067659159
43676466425433355212,185.01010818362107,149.99470523145615,108.68304125097997
436764664254333552122,184.07676696789318,148.71109295784245,107.88682522195963
4367646642543335521221,187.73865394916947,150.9810705204638,113.26480945068299
4367646642543335521222,188.37568630009946,155.1853608528382,111.49772365871735
4367646642543335521223,189.95655327381613,152.08744733511466,111.29909597390727
4367646642543335521224,184.99675988005447,154.48043261682582,112.59444749353126
4367646642543335521225,188.8029067232674,153.84824508891623,107.8405328566515
4367646642543335521226,184.9064004974521,155.42525507804407,109.47694527513502
43676466425433355213,182.9615971626949,148.81869349863325,110.32568091056324
43676466425433355214,185.63644755044697,147.6457444670784,104.96545879907782
43676466425433355215,185.84632374557086,146.27208629561045,109.38104298708049
43676466425433355216,182.80023413673217,144.97752435028346,109.7274259769207
436764664254333553,178.010269232688,140.8039013795976,101.49733155373193
436764664254333554,180.82638769726475,142.6262772134489,103.6823626514693
436764664254333555,175.11572548463948,141.39009709105488,105.47706860371979
436764664254333556,175.7530793591042,146.21061180369566,104.08874138823379
43676466425434,170.23511907225978,124.45386981847125,94.59927962762812
43676466425435,170.0205282903587,124.68268375032457,94.70417393939915
43676466425436,168.85343523013512,119.91019977886124,91.13625267790856
43676466425437,170.14878177258967,124.69191185562565,94.68477149465225
436764664255,165.82925804391041,111.65761993519398,87.13319696610009
436764664256,167.25429691919769,117.71701677787264,89.93632050161675
436764664257,165.95227473456194,111.43751243434939,86.83444489737067
4367646643,170.03638102941247,108.43188600308359,73.43670304381968
4367646644,174.719622389913,112.93827933567755,70.8579174167549
4367646645,168.88442828137045,109.97307690365102,71.59717206312746
4367646646,171.19841362345397,115.2735503274629,69.71597580725769
4367646647,170.2450074571838,108.59708672026653,73.38760882469937
436765,157.0812762277602,72.78142039270057,60.23957641829992
436766,184.34633225073267,76.84952993321978,70.24743829763409
4367664,206.078304317115,79.7307905385287,78.76614966093028
43676641,212.2057987764916,80.4032038687942,75.4141092544509
436766414,212.17807228996472,80.40179598321087,75.43411885970309
4367664144,213.7893218760125,80.32469083144457,73.82450858662237
43676641447,213.72386975397217,80.33046502072716,73.86990027123106
436766414471,216.04139176990725,83.98387189396492,72.22244619551363
436766414472,217.47056040334147,77.03078332354269,72.24740475574656
436766414473,214.30893205920083,78.79202178706747,69.06709844898872
436766414474,217.85024431676607,79.59235196095199,68.41006204832168
436766414476,219.79405322963993,80.32610682243305,72.47634338114959
436766414477,218.11756440231292,82.9712219963576,69.68785072809091
43676642,206.1364825775823,79.72078899961758,78.80119336592224
43676643,210.6537670870235,81.65754752381599,79.77905812670497
436766434,209.51078356534143,83.11423024066661,83.11256611915012
4367664344,209.51511940894406,83.10840168757295,83.09935697899549
43676644,216.6537769603804,78.70761761003638,82.11206025501414
436766447,222.14866025487646,76.61762459974325,87.49995058604118
4367664471,226.74267818654334,78.8376655766256,83.06008408394034
4367664472,222.24001767165967,76.81597482238715,87.54380175741115
4367664473,227.02287659137195,76.60089670772953,86.98079731579945
43676644733,227.3562381141973,78.4826365699423,83.75161265014057
436766447331,233.05319612042246,78.36582820654517,83.54398846833315
436766447332,229.16667888877697,78.96378063393415,89.57157888589234
436766447333,232.97042674118583,77.94965157631285,87.23406683913747
436766447334,231.8565293911738,76.31932607770453,89.70325687232973
436766447336,228.76026284238554,73.40869455387407,87.68086084902974
436766447337,231.93667727384815,73.68666655999664,86.39077190468761
4367664474,228.51159809329806,74.73061534870865,92.00101888032444
43676644746,233.32813656280268,74.27404067330683,94.85145421957043
436766447461,237.06273480359604,68.98025769349664,96.37918364619019
436766447462,234.1560990429113,74.72688076541205,101.49096501812859
436766447463,230.99865676716684,70.94160250579809,97.70069132054279
436766447464,236.5781870731133,72.46068809906504,98.86945717681837
4367664474644,236.44052461401944,69.76461184389312,101.46153209539895
43676644746441,242.14853186196126,68.0614317691787,100.14608079341807
43676644746442,239.30271015486966,73.68488801986693,105.20273142627441
43676644746443,240.43826517064804,69.68328632354728,103.83402292514243
43676644746446,236.47926515565834,69.78343476476194,101.46371295824312
43676644746447,242.04185020325377,72.94753988158797,101.13023246075487
436766447466,233.3187629586007,74.30394107382807,94.85172536794876
436766447467,233.27652862464592,74.1884575976844,94.97481319372037
4367664476,222.16893434912737,76.61020422983759,87.49609882115574
4367664477,222.28913265527336,76.48544529708887,87.26192280812666
43676645,208.47338896689175,78.4351726060616,75.93823095001162
43676646,206.09316884369167,79.74057626891637,78.72998821704175
43676647,225.0363636141162,85.36182573720993,81.80016798382154
436766474,241.14748437908358,89.74728769811432,85.80434002444099
4367664744,258.57997431685527,94.54520402913226,90.084825357431
436767,161.10113827898377,72.13400062030615,65.25249326966902
4367676,161.07488522005488,72.15166302470406,65.20687927929123
43676766,163.09492139176885,69.74584668319396,69.6318173247889
436767667,163.438232421875,69.38826751708984,70.39546966552734
4367676671,163.01522827148438,71.2310562133789,70.8576889038086
4367676672,164.86285400390625,68.26199340820312,72.50947570800781
4367676673,162.38134765625,69.6103286743164,72.01181030273438
4367676674,164.98074340820312,70.56066131591797,70.36557006835938
4367676675,164.69528198242188,68.75824737548828,69.06654357910156
4367676676,163.1571807861328,67.51716613769531,69.93690490722656
4367676677,161.57472229003906,68.83161163330078,70.26443481445312
44,0.05152273687640298,0.6074345430344371,-2.3468652450024297
444,0.18010126450788433,-21.602846084720376,-36.09393477915796
4441,-1.3480710565954277,-29.600179326088195,-36.813584832039545
44414,-4.8812792748329334,-33.47356416189112,-35.614069741240876
444141,-5.874512291998245,-40.444557466628,-40.7859660721626
4441413,-4.220814706917549,-43.60889918117429,-43.54217243965819
44414131,-7.0825626586284445,-49.63362856968994,-41.65857515934748
44414132,-7.761752742215549,-51.651969702774366,-43.8411395571484
444141323,-7.123197742103412,-49.260195751193336,-43.63379820569554
4441413231,-10.98590141933948,-57.41809588544344,-41.692373695082246
4441413232,-9.138143255057546,-59.56174907361054,-43.22825611645788
4441413233,-10.501198672729986,-59.15993671988056,-45.92222993949908
4441413234,-6.6167796510960954,-58.705515744677385,-45.59556685581132
4441413237,-6.839431201166236,-57.409094293684134,-42.01143903636226
44414133,-9.097730474841887,-46.79845941428131,-46.94369627930506
44414134,-9.91901238492891,-47.989177759893664,-42.081489847982475
44414135,-10.668139644563272,-49.8750519283748,-45.14330472741124
444141353,-9.004952713106036,-47.936223558135566,-44.42161465755308
4441413531,-15.873849393025939,-53.16892184253183,-44.102377907017875
4441413532,-12.180051582494295,-56.18694070817106,-44.92809643316846
4441413533,-14.348308287535366,-56.18304904702468,-48.60337087773908
4441413534,-16.235753616162597,-54.02567563060106,-48.40821381629436
4441413535,-15.177923161139427,-56.231447424874034,-45.17941382883544
4441413537,-15.851543352109978,-51.323619585503664,-47.78871518134579
44414136,-7.777254585605946,-50.35933604156728,-47.248420293571236
444141363,-7.046770647842831,-48.01543678779338,-45.59716816116167
4441413631,-8.829874640690704,-52.62049995327794,-52.96796527021682
4441413632,-8.431321634822998,-56.74975730284878,-47.709309161130456
4441413633,-7.27065433213061,-55.307985645118386,-52.598159011267235
4441413634,-5.968019534354999,-56.12596495053983,-50.13653962707218
4441413635,-12.11680372859259,-54.23391725602303,-49.47822725402028
4441413636,-10.186534490596605,-57.19387722671192,-50.83372346523229
4441413637,-11.083603773034733,-54.91784918870787,-52.433900912920585
444143,3.0630842474440576,-36.31115964456024,-33.906920995352216
4441433,7.8798335064992795,-40.45434718276748,-33.57721793331227
44414331,9.73738748446854,-39.800386868843574,-32.37739258638245
44414332,11.395967401267795,-41.336806015237414,-28.873213868186344
44414333,9.32976654430719,-43.801375077736076,-28.173811826755475
444143335,8.939900397704003,-41.14244974384824,-29.62638966719848
4441433351,13.051857716431902,-48.498539818711926,-27.358981077869796
4441433352,8.527292376978417,-51.32085279978245,-25.922887579533434
4441433353,8.314110695874652,-50.00072690453791,-28.826106965844318
4441433354,6.8219157049822785,-48.653239287917636,-24.530851482447268
4441433355,11.797379551256775,-50.93008155433323,-26.640383907408445
4441433356,10.42570341152698,-47.13120242433994,-23.12512933525644
4441433357,10.587318846822862,-50.014975560377124,-23.563828118986187
44414334,7.928352634807516,-40.44899657984788,-33.06961385819603
44414335,6.659372430860746,-40.32740941290491,-27.81512120160118
444144,-4.583605745470016,-34.432469019459745,-42.585566442319866
4441445,-7.159682911970556,-32.41267868786856,-44.96732177852257
44414451,-7.066947542717142,-32.9066449337219,-45.331598679391476
44414452,-4.317842472329858,-36.3354353450804,-50.23720218179231
44414453,-7.695832825382118,-33.82297699979603,-50.026411571811245
44414454,-6.978771858306308,-38.379036814406525,-49.71584007793362
44414455,-9.672412922765702,-37.454011804465615,-46.82228460320604
44414456,-8.558975993386376,-37.09679929225063,-52.898958181107844
44414457,-4.374992146103011,-37.56270346134139,-46.401096404697284
444145,-11.534435080978561,-36.167237972411996,-34.41004029520726
4441455,-21.127648786775616,-39.94450559069154,-31.56333548058963
44414551,-21.18960249489673,-40.101382694936675,-31.52402423900114
44414553,-21.124135531467136,-39.935245930679486,-31.550686475457397
44414554,-20.75630474253768,-40.77711193878372,-25.769799843840868
44414555,-34.327009818211216,-43.901468105902154,-29.275290821055574
44414556,-21.034286141375645,-39.88262403841949,-31.608920298118008
4442,3.7433475987154874,-25.07468430239713,-33.76701885004867
44424,12.081764836464352,-26.725042025800096,-30.82700980954274
444241,2.5555465057498377,-27.007966167832414,-37.00065848704281
4442414,4.990633524668803,-21.5682343339275,-38.29565894968456
44424144,7.101366294592768,-17.062866061886332,-39.63567096449782
444241446,5.989380262011871,-14.312000041057543,-42.51275518450134
4442414461,7.48406713608266,-9.854863779340741,-39.62207888241207
4442414463,6.108123946935336,-14.216538254952303,-42.47987641504346
4442414465,9.187389992821249,-7.475585487136564,-44.663963968682765
4442414466,11.362585338413238,-12.90853040042323,-43.63100953960936
4442414467,8.298350217775031,-10.295674396308616,-43.754074310859316
444242,8.340521455163808,-21.056337960436274,-34.50102367421654
4442424,10.794893971032499,-17.65789115865717,-35.57210535969924
44424244,12.662970515057147,-12.787789646762324,-37.50728257481518
4442424461,12.447375683927916,-10.789376042033295,-39.25469399527491
444243,26.37999711589201,-24.191395019358314,-31.89788944558751
444244,9.14273419894554,-19.667100220653392,-29.17557871518279
4442447,11.081682266339497,-14.682628658100647,-30.193730256245143
44424471,9.104672467725566,-14.008962609364888,-23.934886022031908
44424472,12.422995507033473,-11.322713891917374,-25.78235388786812
44424473,11.232077865060376,-14.673399292455395,-29.44204585386243
44424474,14.179018815227177,-13.329362918643618,-23.475517658195777
44424475,13.630156009361798,-10.036012075731541,-23.46319449084151
444244757,13.268675370591904,-10.674308289599775,-24.2784197759929
4442447571,12.806719600366954,-3.784772672060272,-21.92882694624918
4442447572,13.679640937304637,-4.538362410163342,-18.41888329280111
4442447573,18.243403721717137,-4.442177349400653,-21.237739985506817
4442447574,16.229363290359352,-8.64161028169388,-19.224437422457896
4442447575,16.32761505794421,-5.986212607132606,-17.701956527521762
4442447576,16.72542089415754,-5.221195408235144,-23.873874292145352
4442447577,16.767574610257093,-1.4078825932114427,-18.89216204556263
44424476,14.917157369476003,-16.49952579162889,-25.47222402002942
44424477,12.15641192024021,-16.015009637450767,-22.40311083884047
444245,-1.5925249609397658,-29.604080791786505,-29.73992192821008
4442455,-6.594169570390715,-32.92907066442499,-25.757965159049938
44424551,-14.89424056529902,-37.07485476818857,-28.361499737730586
44424552,-11.540189902553356,-32.83234392989613,-27.84335859840452
44424553,-6.782645681890651,-33.01527110118504,-25.7779248832733
44424554,-13.56481395801618,-36.70563691111533,-23.611391032223853
444245545,-13.298960909377382,-37.03912156304468,-28.851279501872302
4442455451,-20.78330887283015,-40.57305186289681,-23.291447623480533
4442455452,-18.46893476618281,-35.09533493784439,-22.135265516065797
4442455453,-17.031193249901815,-36.12438590742219,-18.811000287591398
4442455454,-18.584939275725592,-40.28664792962257,-19.31603825358813
4442455455,-16.49478388881885,-41.618608135873,-20.76199201101103
4442455456,-15.156164799694123,-39.05882125164632,-18.844336455477453
4442455457,-19.97074501119943,-37.30003476538509,-20.06872396286221
44424555,-9.544582409543573,-35.54200912982228,-22.017449493654183
444245552,-9.407303930558667,-35.307341657031444,-24.97085830933786
4442455521,-9.414635560545914,-38.97936444308851,-16.38158292823191
4442455522,-12.257537573067856,-36.64067298503201,-16.103499418213666
4442455523,-7.21038059803674,-32.913036843634615,-16.521614663110157
4442455524,-10.489856776566821,-35.18030358473438,-14.169851188526568
4442455525,-6.268320499778467,-37.25626863942751,-16.7997515841977
4442455526,-7.696083855621813,-35.67503769150073,-14.339204644868328
4442455527,-11.13290680133987,-32.60936243823676,-16.612492455676446
44424556,-10.59781391965414,-33.863840128104634,-24.552565885657373
4443,35.52189478790679,-23.1951646920184,-32.04145862296286
44436,70.43174792302344,-17.586114238886733,-27.675188350605413
444361,70.95550713489429,-27.030676446886986,-28.702020404169577
4443613,71.57928391148987,-32.37851298579202,-30.014979157010757
44436131,71.52223578052727,-32.48219390290955,-29.93073266342022
44436132,66.90305857819371,-34.930971485959155,-28.039291454754924
444361324,60.86066615154994,-34.318068918166745,-29.421473345789583
4443613241,62.87144098137115,-33.460193745214355,-23.961023678884434
4443613242,61.322932950753604,-34.0196795478273,-29.07836484304581
4443613243,62.89050385660063,-29.733349868516495,-26.10887800368714
4443613244,64.84993587759942,-30.075605643978875,-28.640333142314578
4443613246,63.407315927323374,-33.138350907969055,-30.2740635465558
44436133,67.6911144325294,-39.56130424683349,-25.308373298285616
444361333,62.436917363307515,-39.63195301735625,-29.308365755796302
4443613331,66.95416141566565,-45.76705185281166,-24.518136430622445
4443613332,65.15066905601985,-42.00876852726726,-20.234578505571747
4443613333,63.18618797339947,-44.282699520134955,-20.944334686141524
4443613334,67.73836969622865,-43.15422251493397,-21.632965388069778
4443613336,65.16302864036334,-46.2421039271143,-21.961140972916485
4443613337,61.66485190757715,-46.13949643603736,-23.102215867435014
44436134,73.81503517549034,-35.941295456824946,-27.623340725117743
444361343,75.93531923241457,-37.1671251645744,-25.744178810877685
4443613431,78.66943469777353,-37.990006761827104,-25.184525256180017
4443613432,80.96782803368656,-38.964929335916274,-29.04958748854576
4443613433,82.8233694467812,-39.27641272990118,-25.13748754294404
4443613434,80.18085207374537,-35.11557464013202,-29.653107689203527
4443613435,78.97494623098012,-35.096807306694416,-26.159519687703312
44436135,70.00757761485909,-33.561532385602476,-25.07283553812248
444361354,64.9128701870437,-33.9578494888723,-28.38364924473863
4443613541,72.23172206379601,-30.383043218879827,-24.009256085212158
4443613542,66.92036837648725,-32.18370666871031,-25.377395749505265
4443613543,70.99876158326569,-31.18733322166958,-20.810267629579126
4443613544,70.47909285030453,-28.204481407461266,-22.42708185067816
4443613545,67.4865953843738,-29.497869377269755,-20.566256645945206
4443613546,67.89719275412496,-32.978950544299764,-20.50838301321891
4443613547,67.3783199124705,-27.69871492230099,-23.806534060965593
44436136,71.64920658452345,-38.77144061821737,-27.611149952981037
444361363,70.2497592696363,-35.629034217245305,-33.253920744813676
4443613631,77.60671469734892,-42.82133847727775,-30.184141262338436
4443613632,74.80774671095993,-44.90103224808356,-29.608378894276118
4443613633,72.37152010481792,-43.81120644624858,-27.442476429128625
4443613634,76.87484708575303,-40.15623652247386,-28.17897713851989
4443613635,74.19684100308712,-41.54252246882792,-25.45415197676686
4443613636,76.46067235046905,-43.5045659343433,-26.951024772606722
444362,58.222773216050584,-22.041614468972455,-29.64530044063666
4443624,42.62619622462049,-26.29491350314018,-30.820198390097165
44436241,42.616470572494784,-26.295271273119347,-30.81768853956048
44436242,42.94936538447777,-26.159082373905356,-30.840441196590422
44436243,45.72558538951357,-22.994018887147888,-32.89559914154525
444362434,44.74518209529398,-22.567396238193723,-36.550484783357994
4443624344,44.75462690731591,-22.56518193076852,-36.53405148337771
44436244,48.552550414514826,-24.393932678073323,-29.58602397452661
44436245,45.144901189995515,-22.01607175370959,-27.76155107939801
444362455,45.26365786919692,-23.905660911609434,-30.233560007493356
4443624551,41.24187248779256,-19.776332184428362,-24.051839533910766
4443624552,47.274003020614714,-17.79133821309445,-24.89892828441493
4443624553,44.300495204472554,-16.84357799288774,-23.773542826585846
4443624554,47.858792797120984,-20.49060048553537,-23.52357663567776
4443624555,42.219026002092875,-18.0873816580338,-26.56842568443177
4443624556,44.33357387030117,-19.75052728363867,-21.484256575761258
4443624557,44.13544143551548,-22.98223194866443,-22.768268268648946
44436246,46.82331727966399,-20.702708874485065,-31.310387728509763
444362465,47.33451156014579,-17.76868289313267,-32.03946589240305
4443624657,48.882700314597585,-13.431225111692989,-32.56876902725713
44436247,50.59674625571083,-29.806302170374586,-30.534227553036242
444362473,53.71650402717434,-38.216770400858714,-32.42908499076247
4443624731,59.137256402823795,-34.724240286943676,-28.839083022664894
4443624732,54.322383923746806,-33.50480373685566,-32.50069401393286
4443624734,53.824551252744,-34.97427195982422,-26.15173352105212
4443624735,57.36863484330156,-34.02841691976403,-31.96547896600783
4443624736,53.726570719496216,-38.20434162098371,-32.43727933491547
4443624737,53.744428808712094,-38.16742934572832,-32.29168782071717
444363,78.66167140828937,-20.288521292294163,-11.73961190379302
4443637,85.87289350963265,-19.88365226443524,4.792663514006113
44436375,93.0663988268792,-19.54239714637132,21.218986435306267
444363756,100.35366137500986,-18.593027189404996,34.37375932962036
4443637561,101.89013256376333,-22.18953089390226,37.41917640773136
4443637562,103.78790082470947,-23.420665284024636,45.00987278058943
4443637563,100.34424457593549,-18.617268610509523,34.533003512203805
4443637564,98.33486402391128,-18.312819381084363,40.4592782237481
4443637565,98.8927933439661,-17.01069001063923,36.89757528202561
4443637566,103.14195804303904,-17.31171863981118,37.82690613022109
4443637567,97.56965061435368,-21.141469240321747,37.46300553458574
444364,73.13892639731597,-31.49746224894749,-50.563847054457646
4443644,66.07301643364346,-43.9290208617449,-72.70147892603305
44436441,81.08031879666564,-39.9574102060355,-72.60926819011033
444364417,87.36159075867748,-36.18009330107048,-74.0601911600076
4443644175,93.94142366336322,-32.85993868429394,-75.66365189806623
44436441755,101.20952725181105,-28.880899054856684,-72.97492441267579
444364417551,101.20743401329513,-28.87294010169268,-73.24365415094567
444364417553,99.89416898428392,-29.007655082333255,-79.70554643251245
444364417554,102.03369793950647,-30.988757879582014,-76.63301109284292
444364417555,108.18375431002312,-26.030232336128016,-77.08413270445858
444364417557,102.96362328323404,-29.300160155068344,-79.1886373174887
44436442,78.2272248400415,-38.887950860032205,-73.00136674834363
444364427,83.13763742914857,-34.903755265896045,-74.89204507583973
4443644275,88.13505365047607,-31.65759665366303,-76.78487043594514
44436443,79.6972270542432,-40.02010990569044,-75.00317719530662
444364437,85.16569723610166,-36.47061038511555,-77.06036818392498
4443644375,91.08843701900982,-33.51708443664813,-78.566806322333
44436443755,94.73985852586625,-28.192775802703316,-79.30236363076175
444364437554,97.82217384967964,-32.22705206279342,-82.14636886344543
444364437555,97.65468839010431,-29.182917710415317,-85.09130861757302
4443644375555,97.48158564110878,-29.102289530920864,-82.85152687283507
44436443755551,96.07991405861961,-32.13108020701862,-90.63542035526672
44436443755552,100.77112869229563,-29.010161432225416,-90.10987299704776
44436443755554,96.63002382111269,-29.5553318611915,-92.71109789686606
44436443755555,99.33918770859778,-30.90243112880419,-91.70700280060043
44436443755556,94.71830911319097,-27.310172104641946,-90.39634833769033
44436443755557,97.55186298012677,-26.583307205927234,-91.51567635157177
444364437557,99.82371493554218,-29.30893705112623,-82.86838568684924
44436444,77.68381933844513,-49.57761764114983,-71.44939963237354
444364443,78.93872483958761,-55.847574624304805,-72.02966884063297
4443644431,78.93384904543514,-55.85160895287909,-72.03782749552548
4443644432,78.94724547939629,-55.9494367720451,-72.05356199270524
4443644433,81.10354099224277,-61.313101732222535,-75.57125946905376
4443644435,84.02150923858773,-60.61215972605389,-69.1812453542389
4443644436,80.84193933546496,-63.00935260380892,-69.51214163791617
44436445,84.14740344855548,-37.31760904335797,-70.40429551744703
444364455,94.08738925509903,-30.620519229301987,-67.14518211766547
4443644551,94.07689178171283,-30.664980174206345,-67.21649340126828
4443644552,93.90767183925782,-29.300357205099893,-74.53877634675017
44436445527,92.43310777281441,-27.23318529276514,-72.92771888054178
444364455271,97.29221291666657,-28.010311380294663,-77.76672473509933
444364455272,92.27595067111525,-30.190034753325545,-81.07212474950245
4443644552722,93.25620805082771,-28.57299546620982,-78.60320557674841
44436445527221,88.91556598060458,-33.51038152047503,-87.25213388274021
44436445527222,92.77036129413119,-32.321093584502414,-86.76288774668512
44436445527223,88.66298147407083,-30.323427275625686,-86.31959228287272
44436445527224,91.25702217891923,-35.40707280880801,-86.79496968696799
44436445527225,92.3043485188828,-35.89355961875088,-84.24745242180816
44436445527226,87.08909769449822,-32.49751132413504,-83.67223525014222
44436445527227,88.36606462036976,-35.54690842957246,-84.36654208984869
444364455273,95.10478282195659,-28.37852008020675,-79.60309927946228
444364455274,92.98788737115619,-23.430311366481558,-80.43025919675898
444364455275,91.0931644410985,-27.216824706026447,-78.8622999345129
444364455277,92.5393935765173,-27.26081346671651,-73.54036230849448
4443644553,94.78543121470308,-34.9209211002717,-70.42493714217974
4443644554,92.2414380484946,-34.1170650642683,-67.879217567963
4443644555,103.43146853595294,-27.163081285167223,-66.53203521537034
4443644556,90.52309575862968,-30.34840282897458,-68.92558120399565
4443644557,96.39812162688564,-31.20035789905228,-68.58290517689447
44436446,81.9913378207132,-37.092786128806544,-72.73426071166264
444364467,89.62424711909149,-31.637134564568388,-73.53428487881521
4443644675,98.1149722164219,-25.625859975244108,-74.71768922886874
44436447,77.54123663706339,-50.318665334473216,-68.23050477278014
444365,87.00076718993161,-14.263883043228294,-30.70627512679255
4443655,100.60800771946677,-10.728279995634711,-34.50858840666942
44436551,101.43599588680215,-4.9589067670682265,-31.47116778495692
44436552,101.11329051021656,-8.393603505307729,-30.5132738796749
44436553,102.20210637332482,-5.756510754061543,-35.4763394465721
44436554,100.78389469465408,-10.483210720050891,-34.360446609389996
44436555,110.41949142212958,-10.308828645607797,-39.231241623430364
444365553,116.73265349215572,-10.209214669757946,-48.0710386667269
4443655531,117.9390520156549,-10.833444004233522,-44.54053608074977
4443655532,116.7972289618149,-10.378119129496694,-47.90370960080132
4443655534,114.92504672824745,-18.53953576709862,-55.95040626099983
44436555344,112.32808648037017,-21.20449613803663,-60.915631974899476
444365553441,113.8173784604066,-20.745437484170438,-65.78684369408187
444365553442,112.33129733851213,-21.20755267698879,-60.9204174808981
444365553444,112.31080950961928,-21.246813428516546,-60.99390475512045
444365553445,111.29751418176969,-25.425524982200322,-64.58673965096135
444365553446,117.11399508566743,-20.654357637296464,-69.88128439596329
4443655534467,123.77121323085275,-15.033377879685215,-76.597946324525
44436555344671,115.78600536151734,-22.46912690743312,-76.44447956569296
44436555344672,122.90355641482621,-21.14783771435269,-76.06442642568993
44436555344674,123.7515064676803,-15.054757802930014,-76.58698894095085
44436555344675,122.09754187299181,-18.674181466281564,-73.28989511336923
44436555344676,122.3938185193603,-19.738402877664488,-82.02882763414522
44436555344677,123.40221159946276,-15.618694459759869,-76.61804428244236
444365553447,116.49548883627216,-27.14821416391478,-63.24288154355954
4443655535,119.74769666739327,-16.051513926886617,-42.53127352834922
4443655536,115.42903660878142,-13.120662780932664,-45.4936977173077
4443655537,120.475748510394,-15.834390409378663,-46.32796502640496
44436556,105.48198879148663,-5.840048080268891,-32.17260948118237
44436557,104.97352745181321,-9.729123559753216,-31.05551457711133
444366,85.81862370555544,-14.565090646006393,-38.21837230062967
4443667,100.30883143585272,-8.411066184662355,-47.67951884482538
44436675,115.01529381660869,-2.12690201262292,-57.00002823337451
444366755,127.14438270176815,-2.9872386220326765,-68.50872288247666
4443667551,129.50210434281385,7.449444082415833,-63.11566856538467
4443667552,133.4164133180492,7.013633528295695,-64.61381764296623
4443667553,129.93336080205216,7.094289241479372,-67.43532832149732
4443667554,116.78040270832668,-9.468650367069216,-72.05546462209897
44436675544,107.89286143511721,-17.42235118077601,-73.47562095368082
444366755441,103.5631895002611,-24.2327887392841,-77.16985084887418
444366755442,99.00037640144546,-22.17076823499217,-78.94511859988846
444366755443,102.25854843329475,-24.79812623839004,-79.32974377955199
444366755444,105.74233799088135,-19.061685425967593,-77.99660603676682
444366755445,113.92408425856331,-19.72535762886602,-76.51184026900806
444366755446,107.8604883563459,-20.413156615374195,-81.24806537135393
4443667554466,113.97316040048041,-19.066617377709623,-80.29903117900082
44436675544661,113.47041247591828,-19.027331584912105,-81.14703744866284
44436675544662,115.95873654925175,-19.30104201770173,-87.43419451809203
44436675544663,110.62323624540801,-17.68185135311888,-87.98274772629655
44436675544664,112.39114254191227,-16.179741822268852,-86.35196770300253
44436675544665,111.54158900821761,-21.895014787988572,-86.60139194335731
44436675544666,108.80501814310104,-16.354865275594058,-84.61753352132361
44436675544667,108.50226855409333,-19.926318133719818,-86.70475908862198
444366755447,107.63761291252024,-17.84156939056048,-73.92329297117111
4443667555,140.3596951547144,0.5540198063461893,-72.54987390854524
44436675553,148.52404697187865,-1.8750111378999375,-80.2008720894673
444366755531,151.0259085502577,-4.680450965573588,-76.5095556860876
444366755532,151.39447997785263,-5.120406062163156,-80.36450679213287
4443667555324,151.15644099843757,-4.205745933242004,-79.722289061918
44436675553241,152.3237554843889,-6.980537704091446,-86.04711844852307
44436675553242,149.25083588015636,-10.22872103047946,-82.0272914415091
44436675553244,149.4537217000065,-7.907854119257953,-85.41596048634891
44436675553245,153.11450602993307,-10.507755865723553,-80.81427970282473
44436675553246,155.1243380278525,-8.110400285230977,-83.29929013020883
44436675553247,152.35895393469636,-10.743450063204374,-84.58640083772411
444366755534,134.6472711824949,-11.307907867691567,-77.37495010448882
444366755535,165.92739904752443,-4.103743499580556,-86.93248987454835
4443667555355,179.57687958407,-6.074460496798642,-92.43412658399744
44436675553551,182.57612828037065,-2.972695678661137,-97.34382573928782
44436675553552,179.65276532657063,-6.026814769043251,-92.54337692861785
44436675553554,180.9757558784959,-7.1407969432978184,-99.35095154233761
44436675553555,184.4978717272359,-8.260165501702904,-95.25262171925226
44436675553556,178.41344648915575,-1.23909143595655,-93.44881860551375
44436675553557,193.61472018727017,-6.950956593425917,-102.70600900931171
44436675553557333,220.3252578558075,-11.20746227363289,-119.23605364555524
444366755535573331,227.87286171951033,-14.730470081046743,-116.10727622318922
444366755535573332,221.31668807410665,-11.399612343263566,-119.81869050484924
444366755535573333,229.37261628378664,-12.010559517145492,-126.7948406814911
444366755535573334,224.19154144413076,-12.472499553902722,-124.19606389953037
444366755535573335,231.55574415035173,-11.857723547768519,-125.24927019706718
444366755535573336,225.10307458129986,-18.06549190987565,-123.38700266744995
444366755535573337,228.3757617017451,-9.5867045819342,-129.16597522355713
444366755536,155.873078289259,2.02429265204656,-81.73241550883847
444366755537,148.69026202277857,-1.9806813032633377,-80.05504566171875
4443667556,140.56555375247922,10.657299109054236,-76.5773248612375
44436675566,145.91835750065778,15.320381479118877,-80.22021946013594
444366755661,146.6575985861119,15.55087145271792,-81.12483591110389
444366755662,147.1977639893002,16.370943069399953,-86.75980660625693
4443667556624,148.4433809106618,16.208340216966647,-85.46585476111485
44436675566241,140.69769021129247,14.939578908231963,-88.82953499410728
44436675566242,142.3051782385582,19.93165198038976,-89.1839987670204
44436675566243,141.98310021142657,18.12430265886531,-86.65724443629294
44436675566244,143.43300109682946,13.086448442803198,-90.05556491457779
44436675566245,141.24933273678693,18.155184744122547,-91.22376564305415
44436675566246,146.80610917659345,17.080676092235116,-91.90098123355747
44436675566247,142.6866945077064,15.78431276685006,-92.52551950163766
444366755663,152.23840165203697,23.168741909002943,-92.91669699854391
444366755664,151.06097529821716,13.62230759823187,-86.01707657369423
444366755665,155.27320947353033,12.207195117293503,-85.41181253769402
4443667556653,158.1423986702075,5.749928432726514,-83.0173558658666
44436675566531,163.24909124016585,5.598468881028188,-84.07638439673117
44436675566532,161.78457910922168,5.501462242073449,-87.30255468219043
44436675566534,158.4534549258593,5.917699802100489,-83.27696374854038
44436675566535,167.79535510991164,4.747397961735041,-88.28756411092176
444366755665355,170.974793082117,5.295554469725608,-85.00009060658095
4443667556653551,176.31091811536297,0.8581574864222528,-88.27126263467623
4443667556653552,172.46503222006552,-0.035916012729547635,-91.42604926115212
4443667556653554,175.9058129272216,-1.4264207237614324,-90.74011795261968
4443667556653555,175.1858558044685,4.760717736061935,-92.44524346120733
4443667556653556,174.08730172248113,2.350999116248453,-94.36676310601352
4443667556653557,176.19825925739426,0.5135922976502032,-93.72163582352222
44436675566536,163.72203421053595,11.635785422288894,-86.40343147568584
44436675566537,159.78906486563662,8.211782977487092,-87.96137706133361
444366755666,149.39298617681982,16.779748692251896,-89.8982518262311
444366755667,149.8497279550247,18.223537730553574,-83.77881734053166
4443667557,131.04669894796268,9.41646734801379,-65.61947067966797
444367,69.35590707769644,-29.8533051467239,-33.24193820029911
4443673,64.37769576173241,-41.05746028440676,-39.6060591334607
44436731,68.56444257171421,-37.86105857536774,-33.35479872657928
444367313,69.07192884877821,-39.19155242342147,-30.12442904689995
4443673131,77.02163173759018,-36.588427081335524,-34.25647044625828
4443673132,75.41648508220737,-36.59279715659477,-37.0379802769505
4443673133,77.05073365320558,-40.04602737895125,-35.45746036890124
4443673134,76.85033500263643,-37.54338773120696,-31.977088641270843
4443673136,74.2898015188367,-43.788326275568984,-33.079563854648946
4443673137,73.51015075628403,-34.9731649018826,-35.450906780697295
44436732,61.3469772419332,-38.18911067747409,-33.720753253422025
44436733,58.43108935039131,-44.78532176582184,-32.76358239506826
44436734,73.4784892459417,-49.76252006703426,-50.60169157910529
444367344,77.89364567505145,-57.062341668516545,-62.37560610144856
4443673441,78.04056776930311,-57.2051732234991,-62.42396403650659
4443673442,81.43870723122554,-63.64789270717395,-62.344047668296966
444367344236,82.75251834877713,-67.24119990530228,-62.14780375879909
4443673443,81.59815275021244,-63.95843725454437,-72.87950922440079
44436734433,85.4821263179841,-69.15626575598351,-79.9762623505531
444367344331,81.80975865864409,-70.44343880879083,-85.18840267385195
444367344332,82.68821785616134,-73.96552447377356,-84.39893774063722
444367344333,89.42637995814604,-72.05020601355662,-85.43300221704942
444367344334,81.794007436102,-64.41239625394235,-78.68964790983425
444367344336,85.47985124031307,-69.15896927365613,-80.01197985326792
444367344337,85.49657655428526,-69.15767380645474,-79.98043992460923
4443673444,80.21866654427696,-58.71528636039231,-67.44890038765733
4443673445,84.76726672328182,-63.58119912448584,-64.2492211432185
44436734453376,93.68897768275342,-80.29017031135544,-63.8386055472706
444367344536,87.01638350891378,-67.47273684217329,-64.27164151730432
4443673446,81.95819607223713,-64.67445016582704,-64.79902693938776
44436734463,85.89650039816827,-73.21693140202036,-65.40475905567146
444367344631,85.8504589647657,-73.05087668899296,-65.49888089237254
444367344633,90.02173863706517,-78.20534083194005,-64.67147236195238
4443673446337,95.87568248207336,-87.03221607894466,-67.03952594237734
44436734463371,95.82020681370443,-87.05544644329038,-66.98260649990617
44436734463372,98.37579900878691,-85.78864173562546,-62.86429201986212
44436734463373,95.25871800923065,-86.98268456968425,-61.293079617216414
44436734463374,96.4881290406038,-86.39014719728978,-66.61500615085573
44436734463376,101.32774620528518,-95.44086821645362,-64.81298989787183
444367344633766,103.57879944372705,-102.40085081062803,-65.24142848026025
4443673446337661,106.61456765016139,-107.8670077128041,-61.03997911473655
4443673446337662,110.35672282696254,-106.63899480902997,-61.42577862203722
4443673446337663,106.02288593472561,-110.09215793600721,-67.0804254583931
4443673446337664,108.46465882870696,-104.64738283670515,-67.48522075670377
44436734463376646,107.95227751255861,-104.77141549745429,-66.74161775477492
444367344633766461,109.16304907793845,-100.68009880022139,-70.17624502220184
444367344633766462,107.66192715366823,-105.18847234968511,-72.78224703362554
444367344633766463,112.90373871657097,-101.74865440381318,-70.94218710272438
444367344633766465,111.47436560595037,-105.35907190724082,-73.42677524203971
444367344633766466,109.8716642873726,-102.10523413106233,-73.48144428994266
4443673446337665,103.7963674131669,-102.58177304056169,-65.22893984909066
4443673446337666,108.68122573917512,-110.2067032942468,-65.81067915444852
44436734463376664,110.3580712734119,-110.985686902305,-65.35084436124522
444367344633766641,108.01064111506714,-117.88734967632416,-65.77205411441795
444367344633766642,109.42857830616026,-117.05273972498001,-69.5773048992635
444367344633766643,106.04560267595691,-113.12658618953161,-67.90524243681924
444367344633766645,112.66140215471074,-115.64300047609684,-68.02554503473364
444367344633766646,111.2511909102242,-116.48859078172573,-64.30164184802562
444367344633766647,111.81919447062215,-120.09561451382865,-67.27815205121733
4443673446337667,111.97545256652748,-106.58752100479275,-66.84225063373819
444367344633766764,113.49559160942864,-106.02204946118023,-69.26716812595643
44436734463377,93.32142195473207,-88.29093091884472,-63.890338574563216
444367344634,82.41596029205031,-66.7196325172173,-67.99784201251236
444367344636,85.57747468652919,-72.60579032690676,-64.65588436304881
444367344637,82.9300395456763,-72.40042733621246,-64.88320992603613
4443673447,77.89285828422885,-57.06043107113534,-62.35329376054513
44436735,68.76177857642742,-40.067366139372474,-38.993992903621894
444367353,70.63336795469806,-38.774869510701784,-34.43959913740564
4443673531,73.19670722572258,-39.21352140533543,-37.9817115739845
4443673532,75.29285848352308,-41.201399531678284,-41.11007908308848
4443673533,70.13891342493594,-38.164133338373176,-42.37863608024596
4443673534,72.86990884974958,-42.53251411892678,-42.91303641064769
4443673535,69.74835361945067,-42.32675360702155,-42.65141428835727
4443673536,72.21481039013747,-43.7269554360881,-39.12652657394976
4443673537,73.4915930076535,-38.34782261521785,-42.39061849538527
44436736,68.54645068398985,-43.1991503708338,-36.04746068554091
444367363,70.31764007413032,-37.48897890054188,-32.49419773028179
4443673632,69.89403627124034,-46.73767412562325,-37.758217845061694
4443673633,74.7892133288751,-46.09903228405175,-34.67190867938633
4443673634,72.49995975349492,-47.928116240444226,-36.13033304376925
4443673636,74.32542617222374,-45.803272185412986,-38.12463588767971
4443673637,70.31508456114571,-46.85578720230217,-33.77375043515639
44436737,64.37667745310335,-41.05773401233013,-39.60746173597174
4444,0.6485620582610966,-50.87007696554314,-74.70085983973179
44444,0.9835836272114764,-72.73480977380083,-110.30064715859322
444441,6.965296044021557,-87.3111758912796,-125.02179746377915
4444415,11.136820829281048,-97.93153841109145,-137.78143914363466
44444151,15.292655081089716,-99.3236028970204,-138.680050501085
44444152,11.246471768016688,-97.9428987408687,-137.69357935541126
44444153,15.499410322422552,-105.37199869940487,-135.14587892322157
444441533,14.243423274287165,-111.64781798166962,-130.67389445603584
4444415331,19.58782669882459,-111.55918503094139,-135.80310559566308
4444415332,14.568080082925627,-111.66185778886721,-130.9755080802298
4444415333,20.15186647628958,-114.93495754459012,-133.10480009738185
44444153335,18.770364970119864,-117.20667368277397,-129.84615180846032
444441533351,23.01134277579625,-120.89478177502747,-135.12202244794068
444441533352,25.21190390457894,-120.5999037280514,-131.84993320121066
4444415333522,23.166244856614234,-119.28231406852507,-131.9953213549304
44444153335221,31.685690390941126,-122.73945579991691,-132.38978027650558
44444153335222,30.19718382165267,-124.89304464585396,-129.34734460004495
44444153335223,26.73467560579147,-125.63676184984493,-130.27266524968255
44444153335224,29.446565490628558,-123.289888454266,-134.8162490891366
44444153335225,30.649106182005625,-119.98509471179639,-131.0247906016711
44444153335226,29.148752607351803,-121.95437388817538,-127.9215555581806
44444153335227,28.770489411919424,-125.95129619289298,-133.01498583515288
444441533353,23.881901614864937,-115.91009951853356,-131.57299016717496
444441533354,19.845330310844442,-121.56762586097774,-130.97347404512422
444441533355,20.367017589725343,-118.75006100628893,-135.06629864585108
444441533356,25.257258241373208,-117.8622311469507,-133.89709606151823
444441533357,22.786907362840655,-118.41119779429393,-128.60346033650762
4444415334,15.866293633987263,-118.39445905085026,-131.05869639430014
4444415335,16.060283467310576,-113.10869871332694,-135.40642945547654
4444415336,21.056893631264373,-109.25270133068375,-131.26018377344855
4444415337,16.718338171783188,-109.54716427567337,-134.85440466762532
44444154,11.488409203546164,-103.40193916918724,-131.77352240028011
44444155,15.075297679937329,-97.15539334228677,-135.76149752074787
44444156,17.789178072479185,-102.39022198443688,-154.1007015686576
44444157,11.13497055011744,-97.9142831981377,-137.76895419233045
444442,-4.468062942225754,-85.0611478981197,-138.26975162174466
4444422,-10.623588702631665,-93.2168762192469,-160.94090426554945
44444221,-8.95576049436382,-96.82458913356706,-161.96603936614235
44444222,-14.013094794266705,-95.35797063083416,-176.45500758077583
444442222,-18.32670246412075,-98.45774608008858,-187.7308037629453
4444422221,-20.54108471909448,-92.75890883737485,-193.94308542843723
44444222216,-24.565252344067346,-89.9621662539885,-194.52803008693306
444442222161,-24.54729656732096,-89.93654746235126,-194.6456161233134
444442222162,-25.434845160791728,-90.30933853092006,-198.9908069450579
444442222163,-26.105997461223804,-83.12593973601555,-199.9626148987346
4444422221637552,-30.022829045230818,-74.4608635039915,-205.29491332798324
444442222164,-23.819961550280812,-85.92407393696614,-196.71469752341264
444442222165,-21.565616723437213,-86.22862239349043,-201.43067264399568
44444222216552,-21.157227072948185,-84.73550445837371,-203.99693256732354
444442222166,-22.225806051634564,-90.72693626503062,-199.65939732836424
444442222167,-30.278416429594916,-93.08572296806305,-199.17059217911648
4444422222,-23.144030888633893,-93.27537525595864,-194.89821401079385
44444222226,-24.834391437549282,-90.47700407778342,-198.6128346402546
444442222262,-30.232601613946837,-88.3140956494299,-202.972954138681
444442222263,-30.686694260919626,-85.6859080379803,-201.54116994944908
4444422222637,-31.884479984919643,-82.57468406139301,-202.7382990781489
44444222226375,-32.44859670679664,-79.25166511272148,-204.16723204110508
444442222263755,-31.388607472579565,-81.39191494736542,-203.15234408760196
4444422222637552,-35.110893226420295,-72.89123721101514,-204.43602937722744
4444422222637553,-36.44018111536692,-73.60158826401512,-207.0045303913489
4444422222637554,-36.428884229685195,-75.52433826615126,-203.0535731716629
4444422222637555,-33.6431317040541,-73.84259968380945,-208.5127796235156
4444422222637556,-34.862123759559985,-76.93583800282639,-209.1606364815457
4444422222637557,-37.47993975637788,-77.04782511170473,-206.5448762334152
444442222264,-30.499837946845165,-87.18612221050293,-198.17397227617832
444442222265,-26.420876301456282,-87.48563200833904,-203.42251347380122
4444422222655,-27.035522771336566,-89.10278864373468,-201.25466407124327
44444222226552,-26.62839677225133,-85.71942424237888,-209.50671842231884
44444222226553,-23.329297076806373,-87.21066329807554,-208.8016834188282
44444222226554,-23.6979715743506,-84.06122085843205,-209.43698844643902
44444222226555,-25.443057674067738,-81.83422432972593,-205.20911005311743
44444222226556,-23.910523371723194,-82.04126447605267,-207.6588395315283
44444222226557,-28.15063922664752,-84.70799989764276,-207.4602722530166
444442222266,-31.48557503963056,-89.99519839583623,-200.62592779313232
444442222267,-31.980052642333582,-91.52586750908186,-202.1117303397329
4444422223,-18.325011243874286,-98.4309697155771,-187.76132821137097
4444422224,-16.48244155646947,-96.90431331103424,-192.1602719416944
4444422225,-17.040741454810732,-92.16100143935915,-188.72237913896646
4444422226,-8.11614481727823,-104.30772610220284,-192.63750410979156
4444422227,-26.124779881844322,-99.02564715314502,-192.81308003247628
44444223,-9.919594241368602,-93.19812609804393,-166.17136531394897
44444224,-10.62430046965947,-93.21590608474607,-160.94060119391156
44444225,-10.666514300260777,-93.2543771394668,-161.12420101354
44444226,-5.140454806867201,-98.96977422992943,-170.8660678542633
44444227,-16.014249187370122,-100.0327193846366,-167.45079835079912
444443,37.853956481178535,-59.19915888521737,-92.89533938447262
444444,5.508471586405063,-91.65594672235679,-119.78649574486737
4444445,10.162873024008896,-105.90359402400237,-124.40472565592361
44444452,10.152415585809202,-105.93640906238402,-124.42795121494454
44444453,12.040951137495846,-116.43131557085798,-127.36080171556952
444444533,12.880160805594109,-127.32082022809496,-129.07908749860806
4444445332,12.911219775670068,-127.24868183696142,-129.05395557678375
4444445333,16.46813089134229,-124.67430818678649,-129.0407614070263
44444453335,19.849650004207646,-120.22071961018008,-131.32145875100835
444444533352,18.772426775400472,-124.04761114119488,-126.12339941505776
444444533353,21.690845974925104,-125.83856174464799,-127.55260138150702
444444533355,18.88876369385712,-127.95043322703404,-128.63374800963572
444444533356,17.69544605032959,-126.0078858291012,-132.80958113006275
444444533357,21.029650114947987,-127.07777833764338,-131.50921397732415
4444445335,12.928953954429357,-127.34772163013433,-129.07299895689982
4444445336,15.164641061273272,-141.8348055118603,-128.20189072901533
4444445337,13.332121471656114,-125.30610386985998,-126.1525602863555
44444455,7.23063742091313,-108.09464309600531,-126.71637348514801
44444456,10.758621027531783,-119.98271461174198,-126.14550319879807
444444562,12.32318076951763,-132.19249777435707,-126.51565611634332
4444445623,13.66140710402405,-143.75273213791166,-126.91059169450435
44444456233,17.339964785239165,-152.72214317007362,-128.74174442313696
444444562331,13.24533080550062,-155.68916790950695,-124.35905951820006
444444562332,14.601115257531532,-155.16098091847283,-129.57454763811012
444444562333,18.996691993527577,-165.08270051736721,-126.81454098309788
4444445623333,19.335749746204872,-170.8735388321624,-128.5335351213864
44444456233331,22.9494342654753,-173.9280571545309,-122.22903829395084
44444456233332,25.38976141353795,-177.88119672165672,-125.01441322386948
444444562333321,26.06325282370464,-180.84440113080447,-124.22345196022157
4444445623333211,34.144551163021504,-181.66757182122979,-122.52791655813405
4444445623333212,27.05714930537566,-184.81971185241065,-123.08986700184774
444444562333321253,27.08838353009061,-187.17781557086374,-123.44881668921288
4444445623333213,31.6720583149595,-181.40512662571928,-125.84432546058216
4444445623333216,29.754009800467333,-180.82977696992486,-120.78575822331617
4444445623333217,31.478163631882893,-178.31122917902863,-122.70041283468302
44444456233333,23.259020102449714,-179.4199878342455,-128.15349610504788
444444562333335,20.42764406103228,-182.66696637810557,-127.8762687666124
4444445623333351,25.096060124879212,-183.62922171893436,-131.14504919625253
4444445623333352,24.28866950321734,-186.06057964871363,-128.22971395344115
44444456233333521,22.680042955998054,-189.26514619028737,-128.75660930685675
444444562333335211,27.516289646244694,-190.85881297920528,-125.31082705868486
444444562333335213,27.367900504849775,-189.35379556166316,-128.43846383126993
4444445623333353,22.276451019116386,-183.56148057692033,-132.89433736730368
44444456233335,26.53436901260717,-175.88634718224202,-127.12407529414783
4444445623333512,28.95183934257703,-176.56634737018993,-126.59602605520683
44444456233336,20.127595147722445,-180.23469136013563,-128.95345656479267
44444456233337,21.301225462137765,-178.18052598666554,-126.12218783986403
444444562335,17.177226196247695,-152.96575823880232,-128.67054333116764
444444562336,13.881940732204363,-164.00268841546716,-128.3887715519766
4444445623365,11.262067509817792,-173.24437049114363,-129.9089321067773
44444456233651,11.256953941309135,-173.28506957840668,-129.88740158803787
44444456233652,11.540413851089617,-173.24546464058935,-129.83676362659017
44444456233653,15.026219248769987,-178.9373507039451,-129.69312629008618
444444562336533,14.795567423753651,-181.50055028908133,-130.58622654467266
4444445623365331,15.564950129800128,-187.4509529048894,-134.51201364885708
4444445623365332,18.897588693113914,-188.06908202312067,-126.84527434848741
44444456233653321,19.660708399958477,-191.53364148929444,-127.06586362054192
444444562336533211,20.76926827788967,-192.10622236330823,-122.5493269194856
444444562336533212,24.62770180678955,-187.90235962306028,-122.44998985538362
444444562336533213,25.16062242295969,-194.1134358599739,-126.07845360713075
444444562336533216,15.683755328085931,-193.02023170444906,-124.54997268208047
4444445623365333,21.16530500321769,-189.90339541884683,-131.4168841852648
4444445623365336,15.31092250648516,-189.9978599892039,-130.07017444338447
44444456233656,9.664711000986522,-179.03227277174773,-129.7100880178727
444444562336566,9.589643360291339,-183.52395099116652,-130.2175737828351
4444445623365661,4.906617070845476,-185.71483968699195,-127.88879653003666
4444445623365662,1.4107268076286712,-187.63687633742947,-130.81466936489147
4444445623365663,9.644471722768365,-190.5531008832554,-130.45133952435324
44444456233656633,9.617982976436213,-188.22529107974034,-131.18753051868075
444444562336566331,11.430818059336612,-193.5250635534837,-135.39660076993036
444444562336566332,13.591670945168365,-194.48967809102692,-126.51323851514353
444444562336566333,14.421084789497888,-197.5092260336967,-133.09842522299175
444444562336566336,9.85066669956757,-196.1526588263376,-127.67885287318754
444444562336566337,12.429022948663107,-198.8033009947527,-130.92077900245516
4444445623365666,5.136942194309373,-185.06139983972992,-132.96588851173826
4444445623365667,5.024399046584703,-182.78897576378637,-130.08693706085913
444444562337,15.340246804219976,-161.6532509897254,-127.7468721796557
4444445623375,16.020543702400754,-167.9879689339499,-125.4758843074143
44444456233751,16.872490336065542,-168.1441541428511,-130.52448945495883
44444456233752,15.996975895760015,-168.02721774250435,-125.69744422555745
44444456233753,17.513757074828394,-174.56407834359626,-127.49942979133496
444444562337533,15.34725367266135,-180.06227441503782,-126.56033483248713
4444445623375331,15.37874152453316,-180.06769850747762,-126.55554148616177
4444445623375332,20.891840763764083,-184.12701541251508,-123.60275867878529
444444562337533213,22.417864659280404,-185.95671723656315,-123.5884595665751
444444562337533216,20.498072462509377,-186.84066230363584,-122.4127373979447
4444445623375333,20.637207948167628,-182.76011740980945,-128.01522391413013
4444445623375336,18.742096653710732,-188.8222145175493,-128.06797597773615
4444445623375337,18.210578720828632,-180.0547066273446,-123.70990677692743
44444456233756,14.565777937916682,-171.41897225982393,-128.71346045924608
44444456233757,12.832733665565497,-167.76245973536868,-128.9426716068082
44444457,9.660533541790416,-110.2019694328156,-124.41624774592074
444445,-36.701857492214536,-59.20743749384334,-92.8988578468979
444446,5.703957712035013,-85.06129583655198,-138.25844964001513
4444466,9.956385666598436,-93.16554498136881,-159.77354433646934
44444661,16.163673148920573,-100.06743370452962,-167.35152352955467
444446615,21.899003927494874,-102.72810986662645,-170.78341628933825
4444466151,21.893663691109463,-102.73056795097395,-170.77687643000397
4444466152,25.428368289080275,-110.57670595812286,-180.39859540459037
44444661522,25.68450020797933,-116.56411063225293,-189.72576837153483
444446615221,25.81575578198589,-116.53577834579752,-189.72375157825297
444446615222,23.448226865669938,-119.39284193482585,-194.71897068676276
4444466152222,18.549258203680875,-121.01290683212329,-202.36978032006527
44444661522221,18.49426896482273,-121.13209022888415,-202.3722902887606
44444661522222,15.488553973520293,-125.23993849163203,-197.1941170923024
44444661522223,19.22396581035972,-124.80648129117867,-194.56496043136283
44444661522224,18.583537962584423,-121.00982636927068,-202.30963489414293
44444661522225,20.969968894231556,-124.40661124138799,-208.9294309389644
44444661522226,19.630245658064933,-127.55413553115739,-207.1143428088683
44444661522227,19.626627579173423,-126.58513741542892,-198.4235356337778
444446615223,29.70992299916386,-112.87419700440906,-190.05514076029323
444446615224,31.124984302190416,-116.91981175488046,-189.57139547712185
444446615225,31.082835260125563,-113.126228653646,-184.0103686047789
444446615226,31.86696522420001,-117.02641809631031,-197.43723579268251
4444466152266,28.00859050279145,-116.97640923044325,-197.27703974368396
44444661522661,32.76509824443497,-117.19922116960207,-205.9600559747933
44444661522662,27.7228872502451,-124.49149634363879,-209.2118555471786
444446615226622,15.428463289762737,-124.65205976986157,-210.35399774557706
4444466152266221,20.490237271537417,-132.31249782832785,-216.50442630441833
4444466152266222,16.129982894906995,-130.37393920667213,-219.24697345351802
4444466152266223,22.37546436387655,-137.97975926464028,-216.5908458029519
4444466152266224,20.929125056626315,-132.18814312760304,-212.62625532756277
4444466152266225,22.556035574993437,-130.15591821069196,-221.3325574304237
4444466152266226,24.40845576114724,-133.32196773051618,-218.13498496384693
44444661522662262,21.07159140571685,-129.95535230533116,-220.97310442105876
444446615226622621,29.312056934764858,-137.47873605539655,-220.81122379374227
444446615226622622,29.80648427118187,-137.4235161589992,-224.2849166841093
444446615226622623,30.16885400402477,-133.94239855296456,-221.30528012895596
444446615226622624,26.024257721097868,-136.86459163691742,-225.36084861324113
444446615226622625,28.760178683665984,-135.65159641890858,-228.19236622554024
444446615226622626,30.454618804695293,-134.2647115715463,-224.1321997529366
444446615226622627,26.759035607261787,-138.72220408759478,-222.74920873606828
4444466152266227,21.081973492102822,-136.2190658362004,-214.43170299649353
44444661522663,35.14791292257085,-115.81330981284141,-202.84967795409017
44444661522664,33.37555561667278,-120.89360759080057,-203.43114868040155
44444661522665,39.20620601443185,-121.19414521631177,-206.43991809902843
44444661522666,38.431938910906716,-120.22354071475158,-203.37787763843153
44444661522667,37.53812184519953,-118.16073387593023,-206.6745107186443
444446615227,33.53900316556254,-118.54200763701859,-188.18116793925896
4444466153,21.9490233796369,-111.06225167434697,-173.4376767051797
4444466154,22.043222172421366,-102.92679138225989,-170.9417634213532
4444466155,26.557226083884302,-106.23725146250243,-172.82995360297502
44444661555,23.522480307085427,-109.77128036702251,-178.57150090667074
444446615551,29.579973625233553,-104.49062468553504,-176.36552741840697
444446615552,31.988191427438732,-110.55969820287436,-179.4453748765609
444446615553,30.113521665612936,-108.6973325617298,-171.80027301515213
444446615554,32.3302020291455,-104.42986767927043,-175.07609536435714
444446615555,33.04362883971183,-108.28200151729831,-176.04719001218177
444446615556,33.05369515097364,-108.36894852494328,-173.04985657035863
444446615557,31.45885032657644,-105.23202186760669,-172.25721995897408
4444466156,27.20653108714397,-103.01811466247993,-183.05528074720462
44444661566,27.1884998149735,-101.61948383753096,-193.75711611495495
444446615661,33.51679262000878,-103.05223075990341,-195.65904391610823
444446615662,33.27442647936707,-109.26012010901482,-199.3338326397987
444446615663,36.34327703146761,-100.09537352000125,-193.16904381026887
444446615664,27.455128754090104,-101.59668152347535,-193.82928817806342
444446615665,37.10026999562141,-99.3756711512345,-199.40188661880424
44444661566523332226,61.50322578516741,-93.16557271218646,-220.41509493116482
444446615665233326,55.211794857530045,-93.57137096415897,-215.64378548110932
4444466156652336,46.30906760863017,-94.38622078273389,-209.65585882185425
444446615666,33.64225991442577,-97.58077156265534,-198.97792130372338
4444466156662,35.627176985399295,-94.125898690433,-203.39812060597237
44444661566623,39.171930981857685,-92.49498805470006,-207.67642059246685
444446615666233,44.05145731294004,-89.09894800753325,-213.00357202199757
4444466156662331,44.22286054753278,-89.28849927840561,-213.06269889858584
4444466156662332,44.7112773401922,-87.74999598928656,-217.98889082356445
4444466156662333,49.33510237380568,-91.3204012548481,-215.1301347025031
44444661566623332,48.92929084595783,-91.45425028646704,-214.84271285203252
444446615666233321,53.95998269939791,-92.78966316912607,-220.81014878589085
444446615666233322,57.12133238411457,-90.44132353440811,-220.58684056266725
4444466156662333222,54.685139554111174,-90.84397407166729,-218.56745523527297
44444661566623332221,59.231882406764456,-91.89960627130306,-225.9799823184718
44444661566623332222,60.086445355671685,-88.71639294982602,-226.5141754523115
44444661566623332223,61.87714148551644,-86.84109126766643,-222.686871331119
44444661566623332224,63.38386474595399,-89.20387540629041,-223.52449319767237
44444661566623332226,58.92726577737673,-86.75272256946295,-224.334953481439
44444661566623332227,62.52254141044204,-91.33602295456234,-225.00825513909865
444446615666233323,52.5913988858078,-87.28846450727521,-219.50722661083063
444446615666233324,55.49101167319799,-88.01113610709233,-216.32766584946054
444446615666233326,52.00473952027804,-89.78183565712979,-221.3616739818913
444446615666233327,55.74547466627736,-88.3795327403923,-219.6847765334893
4444466156662334,44.04612091724868,-89.10059882719123,-212.99980822033797
4444466156662336,44.822224814342704,-92.42676582838087,-214.42920949353547
444446615667,32.68575789088421,-96.32814106970784,-197.70640791219583
4444466156672336,42.433181196183135,-92.36852626223789,-207.96431557470996
4444466157,22.814882224746277,-109.18996151533588,-169.55641260147098
44444662,5.25648381316543,-98.9446478913221,-170.85435982260194
444446622,1.691135200800006,-105.32286540073481,-177.80537123158035
4444466221,1.5651558020480483,-105.17681858539713,-177.8533087738476
4444466222,1.5452582794510237,-108.01511044639838,-186.6335184241464
44444662222,-1.8373629054101246,-110.8852634380618,-193.09483216831674
444446622221,10.281073371891832,-117.7913964987436,-197.68089759456868
444446622222,6.119946676284622,-117.75178034441728,-195.25817844921937
444446622223,2.4607094835489147,-110.32858030472518,-195.2223022328996
444446622224,2.6452538480140415,-112.86589909115122,-198.40076430527824
444446622225,3.322837008494634,-113.26629667565744,-192.2487187010393
444446622226,1.5293403110028643,-118.01283505512609,-202.26320715921844
444446622227,5.44512214023147,-111.96732877307011,-195.82653247777753
4444466223,-2.138590952621776,-100.98940829926197,-177.4531211354152
4444466224,-0.6363327049018797,-101.86100995825652,-181.42542499174024
4444466225,1.8573035018651254,-100.87577289433024,-177.66458714551246
4444466226,-1.741201723179409,-107.9910620610659,-186.61818921635435
44444662266,1.9293159888766362,-111.33059035949874,-192.95222036447095
444446622661,-5.517408311848198,-111.95527770608236,-195.8172557276902
444446622662,-1.6656771372934898,-118.00858696977124,-202.2726586950048
4444466226622,0.6450812535848343,-124.90142464577762,-208.24820984829697
44444662266221,11.531922433941993,-127.2804248310445,-212.13255618665315
44444662266222,4.0398389347222246,-125.6354872792586,-214.57263991205252
44444662266223,0.6427875107310542,-124.89416146108955,-208.2550336050968
44444662266224,-0.23082905030758274,-120.82519301297609,-211.20270910226128
44444662266225,-1.1970962733211483,-124.6134219268495,-209.04292849794223
44444662266226,-4.163000815377973,-125.63582395119866,-214.54539969436706
44444662266227,-11.616256219709836,-127.27680042499951,-212.1110758456251
444446622663,-3.4222304667780667,-113.22993853100593,-192.25066121408057
444446622664,-2.73500300344364,-112.83926050385097,-198.39605492447737
444446622665,-2.599990965593472,-110.21993525209906,-195.26254619715024
444446622666,-6.209965276721251,-117.73923260595501,-195.25396751230423
444446622667,-10.360466463499527,-117.78404654812593,-197.67358540638725
4444466227,-2.333060325069119,-105.1052572289127,-177.2590294114631
44444663,12.071971845961185,-93.11246885326982,-163.00862618805272
44444664,9.983809546449917,-93.23900438561904,-159.96223633132698
44444665,9.877369863965372,-93.1775029489229,-166.0649954548014
44444666,14.190515162141102,-95.36145307655502,-176.4320896356822
444446666,18.32035793438677,-98.44281890007372,-187.70349034457405
4444466661,26.084307141901547,-99.02627829638962,-192.8107145943739
4444466662,8.062894155094924,-104.29293800005136,-192.64359611976957
4444466663,16.987885218250522,-92.1595429714466,-188.7350407565767
4444466664,16.420916683348743,-96.89092329951468,-192.185084627841
4444466665,18.320156030349303,-98.43996804390325,-187.70677236769578
4444466666,23.092244361911494,-93.27618745335548,-194.92214190785347
44444666662,24.843716283002017,-90.37194642483223,-198.51663270902577
444446666621,32.07395972955587,-91.46242225399301,-201.9756983086425
444446666622,30.353472039658236,-90.76449589970784,-202.18610383572138
444446666623,26.372080354170826,-87.42162361209522,-203.41623252083417
4444466666233,27.013770020474176,-89.02160320014157,-201.14833891559496
44444666662331,26.62911698565972,-87.1180395721457,-208.73696313423673
44444666662332,22.58598442700649,-82.89922852651456,-207.72789559121284
44444666662333,25.428749430886906,-81.76857229918492,-205.42520964482918
44444666662334,25.12403726826914,-83.08967583025517,-209.20331716852397
44444666662335,23.11647741848551,-86.58343881713371,-209.08483522473537
44444666662336,27.788978643735987,-84.28189882171016,-208.2290309753123
444446666624,30.598918697786672,-87.46191118986295,-198.1110745659818
444446666625,30.602192359930655,-85.59178195390538,-201.5726931584006
4444466666251,31.826212301498398,-82.5672302528295,-202.7607941935612
44444666662513,32.38570662446323,-79.23618007050882,-204.17256855346682
444446666625133,31.31989665261715,-81.37864652777989,-203.15095387787855
4444466666251331,37.39092277143563,-77.13430609337757,-206.5447438133764
4444466666251332,34.875350095828225,-76.9773752408156,-209.14167031972846
4444466666251333,33.967148573556244,-74.03148116431841,-208.73695664534316
4444466666251334,35.92301563461011,-75.18538267484199,-202.8338395641478
4444466666251335,34.465999922666775,-72.54619836667796,-205.93809998287705
4444466666251336,37.011908400864236,-73.93501642119836,-205.6108940295992
444446666626,30.654820243464112,-87.73283702165355,-202.11266387573667
4444466667,20.505277780224716,-92.7488818792313,-193.94080431116606
44444666672,24.558035290932498,-89.9423631655559,-194.51112537711245
444446666721,30.282212839956866,-93.02011170917714,-199.11872854964284
444446666722,22.16137239498058,-90.7004831242839,-199.63299064773759
444446666723,21.512142046523394,-86.21635771085953,-201.41911157988787
44444666672336,21.12252195887366,-84.72713888654674,-203.9566544561071
444446666724,23.734464761480385,-85.91172231497526,-196.71904490522107
444446666725,26.05446539967901,-83.11136077109,-199.9647470282354
4444466667251336,29.957106457055506,-74.4676507507286,-205.3117977620958
444446666726,25.42796306875622,-90.22485563572083,-198.91670036262798
444446666727,24.536360472455144,-89.91278810961884,-194.64615219287123
44444667,9.405393631291153,-97.00889751229515,-162.19835749114736
444447,-6.028564832815636,-86.58594546394059,-125.82454682703151
4444473,-11.451781708328427,-92.8748715401557,-142.81481226661046
44444731,-11.388032953524743,-96.21448102827537,-136.50624749070303
44444732,-17.95179574696594,-101.55454863744305,-155.00463796841433
444447322,-22.014091487269926,-102.63233581775359,-170.9732844042794
4444473221,-22.885592224986503,-109.08488159418768,-169.66199250507876
4444473222,-27.267268263932383,-102.93657875749933,-183.1478714663389
44444732222,-27.24103013084613,-101.62873759255832,-193.75317631660334
444447322221,-32.73370671452162,-96.33717307200212,-197.72106086200253
4444473222216552,-42.52948370234355,-92.24072966089349,-207.87403908559088
444447322222,-33.695488800053944,-97.58594664140678,-198.98567224338873
4444473222226,-35.68336302394204,-94.12888362439628,-203.3797037765389
44444732222265,-39.24552008764347,-92.43222245998862,-207.5987028936256
444447322222655,-43.674751436232384,-90.1065023009317,-213.67278733454992
4444473222226552,-46.05702224139008,-90.1593496389654,-212.79681380999588
4444473222226554,-43.6822940472859,-90.11076986309038,-213.66496898208464
4444473222226555,-49.41594062704487,-91.23205762894894,-215.09154102374026
44444732222265556,-48.98046137117005,-91.3787767455905,-214.81017284519015
444447322222655561,-55.78658611991819,-88.32804023679161,-219.65558247861833
444447322222655562,-52.530637496850666,-87.37174101384345,-219.50656848793574
444447322222655564,-55.53663416081578,-88.01923143703861,-216.3195444113191
444447322222655565,-52.16387868229209,-89.84882087076883,-221.41945248366522
444447322222655566,-57.161179499987256,-90.44666382523607,-220.58576586316542
4444473222226555666,-54.71498390748021,-90.84110701020492,-218.57758973274585
44444732222265556661,-63.493014793720164,-89.93511018731424,-222.88153062076927
44444732222265556662,-59.08051933102906,-86.64886742587257,-224.06682989205643
44444732222265556664,-62.5304629232278,-90.45906416736108,-225.4861424549041
44444732222265556665,-62.13026021093693,-86.94773333818702,-223.08415731628037
44444732222265556666,-59.73647568150257,-88.70094430766949,-226.4937281373107
44444732222265556667,-59.45226068272992,-92.04327114935711,-225.9027423885888
444447322222655567,-54.06178849535543,-92.82743932922104,-220.76811114215522
4444473222226556,-44.81855290398015,-87.59907094194905,-217.89916809286478
4444473222226557,-43.700225128962245,-90.13772040152736,-213.68100151888785
444447322223,-37.156332196998505,-99.3761252832114,-199.4059116453905
4444473222236552,-46.40337422346419,-94.30691711484079,-209.55676192755635
444447322223655562,-55.26047101583571,-93.58531495485141,-215.63201710942982
44444732222365556662,-61.52946360586732,-93.20039903976533,-220.4112045039911
444447322224,-27.503336023748727,-101.605739011863,-193.82471591056694
444447322225,-36.401013570540975,-100.1010198183316,-193.172334916599
444447322226,-33.33596463031494,-109.26109414763812,-199.33236705734478
444447322227,-33.57615437912963,-103.04544558476125,-195.66507855541167
4444473223,-26.597071331739656,-106.16457243778436,-172.93851064606645
44444732233,-23.62666988710489,-109.74785816429149,-178.7002426271604
444447322331,-32.953400163530425,-105.77931349177807,-173.0517300470288
444447322332,-32.61815878981556,-109.35275560927667,-173.2978642011687
444447322333,-33.31841695010833,-107.59198988652378,-176.14824139368002
444447322334,-30.80467298596104,-104.01074138506867,-173.66064534071293
444447322335,-30.154368057752894,-108.16774930054441,-171.59549860972555
444447322336,-32.06742022002596,-110.58701807243574,-179.40389415517294
444447322337,-30.168612760476762,-104.58589816459705,-176.70687393021393
4444473224,-21.998714185627865,-102.63860523959542,-170.9806061988849
4444473225,-22.028344875657215,-110.9858741669489,-173.50048988977977
4444473226,-25.481625850952213,-110.51085045328563,-180.47969640216323
44444732266,-25.933921206342227,-116.23116428630746,-190.18329660264058
444447322661,-33.632771335362,-118.54262736462157,-188.17340613568413
444447322662,-31.9410786327883,-117.05672477085466,-197.42275831593477
4444473226622,-28.07129664839356,-116.95187606123861,-197.27851146752477
44444732266221,-37.601453486342635,-118.17806732724686,-206.65579527511338
44444732266222,-38.49553460576156,-120.2379974437556,-203.3490063430092
44444732266223,-39.26816578746617,-121.20979118475523,-206.4139824328433
44444732266224,-33.445043585549584,-120.90838850667849,-203.40118899573991
44444732266225,-35.21624317438763,-115.83195015831937,-202.82560643497976
44444732266226,-27.7922219339429,-124.49857583779588,-209.1954934833312
444447322662266,-15.467496943040594,-124.69854895954283,-210.314302660331
4444473226622661,-21.140420329144586,-136.2249471653984,-214.41496969527392
4444473226622662,-24.490357752430356,-133.3323209098666,-218.11844733201528
44444732266226626,-21.163304354495104,-129.97740025417536,-220.86899047110018
444447322662266261,-26.860113255723174,-138.74986781575353,-222.7997377084967
444447322662266262,-30.97914228939477,-135.27149310439768,-222.06831756110273
444447322662266263,-28.841028318239932,-135.65051315198107,-228.1639030453937
444447322662266264,-26.087562597994488,-136.85884338043203,-225.3412870885371
444447322662266265,-29.913469920277088,-133.03631045993717,-223.3327586581392
444447322662266266,-29.854750137139177,-137.25752849700342,-224.46643762712702
444447322662266267,-29.176349812947493,-137.54249927584254,-220.68646695237538
4444473226622663,-22.62115877779345,-130.15866296134257,-221.3282667083306
4444473226622664,-20.935617098999586,-132.19000970452524,-212.617631132059
4444473226622665,-22.457944094751618,-137.980410721623,-216.55728812894282
4444473226622666,-16.20365758875999,-130.37670497268192,-219.2326860953238
4444473226622667,-20.67939448890116,-132.2958732044398,-216.48862283012917
44444732266227,-32.83110945874936,-117.21358280468077,-205.94314988715223
444447322663,-31.128202423710054,-113.1654345616374,-183.9601762405505
444447322664,-30.770444337582664,-117.46366149078283,-188.72378780460065
444447322665,-29.95046751886061,-112.956434337443,-189.9675189262987
444447322666,-23.491989975128647,-119.43556237048661,-194.66745006572316
4444473226666,-18.624888684361025,-121.02431513739577,-202.35546155678708
44444732266661,-19.713307431828778,-126.59313809409942,-198.40279278203116
44444732266662,-19.711878874919705,-127.55530499089944,-207.09949748136168
44444732266663,-21.04404512987091,-124.41357561207097,-208.9132161975617
44444732266664,-18.661702560455343,-121.02133483428764,-202.29026741749914
44444732266665,-19.315547768036474,-124.81742997986733,-194.5434907573948
44444732266666,-15.579766666282847,-125.24905189906158,-197.17108973982462
44444732266667,-18.57215865092732,-121.1377799638515,-202.3590192174867
444447322667,-26.014779108837498,-116.22290235585169,-190.16846420929735
4444473227,-21.999604149450345,-102.67446905267532,-170.99087656491116
44444733,-15.294147243654523,-96.3040760652585,-136.31709000860738
44444734,-12.633530606234972,-99.84465062007897,-135.60147412918226
44444735,-15.583502624180078,-103.28774197916749,-135.90124103729005
444447355,-15.961679080639021,-106.86527278997825,-136.02205670845944
4444473551,-16.06087178260784,-107.0335899780477,-135.88945387736413
4444473552,-21.19717674729502,-108.76432154317864,-130.90595615439554
4444473553,-16.142918791167258,-112.47861182565795,-135.1155036245641
4444473554,-17.381542418899052,-113.17309505562822,-132.0673460891707
4444473555,-19.715102574053084,-114.30598727082763,-133.16625917038624
44444735553,-24.344539199605162,-113.94200351958477,-130.96005723362546
444447355531,-21.572117637300554,-118.84703204043537,-128.9209273423732
444447355532,-24.605908166014093,-118.09377811963947,-134.70123160088238
444447355533,-19.566269182838624,-118.91714077804316,-134.69185258570081
444447355534,-19.983193221055085,-120.96269601060882,-131.13416910795513
444447355535,-23.96930971171536,-114.64231815205478,-131.21743634649263
444447355536,-24.64084881437583,-120.49585912195772,-131.94277750423632
4444473555366,-22.924744272793106,-118.78446695646892,-132.2179645307306
44444735553661,-27.189606635055018,-125.55051400734176,-133.54808513454014
44444735553662,-28.440973895516333,-122.33153269825523,-127.8191529917816
44444735553663,-30.592769311637028,-120.60059930523546,-130.40154096017775
44444735553664,-30.127700790595952,-124.80988944198496,-133.10646709139056
44444735553665,-26.051155270920972,-125.5695814177236,-129.998079277157
44444735553666,-29.7086082757214,-125.04860308983407,-129.4315363934026
44444735553667,-30.67476031434289,-121.91838385493936,-133.45860386073514
444447355537,-22.1684830834712,-121.0785685815069,-134.45733874442928
4444473556,-15.793690577904538,-110.14070343020347,-130.99384311767167
4444473557,-19.99231046483652,-111.162323119144,-135.9691801437542
44444736,-11.214619998822474,-99.37443279507654,-139.524219570324
44444737,-15.771428481729638,-98.93828529524504,-139.30893491651833
4445,-35.44132290059919,-23.195909961801302,-32.04212725701736
4446,-3.680240177303821,-25.039873412205353,-33.77906897216413
44464,-12.13903682224486,-26.729593427263474,-30.853911486312597
444641,-7.1286014749080024,-26.91913328909474,-40.15043268547511
4446416,-6.473531524126799,-26.32093113680635,-42.58340644062878
44464161,-11.581529523802187,-23.985854470670166,-50.898258074561404
44464162,-13.744338714506442,-24.94558220156414,-46.142711778436365
44464163,-13.691692683108617,-22.6316349230797,-48.828438968354895
44464164,-8.425209355473743,-22.70238380917937,-49.46410095373947
44464165,-11.291163414747189,-26.865469991868355,-49.297290761567204
44464166,-11.462316624905762,-20.97028540376704,-46.78315345820797
44464167,-12.698839183964669,-22.107876914005644,-53.79177568033192
444641676,-14.996666860884984,-18.663105045391408,-55.588651560986555
4446416761,-18.01624417143655,-20.97022391783322,-60.174559356503295
4446416762,-15.706314682040174,-16.74994431337504,-62.987072918108666
44464167627,-14.789400071260232,-18.907075881334944,-60.138262095164606
444641676271,-18.86781846656735,-12.540672516447612,-63.578784804035706
444641676272,-18.171334437502498,-14.835138492127978,-68.66821585800798
444641676273,-13.295768882302013,-13.296877612116072,-66.18290956315894
444641676274,-17.317562207493545,-18.188612520023366,-67.14504176362439
444641676275,-19.06226912237758,-12.404801424180201,-66.88932452026143
444641676276,-15.988267679627668,-10.909297597036407,-65.2623028671415
444641676277,-15.774986027293147,-12.697521696280813,-68.41411895069753
4446416763,-14.274036551931584,-22.554092328063536,-61.4661828369266
4446416764,-16.475429903376444,-20.07116336577134,-64.85260360137572
4446416765,-15.664964769076452,-16.360670799153155,-60.22391258109634
4446416766,-11.738119644395876,-19.126614574131903,-61.406199121683514
4446416767,-14.983208570844857,-18.74323425595687,-55.91504896077844
444642,-0.06867053262540995,-23.231817285054017,-29.99050352482571
4446424,-0.24600298294905387,-21.825019338793066,-22.553792731819023
44464244,-0.338226265747493,-20.16286501283295,-16.13172847792209
444642442,-0.6449092143036856,-20.13635240405501,-13.71829793295276
4446424421,-0.6442187308524695,-17.068795378087746,-2.523481895876017
4446424422,2.4833204741853554,-19.167544061729263,-8.0874712779334
4446424423,1.0468338669685615,-15.703648366237829,-9.704333614419989
4446424425,-0.7526916983602031,-20.5932323935663,-6.709997707746443
4446424426,-1.8918559767361665,-16.146529360808028,-7.545864929115943
4446424427,-3.5903378470225524,-19.174149470105355,-9.133245607114565
444643,1.5274911109229448,-29.63286765551221,-29.73829428257234
4446433,7.99250026868455,-33.18529548184422,-25.1777374843335
44464331,9.578622184028163,-37.391064992011074,-28.18223372390703
44464332,7.978338904897948,-33.22519194413047,-25.164520686677587
44464333,9.436001299675654,-35.561318996777665,-21.995650674009948
444643336,9.423504377164884,-35.3163514345981,-24.950235146341427
4446433361,11.159192226948967,-32.67399861450837,-16.49609551324773
4446433362,8.321976768676038,-34.29986382500803,-14.324225613589958
4446433363,6.260478248774914,-37.15136293437175,-16.484884247607607
4446433364,9.812094398034345,-36.71626149270677,-14.165706354898964
4446433365,6.9983434973761645,-32.98135239892247,-16.775372619963573
4446433366,12.301689235257982,-36.270651647330475,-16.02974052166359
4446433367,9.336192668353522,-39.036999664834894,-16.641665627305994
44464334,13.478765723876759,-36.730849760894216,-23.65657270892244
444643343,13.238773748344741,-36.99751643651423,-28.823067107911232
4446433431,19.955959582759302,-37.33344217814458,-20.145073488822327
4446433432,14.979188422555396,-39.11211763466486,-18.972485489998874
4446433433,18.26561556798104,-40.142636350711044,-19.012230806542174
4446433434,16.786872734094178,-41.657955018106,-20.969428565014255
4446433435,17.006996889490207,-36.14268591763755,-18.786149959897898
4446433436,18.381372518814114,-35.05960038687538,-22.105909067826726
44464335,8.237231524545823,-33.31581803728841,-25.31258304932793
44464336,11.32108103904265,-32.864815712185305,-28.113818241919862
444644,-9.290117485356614,-19.68600752520545,-29.212973161834885
4446441,-10.429167056838208,-14.429060651602462,-30.04067361028179
44464411,-12.52960486749504,-16.141328310473902,-22.50644197162354
44464412,-15.068432331880672,-16.43921284584101,-25.485717815531583
44464413,-13.744096133065975,-10.008977815897756,-23.52627138146235
444644131,-13.384877092746716,-10.591582789565567,-24.389746192327042
4446441311,-16.765965791374484,-1.3748054438936512,-18.84707179611652
4446441312,-17.5285174279375,-6.070176671466336,-23.39898594338321
4446441313,-13.583647055894751,-5.673758280008484,-17.99327292362445
4446441314,-16.450812288676723,-8.535060050735517,-19.06457651751546
4446441315,-17.25635602348,-3.4665259160438184,-21.94361994128275
4446441316,-16.795011998443908,-5.115168175004857,-18.2364811324584
4446441317,-12.748956005284148,-3.8332275763599286,-21.816414021660584
44464414,-12.891876156493804,-12.795258273457767,-23.137456242349607
44464415,-10.753767709621556,-14.46640923429961,-29.19990842259044
44464416,-14.371462265530454,-12.13421054984026,-26.271773383894416
44464417,-9.195681042445162,-14.07392996287243,-23.98912367167994
444645,-26.43618052391712,-24.190079726448097,-31.89911436014844
444646,-8.391006763097998,-21.047340221118457,-34.49270750373271
4446464,-10.844943776140157,-17.64955078269442,-35.56867864765521
44464644,-12.70952847142073,-12.780203303455789,-37.50432177359676
4447,1.4191699395165112,-29.672746861602427,-36.78963821363373
44474,4.780933519788256,-33.86520133957138,-35.591000484441174
444741,0.2844195798755297,-35.51331810045696,-40.32912362989065
4447413,-3.443977620406566,-36.08775124329927,-40.316267517833474
44474131,-4.411799649927494,-44.20851776473918,-43.71598941814914
44474132,-0.186195887498045,-41.47104222812466,-46.11235452662907
44474133,-2.086491591332445,-42.40912985563616,-42.544871593963855
44474134,3.0866524790800356,-37.87020929760357,-45.237456410377725
44474135,1.9159052232542104,-42.23266536309851,-43.132401193846405
44474136,0.256798597892372,-40.89515374932496,-39.92735096805415
44474137,-1.8010817272709854,-38.472418161523144,-45.160181034257135
444742,7.04570988754782,-27.02227988878695,-40.14150435979127
4447422,6.337173024323229,-26.407722779879833,-42.62090529540822
44474221,12.719069391312619,-22.199241155275907,-53.773628476798784
444742212,14.429914406912415,-18.462774168486316,-55.62070327713579
4447422121,14.464126042697263,-18.5628145052695,-55.94397658536128
4447422122,11.772110454753989,-19.113004533524897,-61.45899215445406
4447422123,16.351953122953127,-16.656709343489705,-60.21217092775676
4447422124,16.466900035421094,-20.10335511588272,-64.83463289525803
4447422125,14.274641676266251,-22.591858902215986,-61.459790720665765
4447422126,15.674844862719308,-16.75317005728497,-62.99469019968031
44474221261,14.702160720339801,-18.924142097819157,-60.101999132188226
444742212611,18.953236528132965,-12.333139927311006,-66.86542142436642
444742212612,15.89646831458979,-10.921339010197757,-65.27160737723537
444742212613,15.72825569363018,-12.775757368355329,-68.45007046057889
444742212614,17.261348720616997,-18.192002048208156,-67.14107607083098
444742212615,13.243091418072932,-13.308047367096334,-66.1875472005079
444742212616,18.208978566646223,-14.836022931480572,-68.61431250500823
444742212617,18.80011259470781,-12.541675147129077,-63.5671102107679
4447422127,17.982554073231903,-21.074804324301603,-60.036213087909324
44474222,11.577348953429004,-21.217315887728265,-46.390975516653235
44474223,10.950425886596564,-26.95580384357766,-49.2589910904483
44474224,8.43674226583504,-22.864411997658237,-49.59699343370212
44474225,12.63832980112269,-21.872784146647174,-49.25645715068426
44474226,13.831687882733059,-24.930404195007554,-46.325233721512916
44474227,12.472689884591524,-24.647756732418458,-50.52533961368671
444743,11.439683402941327,-36.22970243832465,-34.419750950287344
4447433,21.063045837555556,-39.93949758485417,-31.56260451030665
44474331,14.458120315747294,-39.662436835728464,-30.08786677118673
44474332,20.96605315746401,-39.87666527598543,-31.613325095120864
44474333,34.25364115148386,-43.960553426113165,-29.263872445508888
444743336,46.530915669210685,-45.59154122331184,-27.051668680640592
4447433361,54.99969984475376,-48.24706368220677,-25.820426040466213
44474333613,52.325620454119765,-43.894498622804804,-29.554121040121487
444743336131,58.50074586225709,-46.98746778892072,-20.41613075605623
444743336132,58.66457498179509,-50.90539313193001,-25.565820545284048
444743336133,55.71773865638077,-48.054125610993445,-21.641245165974276
444743336134,61.18455629901523,-48.84668124393031,-23.76763266843206
444743336136,57.162324646065755,-50.910799144944505,-21.717402788656454
444743336137,59.918519187032906,-50.64717688139139,-21.90476070402535
4447433362,52.14175870904177,-43.61349948560907,-31.24215159905217
444743336264,50.497096930609494,-46.7157379710407,-33.78432340353241
4447433363,48.41428472512294,-51.37497724653613,-26.271029107943892
44474333633,49.21681855652739,-49.20186929499835,-27.838688947458156
444743336331,48.92348010371438,-56.54375981226553,-22.12145962712677
444743336332,43.58072057523085,-53.05818363327244,-22.69467607179298
444743336333,43.98926292414028,-55.754526456505495,-25.52143958600482
444743336334,45.40030449416525,-54.91723891224742,-20.458835873616756
444743336335,45.374840090562465,-57.42112757081434,-22.730464374677148
444743336336,47.584841284454384,-57.213091378049214,-25.619204842633778
444743336337,48.217505063447895,-53.227665210522105,-20.657868736003778
4447433364,49.874274336039385,-49.26989474367839,-31.0025335951674
44474333646,49.923150658818315,-48.02987418593158,-29.673723125875366
444743336461,47.28995039601385,-51.28590084112999,-36.32094081268573
444743336463,48.890573721832915,-54.46695360906694,-31.255795210955622
444743336464,48.789782304566465,-54.732750296974764,-34.882949160413844
444743336465,51.041311245869,-52.06000439358349,-36.40722508280093
444743336466,51.71105385180967,-54.25439308084429,-33.52912086425187
444743336467,45.76683845810972,-52.582808239522876,-33.258866882647794
4447433365,46.74901964198875,-45.77589328747018,-27.126433971101285
4447433366,52.00526577926927,-57.071006909005185,-24.783116195741265
44474333664,53.116025033442355,-64.87351439068436,-20.839523869905076
444743336644,55.093522796059034,-74.0674110082907,-16.664800329000922
4447433367,49.279843190989766,-48.848280490542095,-26.39894574651412
44474334,20.69822465974063,-40.772815990712324,-25.769130033526356
4447433436,20.737798292146355,-40.557849117778176,-23.28538918292586
44474335,21.124515445246026,-40.1158810123563,-31.50978891271339
44474336,14.786247335922821,-37.09908266081223,-28.451671457399915
44474337,21.06248799103923,-39.937058616805075,-31.559895740360123
444744,4.652144231699339,-34.13068695705138,-42.35480494164676
4447443,2.024662503864289,-37.30028392816991,-43.28406327372827
44474432,8.183234529102974,-37.03827428953704,-52.383013872518774
444744323,8.633720397949219,-37.374229431152344,-53.613319396972656
4447443231,10.033361434936523,-37.67357635498047,-55.1717414855957
4447443232,7.908661842346191,-38.76176834106445,-54.89140701293945
4447443233,7.270328998565674,-36.90940475463867,-54.98411178588867
4447443234,9.636272430419922,-35.77864456176758,-54.26671600341797
4447443235,8.789754867553711,-36.828346252441406,-55.626617431640625
4447443236,10.599884033203125,-37.61027526855469,-53.395145416259766
4447443237,9.501568794250488,-39.1099967956543,-54.2119026184082
44474433,8.94303844614434,-37.37536868923353,-46.25490320140224
44474434,5.006472497539541,-35.98888971502405,-50.16782250373167
44474435,8.465973445025693,-34.37275503715794,-47.78313948961266
44474436,6.042522776331613,-38.70895923550148,-48.96262638313833
44474437,5.709154538543503,-32.841836221522314,-47.671996752240744
444745,-3.135059205607071,-36.38980914133654,-33.87059785713975
4447455,-8.544992383395249,-40.286398460582994,-33.173992819111085
44474551,-14.522465665106752,-39.67427926730858,-30.070306533604825
44474552,-9.800854964832194,-37.41851015403933,-28.040443647062805
44474553,-6.674741498204474,-40.34089447533752,-27.80310306238906
44474554,-8.383116139323823,-40.34399953008157,-33.03163182901872
44474555,-9.36976449274277,-43.768999390505044,-28.148281773582696
444745553,-9.027494872396598,-41.185978154119255,-29.520847194592225
4447455531,-10.039842371104065,-50.042128460100415,-23.436126782405385
4447455532,-10.630324498238831,-47.11225596913888,-23.16782496726864
4447455533,-12.399512609724281,-50.366478192941955,-25.673924854791878
4447455534,-6.829193822671609,-48.73267250292341,-24.63441045625344
4447455535,-8.253729030673798,-50.01147849904135,-28.751614518283727
4447455536,-9.021166340765587,-51.487090464017434,-26.23701730150141
4447455537,-12.684135812223825,-48.96034340055005,-28.16101538147788
44474556,-11.441361931369967,-41.37075247674879,-28.838088027778184
44474557,-8.952769383773328,-40.12029562227087,-32.75029475834028
444746,-2.6261536427418384,-27.06063668990627,-36.95890815030526
4447464,-5.047335432427996,-21.59814050825051,-38.27642851812677
44474644,-7.160953487636737,-17.08291053037955,-39.640578527573986
444746442,-5.995558548211016,-14.275888194483278,-42.448250954411584
4447464421,-8.399404381188463,-10.342042884971617,-43.82162505582205
4447464422,-11.411074097044276,-12.935027303886367,-43.627759949118555
4447464423,-9.234708534267746,-7.47708749820043,-44.66522598777115
4447464425,-6.1126280229280345,-14.185204485369681,-42.41937734648005
4447464426,-12.49800040349642,-10.786593492973779,-39.25902554423708
4447464427,-7.547017158164219,-9.832569984936152,-39.648128735376595
444747,6.11854465509652,-41.084589329060165,-40.981245828275796
4447475,5.224493683640854,-45.491352932030566,-43.94346438956855
44474751,5.432478190803337,-45.65513192956496,-43.935142049128906
44474752,8.30606718511504,-50.942910911544544,-47.32771960669304
444747525,7.752548040100181,-48.76323785160599,-45.65927704094332
4447475251,9.707135184234613,-57.59873325414863,-51.082031005026984
4447475252,11.66926298758471,-54.52276548995915,-52.21617156861865
4447475254,6.017149154038606,-56.257355595678646,-50.451259337097376
4447475255,6.96582991229643,-53.40931285261042,-52.53450983506851
4447475256,8.40168403053227,-57.00273237063218,-47.81780051353087
4447475257,9.090751006880366,-55.05852473549002,-53.31183862225505
44474753,11.250793506914505,-50.47904840381077,-45.196549453867014
444747535,9.674021254338939,-48.648124262277214,-44.474270154522394
4447475351,16.73085571741183,-52.37182662411543,-47.07527316370455
4447475352,12.136373973143936,-54.557503781844396,-49.516867487388616
4447475353,15.43945360039692,-56.51871954002935,-45.31003333045203
4447475354,15.461385763968321,-53.26283539061475,-49.638323027483096
4447475355,14.855825682115903,-56.464157620311084,-48.53357593763091
4447475356,12.27495813494382,-56.532842887654525,-45.03511075627209
4447475357,15.86317145568162,-53.43104823675548,-43.9245236226596
44474754,7.659375237605568,-50.02782313064058,-41.435215275604044
44474755,9.938916655062327,-47.06606736681501,-47.074246760311176
44474756,8.330898397731415,-52.25603147490612,-43.88964345269603
444747565,7.852590750670348,-49.9811743842294,-43.698228873650855
4447475651,6.814349660310191,-57.54544499453524,-42.06857733882377
4447475654,6.5898630257818445,-58.90669380490037,-45.643490470027956
4447475655,10.554309566281976,-59.521970217675225,-45.993207343224654
4447475656,9.149053229933193,-59.85378623560834,-43.22920405247419
4447475657,11.02628397122297,-57.69631282124401,-41.6464688933925
44474757,10.618636178587609,-48.465630647891544,-41.83023873449333
45,-47.1430689915883,21.105352245753114,25.944870944865727
452,-92.70831425644393,17.8402422740645,20.42425075601738
4521,-127.07177203357391,44.634557847739764,41.91888104264941
45212,-156.97472280281985,72.7035065749459,60.12350596924265
452121,-161.14351985668742,72.13587754921885,65.2471781743032
4521212,-161.12439267573055,72.15190584908947,65.21042184231182
45212122,-163.13859671683053,69.74191946031408,69.6313004599671
452122,-184.383960578751,76.84077014210663,70.26401899642384
4521224,-204.87893741259313,80.10053031677745,77.74264130014265
45212241,-225.076822793591,85.34539390509512,81.82750584854483
452122414,-241.19016753705944,89.74667707292849,85.79790594511122
4521224144,-258.62540563895527,94.54005583514434,90.08087856420306
45212242,-208.43999534247354,78.81099713764574,80.17074589738858
45212243,-208.72494414750778,78.25280844198659,76.42678357938223
45212244,-216.67543176717732,78.6785862278195,82.14047167935702
452122441,-222.1967504168077,76.58666314945347,87.4811875893177
4521224411,-222.33007163851926,76.45437607957798,87.22865626169761
4521224412,-222.20887683632643,76.57002945877579,87.47856040572955
4521224414,-228.5509862238247,74.70835540488899,91.9917973196939
45212244142,-233.37540546220046,74.27286753774095,94.8538379308279
452122441421,-233.35025904511662,74.20621026829826,94.9581512726716
452122441422,-233.37988044243338,74.28484935050186,94.85241322250826
452122441424,-235.6033312431548,71.31850067843055,99.55327499507193
4521224414244,-239.28853791593815,73.04052199700975,99.42529173881533
45212244142441,-241.85447437723252,71.35004030129764,102.75794970670816
45212244142442,-239.28674223376476,73.01917856588568,99.44863384353137
45212244142445,-238.39211781859143,68.53202569342723,103.92475982376273
45212244142446,-238.704654289416,72.91238801467576,105.64228983085953
45212244142447,-241.526545709185,67.33639670051895,100.6285283992767
452122441425,-231.01327953672973,70.91811385415255,97.7232436892778
452122441426,-234.160185029587,74.67837359267178,101.51353641396645
452122441427,-237.06523383490753,68.93242894185077,96.41765334082295
4521224415,-227.0833268655249,76.6068624770511,86.99485577264161
45212244155,-227.3326826978036,78.38749915137295,83.71448328069302
452122441551,-231.94923687306184,73.88122835691954,88.03490223365189
452122441552,-228.67795829518363,73.43296989451743,87.64766874966654
452122441554,-232.39121714583715,77.6182560069395,89.21970401071039
452122441555,-232.55034313196452,75.11389805523862,85.30512267749755
452122441556,-229.28254045842075,78.9494276815899,89.55443889377126
452122441557,-233.1379295047026,78.60404941043693,83.744578984862
4521224416,-222.2782462328857,76.7684801644335,87.52875870616666
4521224417,-226.78096774081297,78.68688073921746,82.96756023060374
45212245,-210.56569078742038,81.82592941038496,79.7502893244746
452122454,-209.5337136404221,83.16811301302612,83.07625223138228
4521224544,-209.53707199614365,83.1638122326877,83.06555044376941
45212246,-205.12803842641028,80.0794270992662,77.76957338120855
45212247,-212.48003422351934,80.39758573936031,75.28425041895281
452122474,-212.47712724769846,80.39813932997741,75.29018254174295
4521224744,-213.30135495804268,80.35942205625565,74.36894304705467
45212247441,-213.95915214772486,80.36603581326617,73.83994204041447
452122474411,-218.58291030063972,82.97193245413108,70.18766923125271
452122474412,-219.8392785378117,80.1055139090182,72.4575128663895
452122474414,-217.75684960410373,79.88794338591575,68.29472780999805
452122474415,-214.41697920162656,78.6833069915495,69.0815899813486
452122474416,-217.4586920335926,77.00488148705318,72.22571582964426
452122474417,-215.69186436955218,83.98465857105411,71.73771553980207
452123,-157.1228571605155,72.78132147511413,60.234025921915986
452124,-162.58796377696044,82.67452999756331,64.89975898200943
4521242,-165.17871219957496,91.95186085045903,67.25510114479057
45212422,-168.04240695459913,101.0620215437027,69.57396978151752
452124224,-169.810127829351,108.7437071958824,72.98391770058106
4521242241,-170.2249108890065,108.82517198723012,73.14634683288598
4521242242,-171.25242875689267,115.29143387124239,69.75433122559156
4521242243,-169.5160037696101,109.1520540861427,72.65404021408888
4521242244,-174.78699133242952,112.94338504539138,70.90939175590653
4521242245,-169.82090160865707,108.73421233193872,72.97062704752119
4521242246,-167.43354153561495,112.76935286992176,82.00318981241448
4521242247,-175.73747350496953,115.5822945807408,67.57535815268092
452125,-165.16772232924876,73.29285754468269,59.85980716194122
4521252,-170.22706953488387,72.92506133972827,56.786304400573
45212522,-175.86527237369344,72.06287698305613,54.66003755816855
452125225,-177.68952459578932,75.29156495626692,50.291401486061986
4521252251,-184.7454347441411,68.35589070973415,51.61103944025478
4521252252,-184.87022031653956,71.5170183677353,49.75101906831686
4521252253,-182.2591055906166,71.50620614046446,55.08062132614869
4521252254,-178.19932606915526,74.84303922142144,50.4888886104926
4521252255,-184.81135797663978,75.60627831111445,47.02618236209687
4521252256,-185.21061211906184,70.9378099004299,54.12689886351432
4521252257,-181.19130835814397,68.13434614355774,51.20579928910116
452126,-151.8584656286682,78.0035821697322,75.62253555887965
452127,-167.6083430143514,85.92406070755797,60.69905301184616
4521272,-175.28612287219534,98.33059429522207,58.95568028741845
45212722,-183.00802409892486,110.69303892378026,57.41284571295025
452127225,-189.15587692055712,120.24605509615265,56.818126786240846
4521272251,-191.36245966448976,127.58595666682083,58.759255725038166
4521272252,-191.03846475425064,124.41976692798094,52.97473761991406
45212722525,-193.35949614776857,126.53989161899867,51.85850354797764
452127225251,-193.5026998658384,121.78999739295413,48.12498075726078
452127225252,-189.90005328541613,124.89569757983276,47.89708120476865
452127225253,-190.91182746009855,128.2081572843947,49.01943527756606
452127225254,-192.38756872218383,124.23491141415857,46.05504745660242
452127225255,-194.2018271956476,128.35469496017208,44.38417842165715
4521272253,-189.17944886204145,120.3093083642593,56.80958450149276
4521272254,-183.38540998925203,120.79250526489756,61.83441859252234
4521272255,-196.6185235003304,133.12500843092678,55.576631227204444
45212722554,-199.7316508672181,137.81512734465576,54.8411225065054
452127225541,-200.29965350031424,143.54768861482873,55.780934200873396
452127225542,-203.8760214979187,142.68976570421017,51.63010308422052
452127225544,-207.58267524401347,149.77596829082708,53.90919109573961
4521272255444,-211.3262556835158,155.35210830550747,52.51807153456653
45212722554441,-211.39933355038787,155.3634651265455,52.69147526980111
45212722554442,-211.43856549356366,155.79753165778666,52.27783944359852
45212722554444,-212.35404751066412,158.39265756841843,56.10495531720317
45212722554445,-214.30646539556994,158.67451985980054,50.381916045309055
45212722554446,-215.85405774036923,161.83554497914852,54.70414886353505
4521272255444647,-219.02577232534523,166.4944014459607,54.77179714389084
452127225544464771,-221.0838685718519,170.10588547500808,51.171178060376526
452127225544464772,-220.12543930686422,170.8000725459897,53.337705606756714
45212722554447,-215.65636136452724,162.4846666121698,51.86643048221185
452127225544474,-218.0517538934055,165.40253671050104,48.41346470166893
4521272255444741,-219.46659644717766,169.8734109461234,48.52098611888584
45212722554447417,-219.72089675560812,173.37178369870227,44.81290520402651
452127225544474171,-221.74638689135483,176.23619043248237,46.388331480322115
4521272255444741711,-221.4923588523579,174.98223705858334,46.95171569554762
45212722554447417111,-225.195862805306,180.06891621791186,42.701334059020034
45212722554447417112,-222.1254686672275,182.62709535368333,42.51780397151939
45212722554447417114,-224.15865736618252,181.96155090485937,45.77111287087971
45212722554447417115,-219.18830646962067,180.4740863032615,42.313158971118504
45212722554447417116,-220.35920155312579,182.21538883112976,45.84893470751365
45212722554447417117,-222.9274655141865,179.16567460163432,40.81026486126153
452127225544474172,-220.55785930702095,175.32310850618472,49.734485921090496
452127225544474174,-224.83508263791362,171.45231425235923,48.620078068054575
452127225544474175,-219.758407388314,173.34867624699342,44.83144890302699
452127225544474177,-219.76678465377202,173.3715262900451,44.95798228463814
4521272255444742,-218.30691044371162,170.54919188709704,51.32432941800336
45212722554447427,-220.07398167282983,170.50870318114764,53.46781751597992
452127225544474272,-219.84591141054142,177.16750093436622,51.60110209649391
452127225544474274,-225.03109412435143,172.53539364325,50.69346337774384
452127225544474275,-219.2307913929686,175.55324860554683,54.4394848968658
452127225544474277,-223.12865374206825,175.9157761778361,53.54015536266788
4521272255444744,-223.72232768916373,169.15890030754662,49.92510773358628
4521272255444745,-218.0503898353948,165.39975891488868,48.41945203536705
4521272255444747,-218.1080646314862,165.52590420335778,48.485666284472366
452127225545,-205.29886326529964,144.4702915371345,54.681782942846674
452127225546,-202.2060540234088,145.6823360766168,54.66100817688441
452127225547,-205.16675510603824,141.6652916071879,56.617309570880295
4521272256,-193.9353988459089,123.97894477084019,55.34281264564336
45212722565,-199.64738598250483,123.05773288216825,56.078297362982255
452127225651,-198.6999802822961,126.36427350689348,55.68930263999141
452127225652,-195.74042351780142,123.83768373770252,50.87291631517786
452127225653,-199.56361298448257,123.11732241170849,55.931762595814384
452127225654,-197.37127987108852,121.25847174381003,54.6306178051845
452127225655,-203.82073267843757,124.86209681599435,53.92110906326334
452127225656,-199.48890445100437,121.95306002705514,51.159446513015475
452127225657,-197.49045491886176,127.45373307808205,51.0698717964185
4521272257,-194.38103394196847,127.01331664801137,53.077373826289694
452127225752,-196.07540921746707,127.86827884904167,49.36909021827755
4522,-104.75536999532613,15.304800920386839,3.2796533789879496
45221,-114.90059982374301,14.764898892170784,-15.036923510484574
452213,-125.76845171214516,14.60955277186557,-34.375744686047824
4523,-107.15764645087926,12.282168504319127,-1.7282819620021053
45233,-117.12288385347976,9.678758045786457,-26.92679411279553
452331,-119.87135527244315,6.925271317962057,-25.461791629132367
4523314,-119.88211299397061,7.679772851125325,-25.596199330110775
45233141,-115.44012832358442,4.263772079688314,-25.631605123961076
45233142,-120.29865036484324,0.9661645763196518,-22.14955080884514
45233143,-119.677148766164,3.3902845573961473,-28.0834984634629
45233144,-116.93016534307192,1.1945864237869612,-22.924351118712035
45233145,-118.3929144228863,0.6382596554369745,-26.087361344427524
45233147,-122.79846541087093,2.5815187843940857,-24.952511493679044
452332,-128.22997989731644,11.658789716956685,-39.1930680522905
4523321,-137.3929115049298,8.910357905034013,-47.88051774915188
45233211,-136.48974730712052,16.44656217159687,-54.7978759314367
452332113,-136.21378384667975,20.37442239545338,-61.484855870944145
4523321131,-134.50202249997253,23.06211754143604,-57.92301691041289
4523321132,-138.57383190716857,25.749368798506804,-59.39663924885987
4523321133,-136.2060514596537,20.33302377979775,-61.08585878161323
4523321134,-132.9279227579671,14.751564799560814,-62.67934774675092
45233212,-147.82587941369832,18.810451997156793,-66.33508048461043
452332122,-153.404007350124,26.24160669389522,-76.40289853672306
4523321221,-161.16341866977584,23.835138544822186,-82.18709239673086
45233212215,-164.62376162635746,22.407564530358616,-86.41098218107153
452332122151,-167.7213163190306,26.138672334548584,-89.07236952941352
452332122152,-171.831677412633,24.288795240347056,-83.50358480343564
452332122154,-164.93845830462834,25.93263280055801,-84.32700313075463
452332122155,-164.65457058425957,22.429054614878112,-86.37648699506396
452332122156,-164.68472700395589,22.4266060803386,-86.40165789847846
4523321222,-162.69934830398626,22.76246080728858,-80.99763506304842
45233212225,-163.26754978754752,18.993038596599355,-80.95149930179761
452332122252,-170.9345349801444,26.044591168295884,-80.93357705783907
452332122254,-166.08383384743166,15.346447341846442,-85.78697056113998
452332122255,-171.26047742102187,19.866501038467472,-81.72973741186883
452332122256,-169.99049510649473,19.848153964476534,-84.50927363711502
4523321223,-161.46633991076237,18.446266054867984,-80.42332221186604
4523321224,-154.51494066460702,19.85432345749921,-83.13714992946889
4523321225,-158.22273752373098,28.10964393865034,-89.27003799617167
45233212255,-161.60012972061477,32.74328634124359,-97.24757542089597
452332122551,-154.9878829965263,34.21880129234427,-97.26625716338637
452332122552,-161.35345060063545,32.75614997240259,-97.33967415405968
452332122553,-158.0750061025713,35.80358143909457,-98.10158908350488
452332122554,-154.55324326109923,28.93833575352336,-98.31718778958711
452332122555,-159.0738113474934,37.60958083581711,-106.46570674708195
4523321225553,-161.87878911763764,42.63076468957565,-112.4736550903101
45233212255531,-159.0168999803586,46.0691284403654,-117.54097904839831
45233212255532,-163.31261298903834,45.81632533830108,-116.99959209222845
45233212255533,-163.33522338440966,48.57134268778032,-123.78534910075031
45233212255534,-157.23679446488083,37.67020301973168,-111.90953085339552
45233212255535,-160.39503682362755,40.71683971251665,-117.443623265796
45233212255536,-161.8619121796887,42.63142901269219,-112.47119303594737
45233212255537,-161.98159281244008,42.605787065127295,-112.77131751943838
452332122556,-156.11844574270512,33.967361329900015,-101.05801954541334
452332122557,-158.57902013823195,31.018367784382754,-101.25701364002728
4523321226,-161.68640943166238,34.588506471989525,-78.67307274081678
45233212263,-165.1794525706553,43.460947997073376,-80.2023064090035
452332122631,-162.7247611872092,48.03939212583148,-78.78959599890882
452332122632,-162.89715720702546,47.41800838756623,-75.15108161773587
452332122633,-166.92805976857431,52.68873522745785,-80.16151575463242
4523321226331,-168.4306459650382,55.90908711856853,-84.37329112259914
45233212263311,-172.72380129975326,65.16485007259007,-85.56077782278791
452332122633114,-172.65463789098132,64.99834669560015,-85.5013518017453
4523321226331142,-175.68024079576534,72.86869096428478,-86.28298622125908
4523321226331143,-173.9079639281406,70.3058143981463,-90.8249342879012
4523321226331144,-176.63705777086196,73.5103710216741,-89.04436113095181
45233212263311445,-178.19273783538944,76.52825430812217,-90.0593366986206
452332122633114456,-179.90707255306626,79.91026049172092,-91.45395913070104
4523321226331144566,-179.86648917746732,79.83288034604954,-91.42792869584608
45233212263311445662,-181.70952041323775,82.2922048808192,-95.84242556406647
45233212263311445663,-183.52823590320193,87.1469110699144,-94.24669389407234
45233212263311445664,-182.9083278504351,82.75953915212142,-89.5132140192223
45233212263311445665,-178.6675366543398,84.55313089733814,-93.78994258118247
45233212263311445666,-180.90248360076438,85.82960249876666,-90.59526948096854
45233212263311445667,-184.83524536751668,82.57232501827417,-93.06707115338521
4523321226331145,-172.58795134041804,72.4631712229326,-88.01595690163892
4523321226331146,-177.3289761166936,70.45358890190626,-85.50099340968477
4523321226331147,-177.48452725855427,69.80245216033117,-89.71801394709802
45233212263312,-168.09372626973772,62.54885554246991,-82.8624417255895
45233212263313,-171.99336680065545,58.88585081773181,-85.76052680621672
45233212263314,-171.80171876024122,60.73407072768123,-79.56709710450924
45233212263315,-171.50162352372485,62.54319627740946,-83.93936578301123
45233212263316,-168.7273830808375,62.20152221380989,-86.67879107300372
45233212263317,-168.5461932780195,56.20135699535224,-84.31322348470466
452332122634,-168.96401376003323,51.24517208198372,-76.22604937177658
452332122635,-165.1394247770259,43.59364285741084,-80.04912240473327
452332122636,-160.43697213682893,43.771948839478476,-73.76621509231546
4523321226363,-156.6558693018423,41.50252882108211,-70.46183375340566
452332122637,-166.85973594237274,45.75969878565597,-75.75111079341399
4523321227,-161.06389811081462,23.10850881453494,-78.5579298285967
45233212275,-164.81639694317457,17.994166352759354,-82.94727087105737
452332122751,-165.3358723328091,23.2472927974886,-80.58041573292324
452332122752,-171.0854202377248,24.03973951970824,-77.72617245278336
452332122754,-164.25986638287995,22.24424734751446,-74.74995318086879
452332122755,-164.8283614919221,24.970230721246455,-76.97312295088648
452332122756,-167.1426398942395,21.385340754784675,-75.42379723657686
452332122757,-162.45361179504525,20.273522307187715,-76.11649554534004
45233213,-147.9918123086176,8.335113164938646,-61.08269929977842
452332135,-158.9101321750765,4.600209732229078,-68.17382997678835
4523321351,-161.8640170794541,-1.3939194362084233,-67.70515486740344
4523321352,-162.4660826952252,8.123849221101038,-74.62754740885552
45233213522,-166.81030648424465,11.474906730815722,-79.5423761214356
452332135221,-165.41222701757115,17.791347699045666,-82.5205633727738
452332135222,-170.08645162317757,16.648945378328612,-80.14072769102737
4523321352223,-166.38144377292187,17.66590046397836,-81.34996398838392
45233213522231,-175.98114877544853,16.66650837934654,-80.51247557000978
45233213522232,-175.289626932247,13.380488301400613,-81.31461771157898
45233213522233,-172.474820717327,12.295858588869073,-76.46078079726068
45233213522234,-174.3683710427691,16.8659343455675,-75.79759322179906
45233213522235,-175.2444060471124,13.72508896404983,-75.634370327401
45233213522236,-175.16592194618954,11.725272665764855,-78.64712232031229
45233213522237,-177.00437228508864,15.398995791023411,-77.88364824724069
452332135223,-174.24545141002503,10.10347416381281,-85.2837979972509
452332135224,-163.22535963687568,11.122425198512687,-82.99916549024194
452332135225,-166.8034459762497,11.48272140996377,-79.52264816715035
452332135226,-166.79144472459512,11.602066520191324,-79.55947271520637
452332135227,-165.1619761361163,17.30790876130624,-78.56456384708268
4523321353,-176.1446674590993,0.2145290963198541,-81.7530223924517
45233213533,-193.98891413004975,-0.42237927048292695,-93.58269511089821
452332135331,-201.00308646304828,-1.9619856016437685,-101.82601163899766
4523321353315,-212.9755131141272,-2.5850097803717182,-108.80138580070467
45233213533151,-207.47951270887114,-5.13578677939881,-109.36169842201117
45233213533152,-212.39614218441463,-2.612143295886114,-108.83221571310393
45233213533153,-211.07697072474897,-3.2728185724008134,-107.41781645533302
45233213533154,-208.6282359119704,-0.6325566726785549,-110.4007198539801
45233213533155,-219.44173498591536,-3.6456430432382643,-114.06876753074424
452332135331555,-226.55248874797024,-2.939278984397068,-120.3992625867657
4523321353315551,-234.00853231531167,-3.338904126968872,-128.49607794423594
4523321353315552,-233.29744731343877,0.7750537171297112,-120.56499212338015
452332135331555223,-235.74692391556982,3.5674261302848747,-118.97469776864756
4523321353315553,-235.33541882625238,-5.0321511071687235,-123.18898500271214
4523321353315554,-228.1570675038221,-8.72483840242779,-121.59261748400651
4523321353315555,-234.81580352850006,-4.984547428932793,-125.75283597013639
4523321353315556,-226.65072085616328,-2.9857844523406247,-120.41213696053474
45233213533156,-206.7337218483746,-0.7233324068927449,-107.69137365599131
452332135332,-187.5804687713851,2.1193754452492355,-92.32569654979203
4523321353322,-177.6023848747398,9.295111782808414,-86.14802681194871
45233213533221,-184.6193172502601,6.385265849164437,-87.14303273264261
45233213533222,-186.9446760260574,7.752881327632288,-89.6812531745216
452332135332225,-185.84991979871447,8.373518595574101,-88.89387625896343
4523321353322251,-193.13796829067712,8.15537206171623,-92.75372051245039
4523321353322252,-194.0722860761414,9.963385304240933,-90.2153076960966
4523321353322253,-190.7958054669467,12.855883714591066,-90.41068312483715
4523321353322254,-192.60334359851336,6.524524405932694,-88.48930641843998
4523321353322255,-196.05610099793816,11.670523597314908,-90.04673314453541
4523321353322256,-190.13480445686824,9.45215909288139,-93.32876455037214
4523321353322257,-191.94010212581807,10.356289874254598,-86.70991262727394
45233213533223,-184.38452843303958,4.0150228784533075,-91.1451294393131
45233213533224,-179.21798857421354,3.378556927571419,-90.73498425571097
45233213533225,-183.2142373723311,3.121981990134608,-87.55019433338856
45233213533226,-182.3974242142572,6.612107324705919,-92.80252589399794
45233213533227,-182.81660064315193,8.657111496453782,-89.7930381850241
452332135333,-203.13753998034412,-1.5241216958161725,-99.53611192254749
4523321353335,-211.0122314738241,-3.307886054411136,-107.53263455680757
45233213533352,-214.94139998489618,0.5432869598818962,-105.35439835846518
45233213533354,-213.5378603824617,0.30404703373594166,-102.07058583069382
45233213533355,-221.61782030039078,-4.113877208055153,-110.1926772177411
452332135333555,-228.45236832818355,-4.732730444180373,-116.12787714072692
4523321353335552,-233.68259738472824,-2.684528550263126,-116.2762949347242
45233213533355522,-232.61739158570822,-3.847177473893008,-116.98914692716951
452332135333555222,-236.02733501635515,4.069699582255606,-113.07853172575525
452332135333555224,-238.20449463004317,3.344214398297913,-114.79457643594233
452332135333555225,-237.05277314509982,1.3349776782807055,-111.805856274881
452332135333555226,-238.7380471230594,0.2179086994551067,-115.0351349759023
4523321353335554,-232.65248994178654,-10.342467829031632,-118.46719298563043
45233213533355544,-229.8441440997582,-13.511378375215251,-119.01371526659032
452332135333555442,-230.80326039340892,-20.452378589748523,-122.86599718006168
452332135333555444,-233.59146660297316,-17.586193705340868,-122.06889523699381
452332135333555445,-237.16290422360052,-14.793306530086218,-124.40737967945772
452332135333555446,-235.64544956699092,-15.96793380508994,-119.94698054489952
4523321353335555,-237.48447506910063,-6.93673941236346,-120.78007101546375
4523321353335556,-228.50118702647848,-4.751105300763572,-116.13251035494037
45233213533356,-216.0554500866109,-3.108735711826916,-103.24551463699542
452332135334,-187.31405647628793,-3.069850390879078,-95.33718480491385
452332135335,-193.99585351563607,-0.4284435090363201,-93.59661097210046
452332135336,-194.00308664990902,-3.4659397629562845,-96.48555968996128
452332135337,-201.09533588772004,-3.3309049130915263,-98.62751730943454
4523321353375,-207.9770031489998,-3.22822691541608,-101.25064383198931
45233213533751,-208.60411721901207,-4.45882703392117,-105.72138139711878
45233213533752,-211.06414144872772,-4.577144027429219,-99.73057616940562
45233213533753,-212.93033958687136,-3.535429683379366,-102.74596720872304
45233213533754,-208.06300400787316,-7.766547606538549,-103.36631493758085
45233213533755,-218.7084189005371,-6.241836709555161,-106.7275771251596
452332135337555,-225.21099477040465,-6.459913729098431,-109.4074378219052
4523321353375551,-230.6731682288254,-8.280772067046149,-113.46756733419598
4523321353375552,-229.23170444684868,-2.2062456999997977,-111.19728772444977
45233213533755522,-230.84526053838945,-5.216845469381965,-116.47977730205362
452332135337555221,-233.1895264455665,4.200465653295902,-118.09420750557399
452332135337555222,-232.4059133505741,3.9046702353299687,-110.38873904182351
452332135337555223,-233.25824946269918,2.856691823411386,-113.2769216612596
452332135337555224,-228.27880101827122,4.339820509916187,-111.70681322661883
452332135337555225,-231.11531260942678,5.8542550874604835,-113.01829727684445
452332135337555226,-228.47185145507925,4.412344185748616,-114.99494311298395
452332135337555227,-229.37301300244394,2.2952254660940077,-110.01699029927794
4523321353375553,-233.94886644022588,-9.368876718151789,-111.06639192416708
4523321353375554,-228.101526806803,-12.113758091452437,-112.7851424780662
45233213533755544,-229.9061002571848,-12.906655934232486,-114.13407327093779
452332135337555442,-227.56625193793803,-22.40309602422351,-118.19646607745418
452332135337555443,-234.97008992820514,-17.68609518445225,-114.73673494193751
452332135337555444,-228.14478066559641,-19.99581644763705,-116.17267056509915
452332135337555445,-231.5783559270445,-18.64192387106007,-110.23443249479105
452332135337555446,-225.9146631026468,-18.25509413983098,-115.38686272792988
452332135337555447,-230.96524608599418,-20.221215379613266,-115.18903990835388
4523321353375555,-231.1455659136923,-10.333288631708468,-106.48113527668824
4523321353375556,-225.23381635315036,-6.4936127072289525,-109.42616566403161
4523321353375557,-225.21839449960638,-6.500595739436663,-109.42841954147197
45233213533756,-211.51497492347244,-7.876563463165604,-101.70218370499501
45233213533757,-208.0194051816413,-3.273349161378062,-101.27517704582728
4523321354,-155.07931169064415,-0.6896906574810184,-73.97078863362253
4523321355,-157.18532688225312,0.9094375335161559,-68.99152348242123
4523321356,-158.91025501477074,4.589528620281974,-68.1770498560957
4523321357,-163.83732708427468,0.12832588957987434,-67.17363532373672
45233213573,-166.90102768603666,0.12303291814808745,-66.68387697747045
452332135731,-164.306486175303,-2.9942428582407996,-66.31461032715539
452332135732,-170.24593266778064,-4.6126945055436295,-62.8353293277983
452332135733,-168.22230758086147,-2.379430646827195,-61.448190315023524
452332135734,-168.9217856630991,-6.28098313986394,-65.9181732958469
452332135735,-170.57102572923162,-0.33100564092403884,-64.95973328356524
452332135736,-173.16971711394143,-5.410320524828699,-63.27700895483639
4523321357362,-172.17058134217592,-4.827982928608378,-63.693364761926674
45233213573621,-177.91097164150665,-9.878087832522956,-59.205638289387345
45233213573622,-179.30496868784059,-9.819462786550726,-62.8827173385432
45233213573623,-178.29209400221507,-4.7938239689118225,-59.439594454662284
45233213573624,-181.79814734487363,-9.711440254734326,-59.664088314908554
45233213573625,-175.46613330278416,-7.987383479818694,-58.66378116908825
45233213573626,-176.6474622921958,-9.094283920939683,-64.13119770161498
45233213573627,-180.2779661013363,-5.919857970410818,-62.28408654327754
452332135737,-171.55617387506717,-2.9608890982813167,-66.4501741322064
45233214,-133.3671330801641,8.814074309647339,-59.684718081830816
452332144,-127.18264371585907,-2.9899381754917385,-68.51023553531543
4523321441,-131.0908519182864,9.412551971159553,-65.62048639849694
4523321442,-140.60828247888162,10.655428788508667,-76.57913234552939
45233214422,-146.89412759155505,15.01461511681236,-79.69424648292618
452332144221,-147.46201496762282,15.300423028223875,-80.69821781797553
452332144222,-149.32852626359107,16.802086597443342,-89.91766328442351
452332144223,-155.281768122198,12.205910075875378,-85.49270944006558
452332144224,-150.95836767616416,13.667010187778157,-86.17323734709836
452332144225,-152.22042120655078,23.176443154495615,-92.93631124060765
452332144226,-147.07088061127573,16.334652743564074,-86.84609616085885
4523321442264,-148.51971998893978,16.110232758556027,-85.35313665609625
45233214422641,-142.62004948877228,15.968391587173723,-92.51187317092726
45233214422642,-146.84263719488942,17.05637058143488,-91.90584070294993
45233214422643,-141.9044553004133,18.93189808158695,-91.17383622244444
45233214422644,-143.5555620957546,13.062718795374291,-89.99717894802836
45233214422645,-142.98495312624317,19.748015531108532,-87.65470444452873
45233214422646,-140.7818604442626,17.60309830363818,-87.77019101578304
45233214422647,-140.76984679870856,14.779162755226602,-89.36729979275589
452332144227,-148.79668476788527,18.649195638843775,-84.40411156404217
4523321443,-140.40255498062652,0.5498810681892274,-72.55100279479325
45233214435,-148.5684432571149,-1.878581050148892,-80.2040639370367
452332144351,-148.73381091697397,-1.9838408759310535,-80.05756546455454
452332144352,-155.9096719794527,2.026067835718517,-81.7334575284122
4523321443522,-158.2274691986351,5.699055034902668,-83.01519329933366
45233214435221,-159.74819952951842,8.21258263547059,-87.91515452296535
45233214435222,-163.7605485909777,11.636806312156862,-86.40457934687298
45233214435223,-167.84467814209873,4.773017874651061,-88.28058663310844
452332144352233,-170.70561874596797,5.147908135009576,-85.14697297621491
4523321443522331,-174.3056536800511,0.4101833301119652,-94.06592116235376
4523321443522332,-176.61124546910827,2.403989884899756,-93.92576752573612
4523321443522333,-174.70875686202493,4.676536893180695,-92.56195951914125
4523321443522334,-176.11624664120183,-1.34834416154832,-90.880032394536
4523321443522336,-172.56311719924625,0.08140807308581946,-91.21820666812582
4523321443522337,-176.41394022579493,0.8311901060970107,-88.2536538382828
45233214435224,-158.5272271393784,5.869370412206659,-83.2707848457523
45233214435226,-161.89668075780082,5.577550912656522,-87.36781724833402
45233214435227,-163.25867874307787,5.587690550705722,-84.07050588212165
452332144353,-165.97017921744572,-4.107738282821104,-86.93311271782967
4523321443533,-179.61993840303194,-6.075309259092911,-92.43401729199543
45233214435331,-193.6575766665478,-6.953757700977652,-102.70703993597103
45233214435331555,-220.36749093359333,-11.207103163157667,-119.23582647781994
452332144353315551,-228.4167786036491,-9.58765403662824,-129.1680709222691
452332144353315552,-225.14511979761016,-18.064847117458086,-123.3882279957501
452332144353315553,-231.5979124586026,-11.860716791340677,-125.25213912877952
452332144353315554,-224.23289663391856,-12.475763527605158,-124.19660519918426
452332144353315555,-229.41217578128135,-12.014106039226501,-126.79671525984811
452332144353315556,-221.35996083011466,-11.40048587198196,-119.82015345077
452332144353315557,-227.90726867409956,-14.756966873550336,-116.16073135961582
45233214435332,-178.4491486702848,-1.2117388318701896,-93.44424208962232
45233214435333,-184.5399188092758,-8.263321429241602,-95.25370631044008
45233214435334,-181.01742130574186,-7.142115982969593,-99.3512884895419
45233214435336,-179.6956039127401,-6.027792211900683,-92.54297043656736
45233214435337,-182.61684248217128,-2.9759752979224143,-97.34434977869331
452332144354,-134.69205474984116,-11.313429682511421,-77.3775117282244
452332144356,-151.42985043341108,-5.123349677766928,-80.35044858506487
4523321443564,-151.1932877641977,-4.223209254580928,-79.71769101240679
45233214435641,-152.4151026040523,-10.746579948868686,-84.58362635805291
45233214435642,-155.1657295163672,-8.11309434893066,-83.30742439668781
45233214435643,-153.15917165520247,-10.507314620703891,-80.80948366174616
45233214435644,-152.349351597348,-6.942724349216376,-86.03857377983371
45233214435646,-149.29388009148653,-10.234694061190128,-82.02877333956673
45233214435647,-149.51012298329292,-7.959612854850721,-85.42586920765056
452332144357,-151.070393649266,-4.684303085760801,-76.50980847495688
4523321444,-116.81837783150368,-9.47566256365958,-72.05899541197901
45233214444,-107.9297439196901,-17.43208531850829,-73.49223730787695
452332144441,-107.67411133479445,-17.848290076176237,-73.93528285108594
452332144442,-107.91654602753812,-20.446141370791075,-81.24125725877455
4523321444422,-114.0033882634761,-18.857237694572753,-80.29055729848378
45233214444221,-108.59488082375788,-19.852633846416445,-86.80133854844354
45233214444222,-108.69471085322898,-16.5349460851868,-84.66116926787205
45233214444223,-111.57316399011252,-22.006441782315132,-86.45574079006497
45233214444224,-111.63688498890582,-18.244495851703284,-88.0827621129302
45233214444225,-111.52796844357546,-15.82436163323277,-86.34015476440518
45233214444226,-116.04015292931341,-19.302509083628184,-87.39747528259453
45233214444227,-113.46487660718039,-18.862113654027656,-81.1989466481778
452332144443,-113.96417957754102,-19.73263861256876,-76.58528337940916
452332144444,-105.7860605164229,-19.074522037974628,-77.98786743115804
452332144445,-102.29136049076334,-24.806822180375946,-79.33495143345996
452332144446,-99.03028029751073,-22.175167761930485,-78.94532573569848
452332144447,-103.49252750566801,-24.122192207472736,-77.02820434742168
4523321445,-129.97790706773995,7.090180622932439,-67.4361065043711
4523321446,-133.46022019057222,7.009243351453446,-64.61521260920132
4523321447,-129.54635369070635,7.445531422064844,-63.116894711137
45233215,-137.42204759283905,17.375090446287967,-51.84810280455942
452332153,-138.45725552373855,22.59423549788446,-48.81782791322211
4523321531,-136.82724308538477,21.532250617661028,-54.54009919384274
4523321532,-140.9565402085873,26.448094103172046,-53.74539062590985
4523321534,-138.49177062464423,22.598784871874724,-49.006586982688205
4523321535,-138.45758151877055,22.595108838015484,-48.81540718128539
45233216,-138.6432911359948,15.00599280929243,-54.592846484384935
452332163,-140.06697876175082,18.51008467693724,-59.54491885590215
4523321631,-140.1175810171427,18.361246858065382,-59.298643020313285
4523321632,-142.77934712683106,24.482943777571993,-59.23830889752677
45233216323326,-151.67226014572785,38.615067018941815,-65.9109076985761
4523321633,-142.05252098293886,17.04238869432133,-55.48031118781418
4523321634,-135.99844206933136,11.93154289173834,-61.3116656720201
4523321635,-139.23065644446834,19.44063000577019,-53.75642266732851
4523321636,-140.0429772982468,18.52473384592858,-59.53509883523489
45233217,-134.94268058548462,15.405245009176612,-53.98721646800594
452332173,-129.6597853641025,15.71157050155623,-55.03597233905008
4523321731,-133.6027976870853,19.773713698971882,-57.216905473043624
4523321732,-129.63660199811022,22.678184880005304,-57.19618619496681
4523321733,-131.33989011771848,19.425446376516327,-54.70123391872153
4523321734,-131.05866219056642,12.314223094157638,-60.16596199343214
4523321735,-135.11474855207027,19.92632664234086,-53.2391540114888
4523321736,-135.97585651322566,17.209538407556618,-56.73546885604989
4523321737,-129.94838725346676,15.906671261360989,-55.118727391243674
452333,-127.82499569462031,3.208271837281356,-35.153700267594374
4523335,-134.64613023858416,-2.94710577932025,-47.95128160916187
45233351,-139.27500902177772,-4.815448146773878,-43.28434939797884
452333515,-138.92843621584063,-4.3138782592658815,-43.4955754815785
4523335151,-144.0231812593343,-5.334068187699826,-40.00404180188227
4523335152,-140.71644117922,-10.363423711461882,-40.46790667654189
4523335153,-143.00348370072143,-9.63118705276611,-45.096788953977246
4523335154,-144.5683353195444,-10.803909299986893,-42.79120144551445
4523335155,-146.0553956520624,-10.018744347414463,-40.45103227623468
45233351553,-143.29618939929105,-8.178351593081826,-41.79708861668503
452333515531,-152.0943209752415,-10.436212143349607,-39.908098048445105
452333515532,-149.4646231233021,-9.700342118384107,-36.23787432589233
452333515533,-147.3071974049672,-13.3007241028101,-36.221085948160855
452333515534,-150.04391652594867,-14.993515639404885,-40.0697510028892
452333515535,-150.1854787451328,-12.512518233771479,-42.23869866914411
452333515536,-151.8080676925936,-12.346649651755175,-37.47771478729023
452333515537,-149.63714642878017,-14.619054025937682,-36.9914014467888
4523335156,-144.6311027786971,-6.633203454701845,-44.52420156977899
4523335157,-143.89453607041315,-8.503537535914976,-38.75262488637164
45233352,-147.40319805528716,-0.10959034325571966,-57.08251141707479
45233353,-137.12936107138847,-1.2204304471621334,-41.80800543680654
45233354,-126.63538523316517,-7.66125347888339,-45.26186524884436
45233355,-132.68027994810586,-1.7518944415044488,-43.61591512458036
45233356,-136.8238936134236,-2.659331277205973,-46.51140068492181
45233357,-134.646814807161,-2.9467839613837397,-47.94844597263383
452334,-111.13970399409145,0.3296561518657037,-29.17685500302287
4523344,-100.64025456085338,-10.735098310538513,-34.504417906217306
45233441,-105.01407635656395,-9.727668871357112,-31.051209801128586
45233442,-105.52996004861593,-5.848776052956694,-32.18807967441029
45233443,-110.46079530136211,-10.31216965890678,-39.23412919899504
452334435,-116.77103678413566,-10.221564257726461,-48.076605858822994
4523344351,-120.51959941495389,-15.83918458881627,-46.331011524533366
4523344352,-115.47741248323904,-13.12135259355964,-45.498492815577016
4523344353,-119.79285099911681,-16.055442670808727,-42.53403983628539
4523344354,-114.96596420365412,-18.545669345371607,-55.95392853971051
45233443544,-112.35807689827986,-21.198190578300203,-60.900649162744486
452334435441,-116.53904985555022,-27.15359630923598,-63.24601518428496
452334435442,-117.08001998109107,-20.683931857304263,-69.98333563969473
4523344354421,-125.70995531436115,-13.773991296617371,-75.41194630788276
45233443544211,-121.41722167256646,-17.179800496009456,-78.23411889481558
45233443544212,-122.33865903664547,-19.723701205915635,-82.02310617693627
45233443544213,-121.70055247648408,-18.66842328096811,-73.46475310750596
45233443544214,-124.6391003464391,-14.879862471882008,-75.58175732350513
45233443544216,-122.78381803945233,-21.077891389861882,-76.28409311227622
45233443544217,-115.8066682075185,-22.452209889727182,-76.52733738435974
452334435443,-111.3429332025589,-25.43768391533754,-64.58303000573098
452334435444,-112.3265017112271,-21.204416660038294,-60.9181616300974
452334435446,-112.39311965022632,-21.274687879563,-61.02948907097648
452334435447,-113.86798411194728,-20.7528917620679,-65.78622788584276
4523344356,-116.8355115672893,-10.388667990472307,-47.91015068776222
4523344357,-117.98665270631307,-10.83532841245741,-44.535308214283944
45233444,-100.81700383418202,-10.489032340584842,-34.35625022663253
45233445,-102.23850996394738,-5.7582532950325485,-35.47696371158962
45233446,-101.15332636489732,-8.395356424540365,-30.53633793779401
45233447,-101.49053198168194,-4.959728304116879,-31.465940217948592
452335,-125.19068183068353,13.94514536825064,-25.27865768277262
4523353,-128.04985790421756,18.306939144071116,-28.264542119596218
45233531,-132.83187629403278,18.66565218894906,-23.21212033944559
452335311,-130.5715488048226,19.458235068107992,-24.893107519963696
4523353111,-136.99205818466288,19.84188518969321,-18.750562523129734
4523353112,-133.96520318644758,14.994838437606854,-19.70218145367132
4523353113,-137.6215762820494,14.512793480616557,-19.599604031525807
4523353114,-138.8294559498085,19.060217144305923,-22.525207223055904
4523353115,-137.95840979872966,15.249986221334678,-23.20910160477186
4523353116,-139.39270729828914,17.328887495688733,-19.687905026878163
4523353117,-136.02858061989957,16.490393123130985,-17.5417111276105
45233532,-128.18916947135867,18.40215879209366,-28.092563031781623
45233533,-134.57149976662464,23.75115947866836,-30.550994178322025
452335331,-135.57169799310938,24.397483603091015,-38.029172468978885
4523353311,-137.225340042576,32.14526331514589,-35.860858940410715
4523353312,-138.32690775997753,24.165990099392303,-43.790093626459246
4523353313,-142.24588551724543,30.50329982094572,-35.00758103328647
4523353314,-140.53108333068883,26.56419522078752,-38.25887888428328
4523353315,-137.16881295716254,27.33429708017844,-33.67478476826269
4523353316,-135.80142459730675,24.588311957170564,-37.89557158895668
4523353317,-143.0696109539677,27.007097068855643,-33.94231490863285
45233534,-132.0838079083663,18.3082605240528,-26.204350626169116
45233535,-130.99193700569,22.410779251342507,-27.073839076602894
45233536,-131.88481675860857,23.034933987965445,-23.191731803974815
452335365,-130.34569466354068,20.919479401851806,-24.94511542214518
4523353651,-132.87252295608434,26.87511233961426,-17.429184729356145
4523353652,-133.3187302992727,29.348874670121106,-19.53322569240063
4523353653,-133.86409902420965,24.164928276183744,-17.891233753487302
4523353654,-136.0224953186984,27.192871036859756,-18.197295910558935
4523353655,-136.94530808875908,25.806732502482635,-22.53095538790528
4523353656,-133.33178704373503,28.90423062956934,-22.81443167110141
4523353657,-136.884214383132,28.10177327064085,-20.80892886884493
452336,-119.95370538099765,8.058172208409925,-22.942185609656768
4523364,-119.97213324044948,8.692361180819153,-24.578713194702107
45233641,-119.11977156492387,4.759571530105801,-21.13791507362958
45233642,-119.43771398039141,3.2275678195952873,-18.146009561904762
45233643,-119.30587673057268,8.421732189253994,-16.879763702010344
45233644,-123.00083816417624,7.279375793221232,-19.21696110798705
45233645,-116.3922052653152,5.328304096487508,-17.95614086519488
45233646,-116.33966287993125,8.674818241862958,-19.323798935778637
45233647,-121.39190159697232,5.413906578431504,-16.89949797425385
452337,-120.47729328751673,13.589233303630582,-23.01601409202499
4523373,-123.27881679165465,15.895145156703826,-22.60357874177832
45233731,-123.13047688549182,16.09048664196044,-22.435563522439594
45233732,-124.04096784188434,18.216118549301818,-18.16244484412845
45233733,-121.83420907641319,20.586826047144562,-15.635338821973404
45233734,-119.32512267024576,20.04115768577131,-22.877159595692277
45233735,-125.76498213735266,20.807355798859327,-22.883722748435765
452337352,-126.35953038063789,18.139380710381104,-22.658876264107946
4523373521,-125.5980426635264,28.106844649917456,-23.645961299750233
4523373522,-121.84654796297642,27.00533408454226,-23.117498564378916
4523373523,-122.73750192120858,27.10100425067189,-26.3084407850973
4523373524,-125.30373915628866,25.70704459487384,-27.380404991941035
4523373525,-127.38304711355597,25.356522585573316,-23.55512609834695
4523373526,-121.32324060626664,23.886585463110855,-25.688785717908875
4523373527,-124.2769524863983,26.104529751818976,-20.72441678070555
45233736,-118.95245600557692,17.39415907403095,-19.32320417944273
45233737,-119.39710235715644,21.263826627556284,-18.71696678625484
452337375,-121.21976606310027,19.226350693321173,-20.41667801186744
4523373751,-114.9627361178065,25.880255609909756,-16.091451870727635
4523373752,-114.09875399137283,22.679142053242494,-18.09157514038371
4523373753,-120.34093075309771,22.280078160322127,-13.853477803964612
4523373754,-116.23339369655142,25.458380627929067,-19.566049034911366
4523373755,-116.7603161860451,25.07182059232289,-13.74792075193574
4523373756,-115.05077939608863,21.935648683765624,-14.576190374461255
4523373757,-118.27573098333394,26.96659268519582,-16.805129190102992
4524,-82.77954317654148,-2.5216150192290447,-3.418474546110884
45244,-70.42014201145568,-17.584024553476823,-27.678086963301894
452441,-69.37612347205999,-29.856310111969528,-33.24594757235663
4524415,-64.41991728517988,-41.06428827143978,-39.61694552995938
45244151,-64.41915462477911,-41.06446965978033,-39.61791119009921
45244152,-68.59038168839011,-43.197570021262734,-36.05021623451703
452441525,-70.3460438807702,-37.49179950220515,-32.50807160685606
4524415251,-70.37414152425045,-46.870174903628154,-33.778836736493545
4524415252,-74.40674201888658,-45.7877704354475,-38.10953050628757
4524415254,-72.55127605409766,-47.928930552708906,-36.17726429828038
4524415255,-74.81303900925026,-46.12452232681471,-34.64777602030632
4524415256,-69.9339914064382,-46.74046726368119,-37.7529251067569
45244153,-68.798351408469,-40.065469780989524,-39.00982275684133
452441535,-70.72799216972858,-38.728207207688406,-34.459297591825624
4524415351,-73.7143306166658,-38.15539167069875,-42.054879188078836
4524415352,-72.2705960116822,-43.73394815936179,-39.120669949048704
4524415353,-69.95490461766138,-42.82674523029364,-42.42536192612696
4524415354,-72.70782366616696,-41.75136730444435,-43.33403972960265
4524415355,-70.14607125380596,-38.290103872225515,-42.46518027263872
4524415356,-75.20859106256854,-41.648602202788595,-41.18895774005626
45244154,-73.50603498842648,-49.7773834662512,-50.606371912184635
452441544,-77.95800068816747,-57.085708631773535,-62.37568325101686
4524415441,-78.04413969734493,-57.097422856288134,-62.45908446682287
4524415442,-81.97334727036521,-64.69322853370619,-64.83364025835368
45244154425,-85.93570416622832,-73.00216520848537,-65.23307438734811
452441544251,-85.8944953928275,-72.90491784122317,-65.1704319378079
452441544252,-82.67238488245927,-72.41901193200029,-64.66333290213724
452441544254,-82.45604827609569,-66.75008403367657,-68.04423143622292
452441544255,-90.03497907331892,-78.25517822698386,-64.6851935138323
4524415442551,-95.86332103115024,-86.39711149356663,-67.70284051791143
45244154425511,-93.34304474435035,-88.370251366166,-64.14750907656124
45244154425512,-101.3404223699718,-95.4702084996969,-64.79598928927311
452441544255122,-103.61894615297491,-102.41264855872936,-65.25058589351104
4524415442551221,-112.01042271573735,-106.60267323969585,-66.85321105892466
452441544255122124,-113.53015883509256,-106.03887030150531,-69.28137808505437
4524415442551222,-108.71721575548555,-110.21975898155404,-65.81831974596142
45244154425512224,-110.39944484231,-111.00054146912235,-65.36683578059994
452441544255122241,-111.85504025644136,-120.10765224823511,-67.29345752952747
452441544255122242,-111.2887279912384,-116.50145366550042,-64.30928625410615
452441544255122243,-112.70002805628894,-115.65418426301227,-68.03356416244027
452441544255122246,-109.46934291402819,-117.06461619308847,-69.58680814276279
452441544255122247,-108.04784126675658,-117.89947155021153,-65.78032963949049
4524415442551223,-103.83606714738889,-102.59369969627878,-65.23794101287858
4524415442551224,-108.49872342761235,-104.66065344757602,-67.4967514125955
45244154425512242,-107.98617642908185,-104.78424552838459,-66.75293997253239
452441544255122422,-109.96652263510506,-102.12342768889698,-73.4994240819085
452441544255122423,-111.49116714899414,-105.40244186518916,-73.43344030089669
452441544255122425,-112.94250416150186,-101.76027158601671,-70.92875404042597
452441544255122426,-107.68366671799522,-105.17004676056288,-72.7949577387948
452441544255122427,-109.17736102545094,-100.70156520081768,-70.20918174147671
4524415442551225,-106.0619990853679,-110.10697313945234,-67.08629476325017
452441544255122542,-106.08324157353125,-113.13626773732591,-67.89608585412319
4524415442551226,-110.39544336121756,-106.65219646939518,-61.43688616094307
4524415442551227,-106.65081654507988,-107.88156879830728,-61.05071941452774
45244154425514,-95.84621354003768,-86.40891771110807,-67.42721256368421
45244154425515,-95.24188457920333,-87.18361087179915,-61.32530448261476
45244154425516,-98.40236717121843,-85.59035509574218,-62.84581739162466
45244154425517,-96.72195688746302,-87.58769290891338,-65.46183938911109
452441544257,-85.93559535813522,-72.99523842666127,-65.21142428040928
4524415443,-84.78939529168892,-63.598397143146414,-64.25235026438925
452441544352,-87.05708553950751,-67.46757720407894,-64.33320870115023
45244154435512,-93.70986034275762,-80.33340844671991,-63.78005370212663
4524415444,-80.20606286262762,-58.767392185236226,-67.45761953122503
4524415445,-81.62149646086381,-63.98002174988979,-72.8833214837382
45244154455,-85.53001350665294,-69.17300014238437,-79.98031065001952
452441544551,-85.52089291622835,-69.17219679268963,-80.0119543801073
452441544552,-85.51579377317205,-69.17235196261767,-79.98491360345896
452441544554,-81.82268603615985,-64.42395202774223,-78.7088180917152
452441544555,-89.46966366588414,-72.06132780530336,-85.43870629559714
452441544556,-82.7355713259425,-73.9832540609437,-84.40840739757624
452441544557,-81.8564193140087,-70.46644081819306,-85.1947793649178
4524415446,-81.46696927266913,-63.66358282956344,-62.34857321493215
452441544652,-82.78051326235699,-67.24693321424635,-62.185877498802
4524415447,-77.95894765519391,-57.07765463927855,-62.37596821376916
45244155,-58.44870680068567,-44.70833352800333,-32.79305349171228
452441554,-47.4914010300436,-46.916544838572406,-26.805379572024517
4524415541,-47.62875113503488,-46.91210621053553,-26.946950805488946
4524415542,-52.05015875335917,-57.07962053873525,-24.78821642783681
45244155424,-53.167162226242,-64.88015236457326,-20.848597042455413
452441554244,-55.14443184223934,-74.07411517706299,-16.677725611461213
4524415543,-47.49108746839414,-46.91578960319428,-26.80555849098369
4524415544,-49.933941143942214,-49.150471466168405,-31.052550112631046
45244155442,-50.0124096304058,-48.051937086080564,-29.78335326589643
452441554421,-45.7987609987601,-52.495989010634325,-33.23779186595335
452441554422,-48.61590546252064,-54.781342745758884,-34.68359780679468
452441554423,-50.97954315721999,-52.24972465003118,-36.465732691505366
452441554424,-51.82151998750082,-54.183496335109545,-33.68696744125347
452441554425,-49.12326271771659,-54.500067936824344,-31.242594347474377
452441554427,-47.41184507423645,-51.21720052082351,-36.35771480533397
4524415545,-48.46797182096741,-51.39106038367059,-26.209789560274285
45244155455,-49.40185170733522,-49.08265170732889,-27.794450454486977
452441554551,-48.25592980934841,-53.22362075763406,-20.659100979586945
452441554552,-47.639085282227626,-57.20484660287613,-25.634902381028965
452441554553,-45.43327532890495,-57.435318728039114,-22.77089536574861
452441554554,-45.46853684029507,-54.97087816965057,-20.47104587315317
452441554555,-44.035111477791915,-55.7312640884653,-25.51993362413997
452441554556,-43.65441646378184,-53.05673738061577,-22.666515903389758
452441554557,-48.98381303506096,-56.542098771588854,-22.12858129553922
4524415547,-55.072376283273805,-48.141363858454476,-25.83560448048804
45244156,-61.39084522225226,-38.17411629716414,-33.737153554337596
452442,-85.83602772793498,-14.56807436047039,-38.22232723276783
4524421,-100.33785809877627,-8.414616447604596,-47.68260898219616
45244213,-115.05182756420203,-2.1307822205493796,-57.00231328114113
452443,-87.02188386259934,-14.266706777821053,-30.710731897223756
452444,-73.0519396976877,-31.50342218179534,-50.571846097136415
4524444,-65.819172729847,-43.92291024759735,-72.7369407172465
45244441,-77.44601339249066,-50.33065267241759,-68.24492650970072
45244442,-81.88398269073868,-37.09528427417102,-72.74314754997616
452444421,-89.57484280787452,-31.639854747262987,-73.5346501842555
4524444213,-98.12922047668972,-25.644424943767312,-74.70196357552382
45244443,-84.03910028616141,-37.316590144145366,-70.35361555733891
452444433,-93.610497776433,-31.39120353282395,-68.88490190782403
4524444331,-95.2074112135366,-29.23732451466661,-67.83667876198035
4524444332,-90.69907105871019,-30.217410175553283,-68.51732565857512
4524444333,-103.43018108620672,-27.15576393639844,-66.47068077154258
4524444334,-92.18677825602622,-33.837400396276,-67.65219642630373
4524444335,-94.93456056926063,-34.91756968011662,-70.3858055585717
4524444336,-94.00603019463318,-29.219748568984535,-74.50132720477826
4524444337,-95.48039741694564,-32.372383394018044,-67.07939043125596
45244444,-77.58306248247018,-49.586734135254076,-71.4567428653358
452444445,-78.93828174837743,-55.86785608436244,-72.04592252337773
4524444452,-80.8677838442868,-63.02213235829418,-69.51905258560906
4524444453,-84.04400492147667,-60.61954127959346,-69.18871796744098
4524444455,-81.12511789772795,-61.326207124497515,-75.5796395349534
4524444456,-78.9748077584417,-55.920342605421155,-71.99877464942728
4524444457,-78.94739063667619,-55.89164149254399,-72.09251003982749
45244445,-79.58868726440502,-40.023157324408935,-75.00787554708354
452444451,-85.1201843766547,-36.475207608619066,-77.06388502311358
4524444513,-91.07421344244457,-33.51047081117254,-78.56950201371713
45244445133,-94.80997371884682,-28.21918628049706,-79.34464779049637
452444451331,-99.77390543524804,-29.19496328964876,-82.9175861015148
452444451333,-97.67504588199216,-29.20066587484095,-85.11216375207263
4524444513333,-97.48871386855197,-29.120337355326818,-82.84689705160777
45244445133331,-95.01463442739109,-28.541697273695476,-91.65938672968866
45244445133332,-96.1138384341831,-26.15210722502017,-90.29720614760828
45244445133333,-99.58568651853315,-27.83217605269905,-91.57657600267208
45244445133334,-97.48091049444693,-30.05703900313834,-92.72601038089655
45244445133336,-100.57843854325628,-30.617502302709728,-90.20156610157255
45244445133337,-96.61397000250433,-32.361090548257145,-90.6158854772753
452444451334,-97.95665334460767,-32.29898196096,-82.09147149621356
45244446,-78.1197169405519,-38.89948271927271,-73.00632312767037
452444461,-83.1010779640367,-34.920791359821116,-74.89276590585374
4524444613,-88.12604077879533,-31.65774973735482,-76.80050805585856
45244446133,-92.42496544859537,-27.40311686997544,-72.92666434041728
452444461331,-92.53545728368402,-27.4102327754819,-73.54687328798175
452444461333,-91.15126294602136,-27.059910504873425,-78.8573238441872
452444461334,-93.0383432610174,-23.42182184122939,-80.4284858725554
452444461335,-95.1051500707649,-28.363269438581113,-79.58499624623734
452444461336,-92.34128008308444,-30.15732605849321,-81.05046388932053
4524444613366,-93.29343236894832,-28.587558696893403,-78.63815028798152
45244446133661,-87.92275650786317,-34.812756538984395,-85.4799626454991
45244446133662,-87.17691868046107,-32.40562852042816,-83.59159648195572
45244446133663,-90.25200470556396,-33.709169914008655,-87.62803838791865
45244446133664,-92.372437315549,-35.67133908935331,-85.89788627630047
45244446133665,-88.6989367180888,-30.49944110560467,-86.4661609674409
45244446133666,-92.98740783971654,-32.30558795316665,-86.56444217959879
45244446133667,-90.23442246844405,-36.21206182979098,-83.80904731943136
45244447,-80.96926438448783,-39.961165073761066,-72.61551846583029
452444471,-87.31139021543532,-36.19057658004417,-74.06825709548116
4524444713,-93.87700154827132,-32.795346985613826,-75.5675325600199
45244447133,-101.75138995149578,-29.733651301091065,-74.44186727637867
452444471331,-102.79901193339327,-29.56242924378472,-79.15089494434986
452444471333,-108.20714071465761,-25.941920905154504,-77.00923257729428
452444471334,-101.74303209708759,-29.73728701155727,-74.43148667440168
452444471335,-99.7739373387289,-28.889590457674633,-79.64243306385116
452444471336,-97.23252365386132,-27.86203687494253,-77.5924750766555
452444471337,-101.63272149401085,-29.64747185780061,-74.61248896905612
452445,-78.68011402899985,-20.29075035856337,-11.744119013103514
4524451,-85.90320110551775,-19.885871521517274,4.789369587472517
45244513,-93.10580696571485,-19.545423697481215,21.216059132481487
452446,-58.249470441462144,-22.04477479297067,-29.651248941534334
4524464,-42.666059932055354,-26.288722264000977,-30.814842817658285
45244641,-50.6618180092101,-29.799261221728127,-30.566756769441806
452446415,-53.62229314812883,-38.17247814316748,-32.25655656679566
4524464151,-53.616071369310816,-38.169310354045145,-32.2593873634482
4524464152,-53.70502450311347,-38.08355282226228,-32.20643844087938
4524464153,-56.64818911293714,-33.15657476261188,-31.10330558301034
4524464154,-53.87735378126314,-34.94421353475793,-26.179111094858104
4524464155,-52.107154860628846,-43.50923032964113,-31.28219686236609
452446415524,-50.5558903879614,-46.71661273275927,-33.798775192506874
4524464156,-55.42745080293474,-34.42889592795135,-33.61624722727244
45244642,-46.86961347675141,-20.707829642706162,-31.321562054787776
452446423,-47.387552145345595,-17.77126712181644,-32.05223769856821
4524464231,-48.942275788050964,-13.434570673607952,-32.582168555992865
45244643,-45.20262571900842,-22.032452975858845,-27.75573864908982
452446433,-45.323033965906255,-23.933892271812297,-30.219901156299734
4524464331,-44.24503053032509,-23.005411107041176,-22.77871295050815
4524464332,-44.14077004863302,-19.73923859344734,-21.516366705801165
4524464333,-41.19077275520116,-20.05641703623519,-24.39999718900895
4524464334,-47.60980964295837,-18.23434146508628,-25.449283519122194
4524464335,-44.55252980989206,-16.851802040134764,-23.744016633241284
4524464336,-47.58997887284926,-20.052322992540915,-22.935585784028497
4524464337,-42.39303815179913,-17.771605574210856,-26.287440606379228
45244644,-48.60789274002512,-24.391657001854774,-29.607125752046453
45244645,-45.77649349394185,-23.004598804403663,-32.903673798458456
452446454,-44.796660881133526,-22.572021874749694,-36.555312004971576
4524464544,-44.80610427002404,-22.56988997665516,-36.538833022448785
45244646,-42.98884317243456,-26.15810670867804,-30.8373269096509
45244647,-42.66135408578529,-26.2987407266958,-30.81832331663789
452447,-70.9781869930707,-27.029305431340212,-28.72121970957434
4524475,-71.62982786051849,-32.42011482587428,-29.985850341828446
45244751,-68.6091763500123,-37.85735514417933,-33.37604713340647
452447515,-69.11200396608976,-39.18725715409123,-30.133590003671546
4524475151,-75.46356760810725,-36.60526095646332,-37.046161852981065
4524475152,-74.34182373364605,-43.79228082706371,-33.08306902973243
4524475153,-73.21512777282139,-39.23710494018354,-37.98412972837426
4524475154,-76.90173575228553,-37.549336866867215,-31.983718528783495
4524475155,-77.09812192651721,-40.054358621665635,-35.464636498480616
4524475156,-73.56684555166743,-34.97560589763983,-35.45175902565896
4524475157,-77.07197178499324,-36.59807802807711,-34.26474608838323
45244752,-71.70085963278433,-38.76654091225091,-27.629561109835215
452447525,-70.29421770925781,-35.63342597168441,-33.263738816793804
4524475252,-76.49653436151391,-43.48574190899821,-26.927055201545084
4524475253,-74.1940033144705,-41.54805155765611,-25.467111802902433
4524475254,-76.92625224223409,-40.158681985045526,-28.17219912802955
4524475255,-72.43207113463914,-43.85261531013449,-27.48600747569572
4524475256,-74.90468703878156,-44.900982975820746,-29.624185287448217
4524475257,-77.66693249754947,-42.814042720482334,-30.173122578513134
45244753,-70.04625675328846,-33.55650224131343,-25.095030334499846
452447534,-65.00891415394979,-33.630153998459015,-28.4500793745614
4524475341,-67.4594807686148,-27.67430212135498,-23.8480962885696
4524475342,-67.91549969127955,-32.9526874255113,-20.54338613101458
4524475343,-67.53865023725258,-29.422817000518627,-20.63288244451445
4524475344,-70.92572182975631,-31.10092196336766,-20.734123714870442
4524475345,-70.64157805542561,-28.200574800945297,-22.60065581471163
4524475347,-72.33213065009578,-30.568808313470672,-23.898978137146237
45244754,-73.86811668771281,-35.93139195939497,-27.633479184277157
452447545,-75.92100847278431,-37.16671970989123,-25.82724017033461
4524475453,-78.7392319883856,-38.00482182651909,-25.15206190942991
4524475454,-80.2328687074235,-35.120171683346335,-29.651682825429546
4524475455,-82.86542038599326,-39.27894138184223,-25.133460510152307
4524475456,-81.01820247751422,-38.969961630267164,-29.045624881628193
4524475457,-79.03458466771815,-35.100339984140675,-26.152003668543777
45244755,-67.7582048143598,-39.566815428660384,-25.35601256777515
452447555,-62.51804388771066,-39.64809149344626,-29.265051890333044
4524475551,-61.6912483311268,-46.179203820129295,-23.10106048932799
45244755514,-52.4291144757885,-43.863398814709136,-29.567354399173393
452447555141,-59.964601171425016,-50.19068821499248,-21.4318888715617
452447555142,-57.24590365935592,-51.08747995286665,-21.999735389733832
452447555144,-61.192063223096426,-49.18107254314015,-24.148718982805793
452447555145,-55.787424925117136,-48.076601601355975,-21.548467462665144
452447555146,-58.66016720859251,-50.99585330135775,-25.493841891788865
452447555147,-58.54927546112417,-46.917234999787645,-20.453227938677426
4524475552,-63.16788555731403,-43.68328731135844,-20.80128048296859
4524475554,-67.16068981837128,-41.80768737321753,-21.637519597616567
4524475555,-64.69577536622552,-46.34240113344399,-22.330053288268772
4524475556,-66.26038914392804,-43.91272697746877,-20.222334920539204
4524475557,-67.16037901009189,-45.72461931584243,-24.346265968939054
45244756,-66.8644500217664,-34.489742248736434,-28.693188913667996
452447564,-62.51742909872653,-36.589363010690604,-26.00943291220556
4524475641,-59.25329410061645,-34.33103678428678,-29.52569395369549
4524475642,-63.753025970358955,-32.15956932274177,-31.420730006047933
4524475643,-66.95871996515218,-31.88073345576064,-25.934697001631747
4524475644,-62.66840774101829,-35.7947597205178,-26.380880191101227
4524475645,-63.7410145472202,-29.245868539067995,-28.341880305888854
4524475646,-61.07004198332542,-31.722142892554146,-28.33256581752442
4524475647,-62.62195243351271,-31.05736816858912,-24.818869557460335
45244757,-71.59123980927666,-32.4856616854398,-29.93407785714212
4525,-98.0414720322466,8.868010184643552,30.303647234248597
45251,-101.67015624174428,2.4728948032489737,39.314251206665126
452513,-105.45627622468781,-3.986935319700563,48.30214504496333
4525132,-107.166744785226,-12.823041641394838,55.108635743306124
45251321,-112.29545086214155,-8.798066135062342,53.910268495754195
452513212,-114.96971942736526,-6.401501479669138,50.56352428301646
4525132122,-118.74473203743707,-3.073337515161327,46.8563761807126
45251322,-116.06827217191586,-10.706191553627235,60.934778939232274
452513223,-121.63121826695377,-9.820952470299309,62.884821409484765
4525132231,-125.51992449987146,-9.326467268853657,70.24872302073638
4525132232,-127.99153710705234,-12.15985753018336,65.38433200137021
4525132233,-126.82079528882267,-11.846784380741923,62.68575771121465
4525132234,-126.3902824205423,-5.2394100437120725,68.29874377575446
4525132235,-121.65655036249333,-9.804836852735797,62.942988704300376
45251323,-109.68035478331655,-16.012428671900107,65.04634886798678
452513232,-109.98543693679055,-20.579824165706206,72.1435060516699
4525132322,-110.0511290593714,-25.180280097058347,78.55794948899582
45251323223,-111.46302328824184,-25.712448360770498,83.14485360592616
452513232231,-107.34810517757906,-28.6494487790451,86.36863226978473
452513232232,-109.6639278871227,-31.613372215816472,83.34065068291606
452513232233,-110.65284544590962,-32.043523396595404,87.79297745116739
452513232234,-111.13488197473335,-28.11566280940542,87.89948587902683
452513232235,-108.65191178179646,-34.34209761382687,84.84102038501024
4525132322355,-104.4962775411971,-35.70041225565139,82.92260967909374
45251323223551,-106.1136327675033,-41.067014159750364,80.99359868680068
45251323223552,-102.16384321228556,-41.43534535512356,84.90871931100024
45251323223553,-104.68613104741206,-35.9932042924864,82.98385385023032
45251323223554,-109.39505935697524,-39.427677861834155,82.29231065351208
45251323223555,-104.69551403464311,-38.14006022679787,86.20498671350244
45251323223556,-106.24817688648677,-44.63567931782062,85.77230805045718
452513232235564,-105.61950185460026,-45.99053360427106,86.9058053880734
4525132322355641,-106.53310090168095,-53.58200695745416,88.81217366627021
4525132322355642,-106.75988439048581,-51.91136390996834,85.44622037085504
4525132322355643,-102.76528060328027,-51.883073217013134,87.55748561316655
4525132322355645,-108.64016055221668,-50.5118329215734,89.72814912737725
4525132322355646,-105.22437595295003,-56.60013777588152,90.85240512947776
4525132322355647,-104.39968667779266,-50.53049120643406,91.27001405177202
45251323223557,-108.11785951291033,-40.66169951153552,85.5783421326459
452513232237,-113.4921785528889,-30.260240405359742,84.88560143353152
45251324,-104.81551264952232,-14.98887335131999,47.5459429732914
452513244,-100.37057984634126,-18.57058564991415,34.38822589604869
4525132441,-97.62031746816916,-21.147683601317045,37.460128652557316
4525132442,-103.1949726214673,-17.318432002891534,37.824329661172655
4525132443,-98.96665015325763,-17.046965494903777,36.8814265385302
4525132444,-98.38357250401404,-18.31693064681224,40.4589134081282
4525132445,-100.36305061093488,-18.594139362212474,34.53554788244877
4525132447,-101.93978096210196,-22.19292466887834,37.415043013926756
45251325,-107.31534877306707,-16.128035031506254,62.86224676670314
452513255,-109.17823914627495,-21.271447453452748,63.99094368337229
4525132551,-105.02640602118353,-25.62216940531956,65.6155694047438
4525132552,-103.94975906994347,-21.46158687807542,69.76612988368578
4525132553,-105.92381249414395,-26.888490450583756,71.46003208513699
45251325532,-106.0770693720906,-30.78876295235137,75.22329188803323
452513255322,-106.21213992655053,-34.82941609762837,78.87372287049855
4525132554,-108.61813362316083,-21.517182541078853,64.53292769803241
4525132555,-108.01827318125704,-23.616331060984336,69.81337711309239
4525132556,-102.53138198014094,-22.814069562859537,66.81359273249288
4525132557,-105.0926573341159,-25.537100751624013,68.90297035269796
4527,-97.57430403670129,11.746744146780971,30.681033215207094
45271,-100.8691137169505,7.267340489063248,39.8967282781487
452713,-104.28357643947477,2.8653901725302577,49.05824228452008
4527132,-106.29556609454093,-1.6472489384512676,55.88437746977015
45271321,-108.16784921053156,-1.2600143390524419,61.05575712684894
452713213,-112.12539591147788,-6.9694245144155005,63.6885463367059
4527132131,-106.47057225650828,-0.9895926090323748,65.78526385804571
4527132132,-112.7617003370648,-0.14399916311341082,64.1585505292966
4527132133,-108.70665128038954,1.1938850322705143,66.46667241767648
4527132134,-110.09017759462357,2.245581141168,63.34659804115571
4527132137,-106.83177868468316,0.23037156935747244,62.91789672569319
45271322,-111.93852405529222,-0.9353198288006301,60.39435160683951
452713223,-116.15795552005412,-5.182583525610582,63.862829283213074
4527132232,-118.26224870942747,0.5169496663154062,63.29517542907531
4527132233,-117.0904959990942,-0.8193998608680149,60.530368377569815
4527132234,-119.84926514272541,0.7853464835741736,65.86644015151235
45271322343,-122.58589306166344,-4.46987145944902,67.5171318790492
452713223431,-122.13724613744955,4.497229315954076,67.09147268059998
452713223432,-124.16422945772558,3.1669094738891754,65.18019586197673
452713223433,-126.46238640751633,3.119987088343525,67.39133331792225
452713223435,-129.15019670437485,0.39594224498573666,69.4924600288756
452713223437,-123.96376612714738,4.489366296268153,69.99539764412103
4527132237,-115.22735550183381,1.8794328746454128,63.78740857380389
45271323,-106.32233285726521,-1.6475076146748913,56.04718989669901
45271324,-105.46356838807345,1.1790420228463323,59.42560982141594
452713242,-103.17094051485529,3.484674337300078,58.61785655094285
4527132422,-100.41077825661104,7.077102176478561,59.54325928697496
45271325,-108.93943884962432,-6.64035891132232,58.60952497049462
452713253,-114.74452577285734,-4.432539128308688,64.64113056965884
4527132531,-110.27767442173972,-3.847659450848692,62.19566804964741
4527132532,-118.47959865168816,-6.562084594403548,63.058549107846375
4527132533,-114.32685548639363,-8.913815781871879,58.51892063775971
4527132534,-115.17224257421644,-5.318619814059099,58.03540489236081
4527132535,-112.23575078274663,-5.347187162637606,57.419693559400876
4527132537,-110.59684295828951,-8.889090118762006,59.42863277920289
45271327,-106.33509280326292,-1.6423294173440584,55.8802681326941
46,-40.039515657321054,23.25708537285064,45.7393258466799
462,-78.54162328998787,17.667177224470677,61.85562985931389
4621,-95.89047867646003,35.81456998147807,68.10988057963678
46213,-111.76654710137946,51.394235659706084,75.07222627616838
462135,-127.5458641240837,66.90802607488517,82.04679081862773
4621352,-143.40784136076311,81.0480199666477,85.5820376997864
46213521,-140.46165821889215,84.84337278737857,88.8722022263087
462135212,-140.49473991413333,84.81270576455103,88.85602147742435
4621352122,-136.46601695367588,87.7613636477309,88.10878482724357
46213522,-148.1185209228565,91.58577924003099,101.0460864938434
462135224,-152.19143316692686,100.85937444004898,109.45539497888252
4621352241,-155.48204910719997,101.34532646377986,115.5558280613437
4621352242,-154.2618554279604,97.97099788432165,113.15253864575043
4621352243,-156.783504672875,109.5665042282625,124.48791566626397
46213522434,-160.73753936466957,118.28964324429661,135.6857621726801
462135224344,-164.56905556734657,126.86070565534799,146.88244761717863
4621352243446,-169.3153841560988,134.15781888982184,155.4472111736744
46213522434461,-171.94820639622395,141.2924481937477,159.78920006554176
4621352243446164,-175.068086774331,147.08977565963215,163.1463406476262
46213522434462,-169.7184320194514,135.3548659222273,156.52813822777236
46213522434463,-170.852793419683,133.68012445825397,165.237388073919
46213522434464,-169.3091565791599,142.25313839488257,162.28662862608064
462135224344646,-168.2628286635752,147.4129886345981,164.34714432138486
4621352243446462,-168.6297604442357,154.0941815732595,164.5011917194224
4621352243446463,-171.43047685972056,148.8715172452755,169.7073600629588
4621352243446464,-167.06136576899067,150.89093336408223,169.35861228371584
4621352243446465,-172.62795084219638,151.65643466209343,166.22363418532055
4621352243446466,-171.79905546883452,154.05281532923328,170.19109816059515
46213522434464663,-171.02924569244735,159.0313513722337,171.03416191432603
462135224344646631,-175.29627680624913,160.99118062182586,177.92220331677962
462135224344646632,-175.7116973219901,159.823459092683,173.34386903595643
462135224344646633,-171.5034300244327,164.09428938142264,175.55321845077518
462135224344646634,-172.69108938124342,157.32830227015467,176.72371932221495
462135224344646636,-171.03454539535568,159.03104340949804,171.04545025349154
462135224344646637,-170.13160960020286,160.4277964353586,175.3268364911774
4621352243446467,-168.30668451370843,147.4503314880421,164.38178731933814
46213522434465,-166.30132488897345,133.73638708880418,161.57852431162524
46213522434466,-166.6959731825688,137.1214687844552,156.99110616109684
46213522434467,-169.2677007422951,134.1812462315631,155.5389085752182
4621352244,-152.2399689817499,99.73190810684714,116.45955628999441
4621352245,-154.25592817762106,104.0330559155676,113.60701579051542
4621352246,-152.22170671177233,100.8588773905758,109.6189960965887
4621352247,-150.04739536939098,102.35224976846392,114.2058325453236
46213523,-141.77973353890005,85.38691038799674,96.49775859078352
462135232,-140.175250855864,87.96208035363627,103.71355816373547
4621352322,-138.3130725223448,90.55227827186357,110.87584627762142
46213523223,-139.24329568464304,93.7889212545865,118.11819886226127
462135232231,-136.03716825894503,95.7428454439092,116.98877405119472
462135232232,-132.1903268186558,93.69327326398708,120.1919606878787
462135232233,-139.240146746978,93.77571887425347,118.12703296928782
462135232234,-139.15541359184678,93.80524962887644,118.11298565386636
462135232235,-139.52849806147572,92.01369272923472,123.83734993697931
462135232236,-134.89275955278535,96.94639641261395,122.85566152397242
4621352322364,-135.7614324294066,100.93573447670889,123.72413357360065
46213523223641,-133.69138633705094,98.65569581601034,129.09210140980753
46213523223642,-135.58262108920658,100.95046967839434,124.00613474206249
46213523223643,-136.58536561968734,101.66879879752771,128.93915384073279
46213523223644,-133.07624173009458,106.22403637305199,129.00920600694013
46213523223645,-130.32063014761934,101.00009002466557,126.76552049644309
46213523223646,-131.6720875928042,101.3548240898231,131.74760299733944
46213523223647,-132.72070215882798,104.2419233133674,126.1193255448389
462135232237,-134.62654999178034,89.94648089572802,116.61342444244569
46213524,-148.88481308584304,90.51458901274724,89.10108777620563
462135242,-154.21257755771495,98.21117038409747,88.86069351293983
4621352422,-159.23816720341605,106.15743899273541,89.2033604789121
46213524224,-166.00720924404195,111.44071718636624,86.84953712485712
462135242241,-165.91092789230788,111.60250604625305,87.11616307119192
462135242242,-167.2909669118857,117.71986121108809,89.93549242627658
462135242243,-165.98497785605417,111.48554737980716,86.86869398977635
462135242244,-166.36887914354642,118.39485008661232,91.67058978376598
4621352422445,-170.18167053837692,124.68548141084054,94.6707343968036
46213524224451,-170.19197956729982,124.69096346615734,94.68288425127481
46213524224452,-168.90556744623785,119.90466908756476,91.14013041083183
46213524224453,-170.06698531217015,124.68290332625999,94.7050146311987
46213524224454,-170.28110961054276,124.44948800339169,94.60058293326243
46213524224455,-171.39427087677615,128.01326442768928,96.92108654881991
462135242244555,-173.59545962817793,132.62048843965778,99.05173935527273
4621352422445553,-175.44986779567253,137.064199549183,101.49211581704155
46213524224455533,-178.03818499493912,140.82034518387238,101.04533066101678
462135242244555332,-175.78152520360092,146.18046760012336,104.17835440138983
462135242244555333,-175.1849164849426,141.2981104534537,105.55238563476948
462135242244555334,-180.84454348891583,142.6172886183809,103.7106226976351
462135242244555335,-178.0337690074048,140.835621171706,101.10271146122456
462135242244555336,-180.36984405969233,145.13905699952122,105.81095199747472
4621352422445553367,-180.12888510013093,144.98912439660504,105.62837151364442
46213524224455533672,-183.8405963188626,144.5251968729331,109.18456266052365
46213524224455533673,-182.81833694217622,147.48368137600352,110.99397075317162
46213524224455533674,-185.45601706302253,147.7377884591806,104.82707735332735
46213524224455533675,-185.96514280330823,147.57894301450577,108.87933549838641
46213524224455533676,-184.8534279438556,150.1252508562317,108.81706833724523
462135242244555336766,-183.8207904018861,148.81712058334986,108.0090259836205
4621352422445553367662,-184.34831978411546,154.3403730782504,112.16169116364223
4621352422445553367663,-189.03291343656628,153.72579279323867,107.97568166195666
4621352422445553367664,-185.6331967438959,155.72062101564944,109.51064770355073
4621352422445553367665,-187.99939027047762,152.3619343431587,113.5052360848581
4621352422445553367666,-188.54463895513646,155.105774830156,111.49315260942964
4621352422445553367667,-189.54721722949756,150.73036948843244,111.297897577682
46213524224455533677,-181.84132478211563,150.49187097796275,106.55769709740851
462135242244555337,-178.83283937091224,140.05101946112077,106.00850909348132
462135242245,-160.256822614928,114.0793584012857,89.0914147402943
462135242246,-163.58009133692454,118.8653584194126,91.99742251452496
46213524224654,-164.78733192155448,121.7102218944791,93.73026136968308
462135242247,-166.87072145970563,116.1382765004133,93.98221956307768
46213524224754,-168.56787465296105,118.60156375493911,95.88535050755836
46213525,-144.25826738366797,81.39118974437572,90.63060753558213
462135253,-143.86687780707715,82.03150797191476,89.88052282538368
4621352531,-148.21433671473778,77.81188565971891,90.16706432766212
4621352532,-141.97523240858743,78.33033872019313,92.26328412699937
4621352533,-145.92181281959918,80.54423293578246,95.81711622877127
4621352534,-144.04933105919747,77.12348375248646,95.09499061161053
4621352535,-148.36082664486568,81.5546916015372,92.85865115870503
4621352536,-148.31250321845476,77.36922371304902,94.13521263762541
4621352537,-145.07063044043184,75.48551174088213,92.33413615072539
46213526,-143.41730647320864,81.08303024598268,85.63229599441469
46213527,-144.89751404745016,83.81391792915234,87.52663493793268
4622,-80.32874833487132,21.27679797814087,58.24048176897809
4623,-94.60652814081175,6.581183131420797,85.14768777808892
46232,-107.49888585999581,-6.076400591302253,103.9153452244919
462321,-107.73238400555225,-6.7160406958393875,111.33386362000711
4623212,-104.6860691469366,-5.62129902415464,112.89898266098088
46232122,-102.72302686684299,-4.3225194665464235,115.16407079944558
462321223,-100.91242916761243,-6.6890134065064695,116.23400883613283
4623212231,-102.56263373839165,-1.6301112377209868,117.9222862731059
4623212232,-97.77788883925638,-1.6897299493165256,115.91152377863084
4623212233,-100.45647131864123,-5.677147880773821,120.89602849207286
4623212234,-96.34991651828106,-2.6640017255517305,121.41568260538712
4623212235,-100.81292533022449,-6.398862010006655,116.39778671648698
4623212236,-99.97081123048899,-0.8782880002302874,119.84314622292199
4623212237,-96.79640291149404,-5.710888613046158,117.52704222462395
462322,-110.8417394758163,-7.11716986411072,129.2134355790685
4623224,-111.86202390426605,-7.440368950532557,145.3985504423854
46232241,-112.55052838635702,-8.792318776780617,151.19921332965663
462322412,-112.68783397424087,-7.3320889830818565,150.06900425146853
4623224121,-112.80561976930652,-14.216231441802888,155.59123112905615
4623224122,-109.89829312002038,-11.382641623684986,155.65423173374566
4623224123,-109.17344079192515,-12.243646439864758,150.80485542849937
4623224124,-109.42562548917972,-14.343559875953423,153.40799786327005
4623224125,-114.2274524606073,-10.739229128866532,155.6796364086975
4623224126,-115.61806336630603,-12.772236296056015,152.4600490134678
4623224127,-112.83019031850797,-15.186764815200558,151.73451481905076
46232242,-115.86603290641159,-5.955449048216354,150.45622506743948
46232243,-116.6184888902164,-6.446699179957145,164.124632774261
462322434,-119.94854568047222,-6.071082850176482,178.18508877851713
4623224344,-123.29264622825693,-5.688836276339652,192.0938634136595
46232243442,-127.66315519689061,-5.6687878348009235,202.9970313889488
462322434421,-123.31129411416688,-4.675415612358412,206.974902581866
462322434422,-127.64563260894681,-5.648951284260783,203.0714168025263
462322434423,-130.23570642931438,-4.804974626073649,218.63392856862095
4623224344233,-131.9736048037352,-4.490004017442889,227.207434823748
46232243442331,-132.0554836671269,-4.484084590131982,227.366219619127
46232243442332,-136.92842652647047,-3.7832230204727955,238.94475301106962
462322434423324,-132.44813451209887,-6.645863814567518,245.34666446912757
4623224344233241,-137.84909066022618,-2.7189189502614624,251.09813128089712
462322434423324136,-138.48656634514975,-1.253766702286409,252.57958022551207
4623224344233242,-141.82897989358395,-2.1717298341566633,246.55123505105303
4623224344233243,-136.83035824534636,-6.249009916911934,257.93787396856914
4623224344233244,-143.0309510139851,-3.227776956566321,250.2953564039214
4623224344233246,-139.2085455198973,-0.6145196254271298,248.3858951460211
46232243442332463,-141.4647635050491,3.8756512791007176,253.59805773052645
462322434423324632,-143.23243682487768,-0.38717510320712706,247.63405161678563
462322434423324633,-141.99125318108682,2.9096697317535125,249.6665755795079
462322434423324634,-145.2663529445057,-1.5861774017600765,252.52453339947363
462322434423324635,-141.26292546268525,3.2809881344821856,253.33828455731833
462322434423324636,-141.693806919362,3.512648875230597,253.15603878137745
4623224344233246366,-141.87012662080124,2.374185127291837,252.2424654618437
46232243442332463661,-143.89168322771673,10.782592772291727,255.64666628276288
46232243442332463662,-138.68196133797176,8.057644179544281,256.638290964469
46232243442332463663,-140.37761760364737,10.692826852221396,256.3625199961628
46232243442332463664,-143.25303236024124,9.090589807270392,258.6891947304704
46232243442332463665,-141.8704920003466,9.98217837140086,252.88753428537098
46232243442332463666,-145.69534666729606,7.859889992104589,255.8799903087643
46232243442332463667,-141.66087562694418,6.4329711210721765,258.9599120819591
4623224344233247,-139.83024281423096,-5.8843290470454335,248.05958325450393
46232243442332473,-141.27442039760487,-6.389412087286964,251.65336841330688
462322434423324731,-138.73093785580852,-4.1067273549477905,253.08369816005964
462322434423324732,-144.11384787570998,-3.6706682294256407,247.05863583844382
462322434423324733,-140.03819023629381,-8.915472369401083,250.61924738817993
462322434423324734,-145.63462475688982,-4.290284937593889,252.64583481534916
462322434423324735,-144.49638861909565,-8.260594534950437,249.34655895264737
462322434423324736,-142.34735372037835,-2.0552134821829298,251.53603068772017
462322434423324737,-143.0278436724777,-8.48501844794372,252.58873318590918
46232243442333,-136.71075982007213,-4.495831574980575,232.01211101795838
46232243442334,-135.42745258386304,-3.351760520900484,229.3287211083811
46232243442335,-134.20237820684457,-4.59273142911499,236.55509547428727
4623224344233542,-136.27340471360515,-4.0851576820915545,241.82223180218955
46232243442336,-132.6527009157508,-7.495236663064347,231.74861492047702
46232243442337,-131.47393540725076,-2.282796651294415,232.1446152148483
462322434424,-129.25036586861458,-7.688438224532353,208.2861140030999
462322434425,-126.54236029359564,-5.308632401654287,208.7346851471297
4623224344253,-130.51898429740763,-9.13683449813809,210.76691872212513
46232243442531,-122.98005125964146,-4.739438404883747,209.54218651287974
46232243442532,-124.44125914071492,-5.888121510576133,214.1339586376778
46232243442533,-125.63058455771808,-2.8131254255006364,213.47472007563624
46232243442534,-129.99977844434142,-8.844458637315695,211.35590890321743
46232243442535,-128.94720012964981,-3.739094200800287,212.91737387755788
46232243442536,-124.190515581384,-8.418303336090974,211.8735939570137
462322434426,-127.6671479067198,-5.667502617993865,202.99325668115992
462322434427,-125.83786345110933,-1.9118684431170783,207.24323660669276
46232243442735,-125.52025425506713,-2.0065356245060793,209.72887981165283
46232244,-110.69055347550432,-5.074692241539753,154.38278280109614
462322444,-112.0576646874092,-6.98937848773518,158.14576486473229
4623224441,-107.5240064305383,-4.069362293444389,163.57669758776458
46232244412,-107.8518351985084,-4.209457034208848,162.9429231750497
462322444121,-104.66223404470908,-3.1321058615113153,172.22216880135886
462322444122,-106.39925703853494,-0.09814539129216282,167.6754537613685
462322444123,-107.98609984697022,-3.694986860582442,170.3857518940082
462322444124,-109.57327774586868,-3.966644238289254,167.6727407643261
462322444125,-105.52364914595528,-7.109683017902128,168.24347054030707
462322444126,-103.02230601999972,-3.207746807583804,168.625303685216
462322444127,-103.3684166016092,-3.430435436875846,165.44154304684744
4623224442,-108.52866422094652,-1.5024285708939733,157.44275073779505
4623224443,-109.77400129820472,-5.537302425623517,162.3336369969135
4623224444,-105.57664549011402,-3.722661583920848,160.10839491651745
4623224445,-106.13126982088254,-6.3688620456253275,158.14905819232422
4623224446,-111.57383398635204,-6.601795518577331,158.29480876221356
4623224447,-109.63142248489247,-1.395043821833938,160.82626775390526
46232245,-111.90760639742507,-7.354696004047952,145.66427158393424
46232246,-112.4740412597723,-3.7612500292079716,149.30631341346094
46232247,-110.73236744486005,-4.797458700343646,151.73035444977364
462323,-111.68171440581463,-13.14326593400644,110.34282457054209
4623232,-113.83906428825676,-19.305245704683824,111.10154654257295
46232322,-115.78912325564328,-25.492500310571835,112.16094923743198
462323223,-120.595274580941,-30.491900015928778,113.68105406936256
4623232231,-118.73829598560752,-31.749028820079175,117.66050595684135
4623232232,-117.93715776061681,-30.260269845288928,108.27014035329034
4623232233,-120.59065508220108,-30.494252833260088,113.67953090522755
4623232234,-123.43835683791123,-38.49562228532216,123.20407782544518
4623232235,-115.61679336142643,-30.15778769156618,104.61218774750171
4623232236,-117.70232274449918,-34.2048090907704,108.29660304884482
4623232237,-117.62514300055689,-35.445410506806354,116.07271063924067
462324,-115.81843419101871,-18.515680427738804,118.84307369764619
4623242,-122.213045432992,-29.870173654574103,128.4808503967854
46232422,-128.4546085570213,-41.0096947156566,138.23457200057743
462324224,-134.4559253728232,-49.0905599767146,142.45418810151813
4623242241,-134.12933559049057,-56.36951443099484,151.27283354830547
4623242242,-134.42625556989395,-56.355854748387884,146.76795995854616
4623242243,-130.8629964964733,-48.000328257218875,139.03914589137244
46232422433,-123.96303595663656,-38.19463168434028,123.54994489332373
462324224331,-127.44021039105867,-46.6356605992082,132.67419339554107
462324224332,-128.6558883607279,-44.3750363005167,128.98256732706187
462324224333,-124.95577946798454,-43.19872587601779,133.50550656395725
462324224334,-129.17774098064453,-43.927320821878695,134.15125319618392
462324224335,-125.30909197751987,-45.551832462752195,130.3437433032839
462324224336,-130.8330131348634,-44.04395710227633,130.99234194789727
462324224337,-128.2694530190216,-40.73520864992214,132.65659351599618
4623242244,-143.03704777137162,-64.39191869355277,159.94740856151486
46232422446,-150.14138976515267,-74.54143647830648,170.17857237048025
462324224461,-152.48894134738143,-80.67652512423422,172.35178277533285
462324224462,-150.63761099389203,-75.06547699475647,170.1689587881962
462324224463,-150.1073723439307,-74.54835330077799,170.1509467522303
462324224464,-158.96817302577895,-86.99022848759817,183.42864839948274
462324224465,-153.69933650649023,-77.76177561536639,174.6431421543146
462324224466,-151.58857083566025,-74.6247135543074,175.79749321614585
4623242244666,-151.85547514602743,-80.70686733506795,174.41119572672773
46232422446661,-153.86751627015073,-80.5686514949059,179.33445662848152
46232422446662,-150.46845206167998,-72.29396493539123,179.48924128833485
46232422446663,-153.9199094335574,-72.59128420787879,180.88799023282797
46232422446664,-149.55801814599292,-74.76879917922913,178.56642777641216
46232422446665,-154.61801197216002,-77.04894094849692,182.04612636517206
46232422446666,-151.6627936066021,-74.39458433542727,182.15576108544218
46232422446667,-154.3316217307982,-72.21912107642194,177.94160497960542
462324224467,-150.12053198852396,-74.50709255610015,170.27933512378013
4623242245,-136.52085569985934,-51.52053513422717,150.2965607794493
462324224546,-138.05330051999712,-52.291035794257546,152.16983120484383
4623242246,-137.483506382466,-53.803367336176336,147.51651346503175
46232422464,-141.94428802036862,-56.62248122351266,150.03509574363414
462324224641,-135.62144968359127,-57.99479987355347,153.14583612338458
462324224642,-135.86198792692633,-57.81019940606823,147.87883751308962
462324224643,-141.49000856425232,-56.37689003400691,149.8923067313891
462324224644,-141.73779910190834,-56.51946533633044,149.9886084995189
462324224646,-142.2633037450891,-57.07120256720469,150.51442731055107
4623242246466,-139.7267887709749,-56.527053765311614,150.7481497418468
46232422464661,-149.33690552029765,-59.52580203630708,152.6880301191944
46232422464662,-148.76738981521694,-60.848278241888586,149.82131828378115
46232422464663,-146.4977354804484,-60.02802296093874,147.8462897951922
46232422464664,-148.89989633677263,-56.835441991497156,149.63868168017217
46232422464665,-147.76508723412726,-56.049013371038946,153.08497886750027
46232422464666,-146.5729443469857,-59.582072954977576,154.66403478121003
46232422464667,-145.7802297787201,-62.237411264554446,151.80842722101156
4623242247,-132.53184574599106,-51.946545889711174,148.52091399322802
46232422474,-136.04450873161116,-52.81755556744673,152.20289986790274
462324224741,-132.80265066464588,-56.946623242914136,153.83217203311423
462324224742,-132.24673810645345,-56.717164324788676,148.25860267256385
462324224743,-132.3442118231476,-52.375769259787646,155.17269845192655
462324224744,-132.79032735980115,-49.1555052015682,150.96848570246746
462324224745,-135.14504924365778,-51.16939164041919,153.45237288250024
462324224746,-136.58804816887914,-54.649845906235655,151.29504134653672
462324224747,-130.1957870497651,-51.677137260883704,152.05291749664315
462325,-108.94727026805549,-8.01746414283146,89.71871874289336
4623251,-104.80141324693793,-10.54650336558331,72.46089750972769
46232511,-108.4988202610226,-7.302552653576633,70.776459362071
462325113,-116.9015792166653,-5.128294178807074,67.29921583942748
4623251131,-110.72741573436447,-3.0311118801324723,74.0215982946969
4623251133,-108.6205993201599,-2.2577099024149563,72.25616559838407
4623251134,-106.94995967309049,-4.501252867655769,71.92111706981582
4623251136,-108.87159097351615,-6.20188304253297,74.18011295439975
4623251137,-108.97193246595077,-2.7032269963633437,68.19430948428345
46232512,-112.1812738114934,-7.942966274521648,71.43839221197645
462325123,-115.92027517579822,-8.448459735264432,65.84745296766327
4623251231,-116.30231510788335,-5.575875570040148,75.79440636194681
4623251232,-114.46584022149646,-2.694797373257864,72.58685506019529
4623251233,-116.57278170510122,-1.5874190613442862,70.65488662291088
4623251234,-118.88367874192468,-2.853757956475252,72.00040279197754
46232512343,-123.51742613687061,-0.4261153923224176,75.17363862526034
462325123431,-119.78681392721353,-4.878226449618609,75.14818178911747
462325123432,-120.73425017304864,0.893177390260462,74.26418200238166
462325123433,-122.76118864950077,2.740785166348469,78.08994795136991
462325123436,-123.48789360217556,-0.43265124614707423,75.15150005896851
462325123437,-122.76190359498233,0.878406375425841,70.73712279548468
4623251236,-116.22941909189497,-7.9831776215461705,72.3585637311364
4623251237,-116.15033162783863,-2.417961896227184,67.66127157496454
46232513,-109.99428741221931,-14.095753857822258,77.96253113874752
462325132,-111.42048322985444,-18.879934925238466,85.11780504865516
4623251322,-113.3042541447641,-23.8295720612766,91.96003011154971
46232513223,-114.42538128718344,-26.48272444810396,99.24896021141309
462325132231,-117.27115922297388,-30.824491662147963,97.21037038101403
462325132232,-117.46246213887889,-29.451982536214878,103.93981207888979
462325132233,-114.42094392999493,-26.763877617594787,99.09550642033356
462325132234,-112.60168075007273,-31.260558372253158,98.98896403336838
462325132235,-112.72484602814616,-29.750148720021592,92.26600957312104
462325132236,-116.86621187672591,-33.23469470460861,103.41559933808955
462325132237,-114.4321351628918,-26.515520792537053,99.26857524832718
46232514,-107.97702423287366,-18.03441995692772,61.19816329846361
462325144,-105.77400754827964,-22.59832823177483,54.03401375599409
4623251441,-110.2451205935894,-24.818508330562597,52.4925727352557
4623251442,-105.83414815480253,-22.70345126280369,54.0135429668505
4623251443,-105.49273643032585,-27.981217896544383,54.34185531554224
4623251444,-111.9715994000652,-32.02644080609074,54.229430651030796
46232514442,-115.84088926662973,-38.05802815773055,55.02266786727412
462325144422,-119.39098553957305,-44.118426105058816,55.42532753767297
4623251444225,-123.26446636649071,-46.3732641608999,58.496692082995416
46232514442251,-120.97846778206954,-52.24851581704192,57.68950171103654
46232514442252,-123.26817969962175,-46.83810666632797,58.21890849444313
46232514442253,-126.43906109159481,-50.26497824220947,54.65892812660961
46232514442254,-125.32400145606022,-52.02692798975219,58.515956128850576
46232514442255,-126.50118560168822,-54.99603833622231,57.05690785260613
462325144422555,-129.4929693304184,-59.21604797709238,58.036570070361165
4623251444225553,-132.33007971803414,-63.5750736696736,58.25482419221689
46232514442255533,-134.17893533325957,-66.50453416179953,61.532154004615684
462325144422555332,-138.09131486653132,-70.17903862870578,56.178599988029205
462325144422555333,-134.20841694054755,-66.53779528082373,61.480284577525126
462325144422555334,-137.16133560809382,-68.95490649134906,61.63940025319103
462325144422555335,-136.2793619153276,-66.05345601260935,58.50000429709399
462325144422555336,-137.60668683684958,-72.1128688799983,60.63988918331094
4623251444225553367,-137.52509096589466,-71.81553299652943,60.34496712880451
46232514442255533672,-136.91711143417274,-77.79075772317596,62.06300772983534
46232514442255533673,-136.98801409252644,-75.48445423102746,65.55847890867885
46232514442255533674,-141.89985075904556,-73.18440229800997,63.717497601754864
46232514442255533675,-140.70731340210133,-75.72590254351167,65.81334206827871
46232514442255533676,-140.8252080090908,-77.99121269030803,63.52878623471147
462325144422555336766,-140.01163878098166,-76.63833542117237,63.06546934447312
4623251444225553367662,-142.24684772303243,-82.75854401993368,61.44164514087264
4623251444225553367663,-144.1063915399068,-82.39286335665902,67.08811374608128
4623251444225553367664,-140.347750133138,-82.27491712179037,66.64007064690595
4623251444225553367665,-145.38450163629713,-79.42974612395382,66.08315866048038
4623251444225553367666,-145.71991489002832,-81.6287604205321,62.92760232316399
4623251444225553367667,-142.6440331484785,-84.28702110068718,64.4249345634461
46232514442255533677,-140.9494480165216,-76.62132146671512,60.24127879540502
462325144422555337,-132.82837695691538,-69.95854404127873,58.06574960491162
46232514442256,-122.29328755189556,-50.245927729385365,53.21108049101859
46232514442257,-123.52103058363518,-53.36905527674313,54.929888057655745
4623251445,-103.83707362933595,-23.424283222040017,45.00689710140866
4623251446,-106.59955113965472,-31.716125843211167,53.07654668670218
4623251447,-109.84396921011124,-28.12052621496531,52.505373415701115
46232515,-108.78877158215137,-10.445007740041161,64.01561468786359
462325153,-117.21838867126293,-4.066459545534702,66.70524462517217
4623251531,-110.33968647623739,-8.120626634480264,68.49114950651095
4623251532,-120.71473808924924,-8.20461992180858,69.9509275792938
462325153234,-124.94856572043068,-5.20768657030524,70.70327354959616
4623251533,-114.92628512284108,-12.090562644210863,68.03317100548487
4623251534,-113.80256655502451,-13.152400716421294,65.59283079039623
4623251535,-111.9421943926568,-11.88107761271553,63.90082882845099
4623251536,-110.95816900525882,-11.828083387093782,68.02851148572303
4623251537,-112.27142093974403,-8.9970169519747,63.10077613782155
46232516,-104.85606951934645,-10.524077779392918,72.42411113776626
46232517,-106.97789647228468,-5.75560056972239,64.4932805000335
462326,-112.87383471032481,-6.403708656167022,114.45202475884923
4623262,-116.59367646749068,-4.774309014132713,119.34522485816257
46232622,-120.00390766754764,-3.360809771491516,124.27817811187056
462326224,-125.78762945243439,-3.5006886588699566,130.6318494008244
4623262241,-125.7919601085261,-3.4628519684696273,130.63332796946665
4623262242,-120.6786837782807,-0.9115091899949637,128.60298997436846
4623262243,-125.59994223237577,-3.51900179091633,130.48616993487138
4623262244,-128.83883771314927,0.10007098041811896,133.71929126353388
46232622444,-131.2654086765487,-1.8031022795194835,138.31316102068084
462326224441,-131.41539435129482,-1.5936697311080623,138.31480623927138
462326224442,-131.7945065370572,4.054646366276589,139.70214482729406
462326224443,-136.45906928373032,3.5411996450183785,140.16116184101557
4623262244433,-139.20863842520652,4.746103302882444,142.85538553608413
46232622444331,-141.92056983139017,6.062755697267621,145.4039521077054
462326224443313,-142.4749357376277,4.433309214734225,146.7132598149758
4623262244433131,-148.1670261691043,8.431011437067788,147.29557806854598
4623262244433132,-145.71954295656835,10.421035343066423,146.33134812172642
4623262244433133,-143.93666481469498,10.179249879953709,149.82771284251848
4623262244433134,-148.64565955276245,9.708714158125362,151.1660412900191
4623262244433135,-146.9424919131582,6.36921525391505,149.39458723485313
4623262244433136,-144.91737590626533,3.8973182619557187,151.53826626676755
462326224444,-133.03071563879956,0.4720874525542208,139.94005742814787
462326224445,-136.4217184418013,-0.03128366256273326,136.82642639371056
462326224446,-135.22684406311888,-0.315736925128583,141.85690164812684
4623262244466,-138.6852413687916,2.903854008214709,143.38908090008547
46232622444661,-135.577485451051,-0.04975966725638762,148.4164475871247
46232622444662,-133.89562394084047,-2.3482924368979026,146.6790984535233
46232622444663,-140.3391817090914,-0.3693655155358446,148.91398914534818
46232622444664,-138.4181469049693,2.151549220430766,143.76890015585334
46232622444665,-137.89417496741842,-3.7412370159014388,147.7337750863203
46232622444666,-136.20399340220774,-4.69271619163145,144.6928919929787
46232622444667,-139.7055259471871,-3.4185340979181,144.05549941881296
4623262245,-126.08710892659902,-3.334188228793603,127.52017687719267
4623262246,-121.93460926634414,-1.899049439629025,132.2543375646537
46232622466,-123.43418290840415,-1.6299240820968404,129.7271068185567
462326224661,-117.3261152811787,-1.8386193777925814,135.80927725205777
462326224662,-122.74908292304838,-2.7965757340284294,138.04460393676902
462326224663,-119.58684055574525,-4.181054435470591,138.0253991895201
462326224664,-119.58048196252058,0.042229080607916025,137.2615159640409
462326224665,-118.08831332511,-4.143217156228573,133.4657491412894
462326224666,-121.33204052320863,-6.2291114601120965,135.5026964556876
462326224667,-122.62193716403974,0.37858446683558444,136.54167593677872
462327,-113.46249065738243,-4.952542286106244,112.49618633051027
4623272,-117.34843945705825,-2.788803698044165,116.56102695468303
46232722,-120.91343284417142,-1.0668165221751027,120.79759007468236
462327224,-124.33693427967104,0.8636888120798212,122.07196729838897
4623272241,-128.34518816762665,2.397049120555421,124.75000223774984
4623272242,-124.40068478561149,0.8845105766023941,122.29096471551473
4623272243,-126.0643132994506,4.454875875663752,125.79572653633193
4623272244,-129.34888626614728,2.7576984664272737,128.70499323028756
46232722444,-128.29646036378574,4.05437729162616,132.71463048488292
462327224441,-134.05930597928042,6.476640568816637,130.1712776717025
462327224442,-136.38906374615098,4.792084770969459,132.61732995296617
462327224443,-136.89928542328465,6.974336755715603,135.96110340369964
4623272244433136,-143.2547961799672,9.637109666696654,143.0696307874899
462327224444,-134.6484192167885,2.3003338741877224,130.65425798670924
462327224445,-129.7202744085408,4.383304162217308,132.60293912466707
462327224446,-133.96308997862315,3.3182305992432526,135.57706076354341
462327224447,-133.02648622622473,7.851498569327819,133.84298499465993
4623272245,-122.27679459031172,3.212030606896685,125.74993973686139
4623272246,-124.23973609046196,0.11769373591596663,127.46172166942156
4623272247,-127.06323392655102,-1.3788213036215338,123.73334157460384
4624,-79.33725568773588,23.271819556244086,61.19213343025621
4625,-89.80848807278394,14.62523403666593,44.548335439814394
46251,-95.5288946216757,6.606923482262672,53.51102784761925
462513,-101.23671779951628,-1.0930866509073376,61.859622386385084
4626,-80.11356261056501,21.40183912789082,63.8901668906623
4627,-78.55236491593969,17.685461053176176,61.85207834715354
47,7.99030107937643,47.89859616536774,35.33898354797974
473,16.58838507870021,65.86155353878199,39.22547498430157
4731,16.554623014949712,66.06732026481077,39.29361037519809
4732,19.536105007026567,82.3551926652439,40.6233367477288
47323,25.15633131757268,94.1382821167844,39.79987444149031
473231,20.633440558338776,97.53085189675916,42.75301336121399
473232,21.95950436683908,97.56068697280222,39.438320338856364
4732323,20.52542563756287,99.23885425594078,36.756828655175696
47323233,20.531817977851958,99.23141343334227,36.76847127316888
473233,25.083584975141203,94.26291841128476,39.83794534740241
4732334,24.60040491806339,90.85522040785155,44.974759697086924
47323341,27.267591299425803,91.1726633144452,36.65533388298975
47323342,27.320219977035535,94.17024007167555,35.343945590395656
47323343,26.48348061291851,96.79138142748539,37.14700748014839
47323344,31.04082147785072,95.3977577572987,39.784163062976994
47323346,30.147101993418826,93.12591870396524,36.66890137136361
47323347,29.388732469238164,97.05476867504683,37.883289577493635
473234,25.821464037698423,105.47469878645431,39.473457839965164
4732343,27.869056124395556,114.03940127656954,37.82776656053059
47323433,29.64825992792949,123.19601067155928,35.543666819230594
473234332,33.621657995716944,128.89857937313755,39.26985514879738
4732343321,32.696950830010174,137.27501332246914,37.72315132112906
47323433214,35.97127050260544,142.10863958151916,38.022169862502444
473234332141,35.81370029848202,142.11018516571923,38.31356818503655
473234332142,35.822361648784025,149.45113729793135,43.243179784633575
473234332143,31.42121993110105,143.59653137339942,40.741414873685926
473234332144,36.52210548683697,141.46571627806858,43.84252677591256
473234332145,35.02863758939869,144.5941247949806,42.259066293217344
473234332147,32.447332364084595,142.32125064754746,44.27519475013824
4732343322,36.75530453755984,134.26042101632984,33.78712839419275
4732343323,28.0912112043515,133.37930428094657,34.35074046108124
4732343324,32.48496894606213,136.82700353818714,33.03770111948683
47323433244,32.910253261710785,140.77017751117432,31.041685430167387
473234332441,33.19421185970286,144.33838447785692,29.09194042699845
4732343324415,33.48614317479498,147.6582115819887,27.27162231890787
47323433244156,33.852161658375586,151.23029720799587,25.55883283617322
473234332441565,33.827486443246926,150.87578909063208,25.795993584505073
4732343324415651,30.57928359628921,154.6392321339768,22.89139429330258
4732343324415652,32.12848865187626,157.20464154816375,24.925968757904972
4732343324415653,35.67276796371493,156.53972620282775,25.99217180545146
4732343324415654,32.99815996193029,153.05132723457345,20.414291477522855
4732343324415655,34.507940462646324,159.1283868682301,21.19418152103206
4732343324415656,35.87500421610667,155.18364034624955,20.418999828315137
4732343324415657,37.6228190131864,154.17457313776416,23.492082254920703
4732343325,29.772593329518717,134.70316763919425,31.456713351870377
4732343327,31.896499983934554,131.61638382182247,31.364668411189392
473236,25.358231266632167,103.048531205354,41.16536229130939
4732363,27.13298912527903,109.58620280894007,40.615124804571366
47323633,28.756632964841593,115.98115197726887,40.7343171715016
473236332,29.562579980895762,124.07437652230705,36.342236270064475
4732363321,27.211085116572356,121.31169174467165,39.448936500069664
4732363322,33.390718504710904,121.2863547785088,41.80162008612078
4732363323,29.659976613436488,121.01798847955033,43.44832381148943
4732363324,31.305562242007234,128.44789085855615,40.11892917949688
47323633244,31.435682404449537,132.71898230057414,34.35790944428267
473236332441,33.5040892911228,138.01106532606886,42.334680165939936
473236332442,34.29759992300127,131.1947930658818,43.83841373656906
473236332443,36.45463765268433,133.4435896473556,41.602117978883506
473236332444,30.44850439506834,132.10341194104004,43.50160118712929
473236332445,34.32942287664783,134.1742360235444,45.18479274093288
473236332446,30.32168220937217,135.31003801475018,43.78197767159913
473236332447,33.716375858213134,136.35417424422224,43.1381029678425
4732363325,32.39608778594365,124.73802196791499,41.089696010316985
4732363326,28.025423437124157,124.41040219850095,42.14984354666197
4732363327,31.851977429613882,120.07843212152713,38.38118257330397
473237,23.098675800674933,99.60021479215172,42.29567705447651
4733,14.271985386052629,69.95638526756616,38.17445796428586
4734,15.476276128617425,68.24326125778028,42.82446615426128
4735,20.4262240659966,77.92494101848003,45.13943168901568
47353,21.5911903747229,85.91595111848066,51.26370123979878
473531,29.035533298135704,93.0928499269057,56.231549563680325
4735315,29.92110819840012,97.90953067006679,61.23641263772514
47353151,29.97311568210862,97.94159193751598,61.25124452725168
47353152,34.66204141673075,97.37460017647619,60.873875932458155
47353153,35.383011329068374,101.27232804125786,61.29451429866988
473531533,32.917802907291716,99.63797328242961,62.034020056906314
4735315331,39.57509376661349,106.40127526854441,59.613745298418486
4735315332,38.99652329087585,105.46413337467888,62.83605256698151
4735315333,38.079925162229,103.10242372767252,56.631059347028376
4735315334,40.93631479438015,100.94567366347873,59.37979154101261
4735315335,41.245815718864336,103.88066358524155,58.52593809926105
4735315336,36.2308754393576,105.90394094804333,59.030275344564025
4735315337,40.660310478409016,101.93186347435973,62.49148305286754
47353154,34.58371691610751,97.80545076648188,65.27075190449472
473531544,32.683372814731285,98.94796818930311,62.84679513370368
4735315441,38.64333231481295,93.7796380867956,68.6045406329857
4735315442,35.85193798208843,94.61852682437264,70.80354711174294
4735315443,39.70367086328332,96.75978900152876,66.43379695446524
4735315444,33.40328886577979,96.13468467588403,69.73659474528802
4735315445,36.96647512385935,99.34995240579876,69.59784008034705
4735315446,38.820211942828294,96.88377674531979,70.28857866098537
4735315447,36.461254367355565,93.16668639506031,66.21767915850764
47353155,30.422693925168705,102.0407550318722,63.757569460655084
473531555,32.1553227314295,99.81332536653521,62.743358924060345
4735315551,27.376963639152734,103.40845885811027,67.91624689335733
4735315552,27.06211137846924,107.7336997222396,63.67168990818269
4735315553,30.30471026307988,106.17213073244086,66.12581091675457
4735315554,24.757202744293537,102.62415278949497,63.939258138858875
4735315555,27.15815732687265,105.51133232803608,61.27678654096945
4735315556,24.592041525194233,105.43308120005642,65.60500123245882
4735315557,27.342714143740313,106.7040789651633,67.33844204157953
47353156,29.939755288012947,97.94377417566992,61.23744354249458
47353157,34.96721605645222,104.4021745984614,68.026812259027
473532,24.57263497490902,92.90278986234797,45.9137297876862
4735324,25.305788195404393,90.67183524455673,47.14525688012303
47353241,31.83816628967549,89.311570363746,42.56365256072593
47353242,29.80840082584848,89.73796595162108,40.20560975513128
47353243,25.80195003049565,92.89338994953108,41.79231791956663
47353244,28.688523489359127,93.81680538876559,43.494046417291365
47353245,31.509856519643897,92.36465009023857,44.76047418434428
47353246,29.791021211069598,87.70546605154117,44.45325001938368
47353247,27.39776473687674,87.68317754573418,40.38778739316761
473533,24.484512749664958,89.23879651024971,49.61157803403657
4735334,24.635495948255528,87.61764142553518,42.81909918631755
47353341,24.502287257298516,92.48352069098975,49.99833362168495
47353343,22.438195390631208,93.73034564954213,47.92610930593011
47353344,20.75605294901403,88.89349880610011,47.54578424285028
47353345,24.481211584838647,88.1118495547839,43.4584292096091
47353347,20.600751926374038,91.66753141466737,45.55843105293272
473534,21.73733882258192,85.96412137517433,51.24863684155277
473535,24.30032864942321,87.29778528153615,54.79723433039343
4735353,22.724256399200257,86.79638254337934,58.35500953073196
47353533,22.144134466454982,86.74626090834872,61.93312378238013
473535332,21.52145097081753,86.66195412882676,65.42252414259491
4735353321,20.718049919984832,86.62578995926907,70.56447972649322
473536,27.648098224215396,85.90641426687975,49.626075490597806
4735364,25.476464724843932,88.92358409678337,47.53486402841904
47353641,32.50871209742017,87.26360066473589,46.163912976133844
47353643,26.21287016585743,88.40380858716752,47.60631106547213
47353644,32.02234366621021,86.21875832634036,48.95833911787562
47353645,31.32312206071549,83.6467609668817,45.88348471300545
47353646,29.371455460414897,83.3749171715397,48.98200020255504
47353647,27.90062590603923,83.18310928301692,44.70989237178137
473537,26.493081936348727,84.47484546128796,52.219296924534675
4735372,26.646738141042746,82.29208307020428,53.68569419415242
47353721,28.60936886861191,79.06740928917209,55.957193190595596
4736,13.99280955551374,71.79197612570833,41.754258296398746
4737,18.805848144905774,71.23783816456945,39.831119301859815
