# 3d layout of the graph.
# Machine-written by spread_graph.py, do not hand-edit.
# One line per node: position,x,y,z

,0.0,0.0,0.0
4,-0.19612207814425164,-41.27399084040394,7.487218342165599
47,7.5908086489372435,-55.69336851129128,17.213495469616024
473,22.909284621042477,-84.65862865503692,37.17760498281505
4737,22.162293571109164,-82.78737483070671,35.57260081080147
4736,21.797496360202878,-82.96885639172636,38.041449406707265
4735,25.85908444395913,-90.43112566459168,38.217321079791716
47353,31.973379565382498,-101.99375455234868,42.329536772678544
473537,31.15504641809082,-101.67474908644887,40.1795331767409
473536,34.16380169622759,-102.05948729126149,42.474068781990596
473535,30.835853618240833,-103.99898589381458,42.156298468326895
473534,32.972562222909545,-103.14177331093798,40.586858591435515
473533,30.67280398165927,-100.33450127159723,44.03351360398149
4735334,29.13080648713021,-98.15897244026597,45.94389985856566
47353347,28.689786137996602,-96.64174651157168,47.543808915806196
47353346,28.44873222892372,-98.532983949903,43.80708047800717
47353345,26.8671074459528,-99.02845336879219,45.51789357054933
47353344,30.2212941375562,-96.42195272293019,45.08756330032899
47353343,27.408927660297753,-96.66483163737621,45.474266141988195
47353342,32.19051723577156,-97.90410160523344,49.418960463683476
47353341,28.006567984480114,-99.5175047187561,47.59840193358782
473532,33.46950828806531,-100.41758258049153,52.73959290856788
4735324,34.69145505556261,-97.90272586560489,52.80246882111876
47353247,37.144891911366386,-97.59765148422194,53.26930267090118
47353246,36.63309964912427,-99.44581034714014,52.257445836548264
47353245,34.31769694566808,-98.28579433934961,54.68129227882115
47353244,35.92767349510678,-95.94761305517858,53.66905633931245
47353242,33.740171592119715,-95.79111391188806,53.54492472740005
47353241,36.06375794930025,-96.21171460947453,51.06688668870858
473531,35.520667416072556,-108.54879296247601,39.86597507783891
4735313,37.20424360602447,-111.33314791857352,38.93575388917811
47353133,38.96742041813241,-113.95039695716872,38.21696517660451
473531332,41.64885115307457,-117.5577258377265,36.73044244946871
4735313327,42.7529898391923,-119.37924569313924,38.790731442892465
4735313326,43.62112354903567,-118.07585227585271,35.92830073992825
4735313325,42.02863391535053,-119.74467931643724,36.514819842030775
4735313324,39.867294061828765,-118.86937054834591,37.42729753989357
4735313323,41.8873966882919,-116.41357853457123,39.79749507080481
4735313322,41.24447194468415,-116.64233713857764,35.00312370927186
4735313321,43.48206484134547,-116.26066458444146,37.45954492678676
4734,24.335700361009014,-84.00685907266967,35.41986187750931
4733,21.073679117833706,-85.69437811507032,35.974727083631485
4732,24.932300432394488,-89.36037465181666,45.207851018685204
47323,31.820624054777642,-104.09350110146671,64.6413404590621
473237,33.18690804966547,-105.25641687780323,63.24090618062675
473236,32.86127738145686,-108.66226353344851,68.67597248141217
4732363,33.463880177382606,-111.48040114159933,71.24699856222763
47323633,34.13409965007225,-114.1810992829352,73.95766778316164
473236332,35.34120275590128,-119.28855591620164,79.08884696413605
4732363327,37.55806296685056,-119.97578523403023,79.91782771097971
4732363326,33.41842499628147,-118.93561865862247,79.99960983297011
4732363325,33.78749795843757,-120.04516774699054,77.90592622096405
4732363324,37.14583856665238,-122.17161212970088,87.79483736573815
47323633244,40.317172071678954,-130.88335084965215,92.70484685420408
473236332447,42.051152770583755,-131.81961300750734,91.64807122503818
473236332446,40.99599257243969,-133.36507706507442,92.55333800301564
473236332445,39.560358428563795,-132.83982294914415,94.17212948096083
473236332444,38.759582210826906,-132.9813453813183,91.43086370276743
473236332443,39.12265692430994,-130.5280338868533,90.57481417479825
473236332442,41.85951892212578,-129.84287384382102,92.85037984512874
473236332441,39.32403883399767,-129.58552638946202,95.95061067528795
4732363323,35.88275974027515,-121.41428247055562,78.74080734255197
4732363322,36.474316280077254,-117.92707337267791,77.82175457751302
4732363321,35.9669821318286,-117.974865907113,81.59616447138688
473234,33.11741737584175,-107.42662840863436,74.5636358482486
4732343,33.75458568279644,-109.43631669524802,78.57353929266688
47323433,34.51827168709071,-112.00255710569068,82.2349833866005
473234332,36.83213559843341,-119.51180665470932,89.89564142055895
4732343327,35.291051423626435,-118.40995878086504,91.34425782579976
4732343325,38.346219886442725,-119.88112287093351,91.30502324593124
4732343324,37.721640935291724,-117.691133105111,90.46273160632421
4732343323,35.830309598163865,-118.3280343542576,88.45458718830726
4732343322,34.84458437141136,-120.9959382543321,90.91414804692602
4732343321,37.57062948149875,-123.75586374347903,95.02194317795113
47323433214,38.4255235335789,-127.71411918819513,98.92086607147978
473234332147,38.16546186169779,-128.31790423635874,101.2922643223556
473234332145,36.48990974674088,-127.97328949549191,100.2253420866293
473234332144,39.32832266504128,-129.72467912685164,99.88348940528137
473234332143,40.66879086904025,-127.28462800092221,100.86212171907928
473234332142,38.4904528787508,-125.68869650489836,99.94712771739357
473234332141,35.91258124071242,-128.13845984386936,97.89400318572189
473233,33.33381213995153,-102.61458979417958,65.61392087237283
473232,30.608836079560014,-105.10505618553228,65.8728510935138
473231,30.45952395151239,-102.46885244003772,64.60818652648749
4731,23.90413785787427,-85.29344803380108,38.62714629448169
46,-43.34129050610007,-56.4080184000109,-6.195052745009445
462,-98.79051064680199,-76.03669213972461,-22.2342822539602
4627,-98.10395516383298,-74.2923269562083,-21.54464248209589
4626,-99.3848215818515,-75.7503547448675,-24.525043474157503
4625,-102.4180989792991,-74.08790571210679,-19.33435366140238
46253,-103.87856688751707,-76.53918899781272,-18.437245316577197
462531,-104.81483235988253,-79.25206198732141,-18.064392138760237
4625312,-156.36451700044827,-135.68232396276088,11.393116811267598
46253127,-156.9017732561864,-134.4419049489286,9.552197140161844
46253126,-155.35027516875218,-134.27998617127145,12.819634196674535
46253125,-154.56491498876173,-134.74199324754366,10.354169867650846
46253124,-159.41959985001353,-140.94268449861397,16.944387472663042
462531242,-160.97994909521296,-143.84826873458235,19.736667301706255
4625312422,-162.45010121350649,-146.56199810248253,22.247266717995952
46253124224,-164.32097897716545,-150.9915335075013,26.69251934260037
462531242247,-164.8644061513004,-153.34196323373487,26.30852985461647
462531242246,-166.1453649710693,-152.36009452292464,24.608519710818214
462531242245,-162.99576459093876,-149.94254956764019,25.717403954477014
462531242244,-165.7519017267389,-152.18107824808223,28.335603478422602
462531242243,-165.2362069820218,-149.7947583617863,28.224610962084334
462531242242,-167.32462076907944,-149.79909453866355,26.145716110106623
462531242241,-163.1463169779119,-152.25358781472406,28.00466182407453
46253123,-155.26804551744175,-138.15828568291857,10.711376914638985
462531232,-154.26874797686446,-140.5461352689188,10.207579457805082
4625312322,-153.35265633983425,-143.0543857646425,9.809309460557667
46253123223,-152.33155486032396,-146.52808904784888,9.490089209849884
462531232237,-152.95826230432283,-144.63470813147475,7.502983871895783
462531232236,-150.24994144933922,-147.4862566812101,9.366069138232435
462531232235,-152.32241632157815,-148.55859894417128,9.015815892718697
462531232234,-154.04667150990016,-147.3782157341106,8.265043225621733
462531232233,-154.11769509791742,-146.8791687075044,11.27244442416248
462531232232,-151.02203843566946,-146.19596804493335,11.054422759723714
462531232231,-150.68273229898384,-146.50362399501634,6.91715851022509
46253122,-160.37762229000433,-159.4157740484082,8.054359599283387
462531224,-163.68813062553917,-177.32110441511853,6.586596224919534
4625312247,-164.39812593745205,-175.4112206038336,7.048848228154068
4625312246,-163.37679539404016,-179.50431876775352,6.098486003299631
4625312245,-161.5430464887006,-176.6970010733689,6.8617039027763616
4625312244,-162.55290889292306,-177.36426413876487,3.939746045788394
4625312243,-166.42816463083227,-189.71053455437135,6.394488007858101
46253122434,-167.56569063864634,-194.7815127105463,6.480994609273232
462531224344,-168.6509333285451,-199.7479559443015,6.579833141677489
4625312243446,-170.78509581144868,-211.54949464226547,6.8031334284826235
46253122434467,-170.90982456068514,-211.2243636889971,9.051365002473586
46253122434466,-169.6869759776901,-208.9625812314789,6.640917115769776
46253122434465,-172.89956898715616,-209.08543708642495,6.275750611127628
46253122434464,-172.76713586295537,-219.99930658523832,7.538723917993386
462531224344646,-174.71542773609445,-228.78033553720633,8.19765054428858
4625312243446467,-175.1833815954136,-227.28425233924114,6.589883308615603
4625312243446466,-175.49873778901306,-234.84052599007117,9.527057121430284
46253122434464663,-176.27801937432335,-239.56655601532532,10.013434470220126
462531224344646637,-174.8044116535619,-239.51796605743854,12.176253477996434
462531224344646636,-178.08415730015747,-240.75036038690348,9.423404396844429
462531224344646634,-176.48120530317817,-241.87529956120093,11.212385002418216
462531224344646633,-178.42413987112522,-239.66440317989336,11.738871753958836
462531224344646632,-174.9039120190954,-241.13857177270322,9.604883811140944
462531224344646631,-175.99896405550476,-238.9239081189373,8.152957904187303
4625312243446465,-174.17144083509862,-228.17546214199157,10.375490673938204
4625312243446464,-174.34540540408648,-230.59418931615556,7.8483208117069285
4625312243446463,-172.66010086038284,-226.41515557077372,8.104957146141889
4625312243446462,-176.67904768048578,-228.75345429147578,8.310771611105036
4625312243446461,-172.4768594906761,-229.32647324713727,6.763290588403863
46253122434463,-170.45610432898076,-213.36932064815525,6.152370347426739
46253122434462,-169.1404574766517,-211.22107669086682,5.6266691922122805
46253122434461,-172.8882056353783,-211.92548760775765,6.2471787891482355
4625312242,-164.30533511076732,-178.29418405968627,8.217245323086992
4625312241,-165.29068714458418,-176.76918688881702,4.779428882548175
46253121,-158.19548285015958,-134.5555372239045,11.933649528809275
4624,-96.63298800624517,-76.07610657053124,-22.598984129201526
4623,-107.25037249350596,-85.1163784418595,-52.54220574043706
46232,-120.38504834884027,-97.23062514285945,-94.99713722759563
462327,-124.14133766816808,-98.27380358388898,-92.9314942959132
4623272,-127.28836891572209,-99.7091353439492,-91.2095307645711
46232722,-130.24214053701854,-101.59750418241308,-89.64766380586917
462327224,-135.9556051118109,-105.53103443302592,-87.32945172210762
4623272247,-135.70741350507893,-105.82545584730062,-84.60010405029959
4623272246,-133.83881929578712,-109.61592957908874,-89.44966555773905
4623272245,-134.71887139940725,-108.27329334066465,-85.7326355235149
4623272244,-142.38201111546974,-109.57356999769958,-84.67426643696541
46232722444,-148.354200464518,-113.33517572822097,-83.27067543904528
462327224447,-146.24858194734958,-111.83634831197922,-82.44518930552576
462327224446,-150.01355247921572,-117.26402546857254,-88.09164782746318
462327224445,-148.71299453902824,-113.53843521727322,-85.21307290430191
462327224444,-147.2244790518432,-114.84443533902045,-81.35696629987314
462327224443,-148.75117543563468,-111.59826173775488,-81.37954269558927
462327224442,-150.22801462876754,-112.46974521883078,-82.63641823491274
462327224441,-149.4611508523435,-114.69441666575909,-81.89313352020665
4623272243,-137.76171999970975,-105.67854363578924,-88.06429563432975
4623272242,-134.5166863226041,-104.21314524054598,-86.9486263377682
4623272241,-136.93493843239244,-104.39702748732421,-85.9094352569509
462326,-122.39932701412653,-100.66008816034893,-94.8574505652779
4623262,-124.63364470187514,-103.90982224366644,-94.34370314281198
46232622,-127.06960037926197,-107.10141371502247,-93.56814195100765
462326224,-132.07970868284283,-112.9493385253582,-92.0582926036342
4623262246,-127.29955191898756,-117.74001443583357,-93.15428408510309
46232622466,-123.2617265102736,-122.11483098622155,-93.83902337956062
462326224667,-123.87920462441261,-119.72740586790276,-95.91984146724764
462326224666,-122.19495081321884,-121.72380512788025,-96.5644153535039
462326224665,-121.97075063117607,-120.49102869081251,-92.83526193478127
462326224664,-121.07617407578286,-122.48114522122498,-94.45140713467947
462326224663,-123.1689425460589,-123.775199556309,-95.53893381263741
462326224662,-125.09164451544332,-122.96119539584424,-93.91518899500636
462326224661,-122.62851701843303,-122.99591846872707,-92.53229782784348
4623262245,-133.76841707991588,-114.16473158257108,-91.92006513281882
4623262244,-142.37723013380162,-117.46841242406077,-92.39125395631031
46232622444,-151.20000243280592,-120.50670375529627,-92.84127068211177
462326224446,-154.57352821090444,-121.37373446917313,-100.49810292773171
4623262244466,-157.7168028785124,-122.04691403344557,-106.86984961424993
46232622444667,-159.16984735610043,-120.69593267455602,-107.67555813924221
46232622444666,-155.9953536794076,-123.33090518774272,-108.39538500928117
46232622444665,-157.539860430812,-121.80745826878719,-109.29901013537787
46232622444664,-157.80907757131274,-123.49053962693704,-105.46189921344936
46232622444663,-159.046038829629,-123.27036381124151,-107.97895472467786
46232622444662,-157.52054740803848,-119.75646292388278,-106.40416616394674
46232622444661,-154.80436963953716,-121.48241486959029,-106.75261548499844
462326224445,-152.08664009406087,-122.37922062604557,-93.84496267629436
462326224444,-152.79921868436648,-119.32363424708693,-93.1896491653237
462326224443,-155.70147282500676,-125.93720764803524,-91.41823907213806
4623262244433,-157.95027446419584,-128.57627410198356,-90.84560129908401
46232622444331,-160.08663019004885,-131.15692433887617,-90.36357727880257
462326224443313,-163.785668676468,-135.19427796908863,-89.74894723362307
4623262244433137,-165.19807974919433,-136.6901588459744,-90.30714082061749
4623262244433136,-164.3374305379375,-135.94442370037956,-87.6264936124619
4623262244433135,-162.4987916544158,-137.67681447447927,-89.93818131482108
4623262244433134,-161.70226310184762,-134.9302879444681,-88.10290212732603
4623262244433133,-163.92966985353877,-133.28690466544327,-90.8045328295209
4623262244433132,-163.26899513800157,-136.0798860380936,-91.88130042509273
4623262244433131,-165.75739138975098,-134.63039907694682,-88.99327255174128
462326224442,-149.30067085827528,-120.32588164402176,-93.5684124530793
462326224441,-150.92919479572197,-121.8749895354711,-90.6602520753769
4623262243,-130.70637555198033,-112.66705047318716,-89.71741665421297
4623262242,-131.27387757975868,-115.12329438168987,-91.38648521216896
4623262241,-131.35026878533452,-112.73164522006367,-93.8405055757056
462325,-118.72347541508394,-94.77050325187064,-92.32305612507858
4623252,-117.10178070743514,-92.84376084996501,-89.94452780017276
46232522,-115.26786888703218,-91.30937264466564,-87.66446271347786
462325223,-112.60599504654263,-88.55409155597839,-84.98620953218867
4623252237,-112.1276307472415,-92.49691684051409,-84.13999791699518
4623252236,-112.43625531559533,-87.92414260723085,-82.94540707042995
4623252235,-113.15475552500119,-89.99538758668412,-82.3978909224577
4623252234,-112.75819830225056,-87.55112159880436,-86.02914545265172
4623252233,-114.58851679769974,-88.70150967304524,-84.16601239694026
4623252232,-110.64194522118744,-88.48213963063651,-84.18385837204498
4623252231,-106.34713033283231,-93.73256992721163,-87.56009477653798
462324,-130.8020722282612,-91.4543612856391,-118.28153329599374
4623242,-133.40997729784974,-90.12058128340992,-124.28354611653239
46232422,-136.10834702051753,-88.92075245039568,-130.67953311482506
462324224,-144.31314243395815,-86.13318003917522,-150.92574157150224
4623242247,-141.44496116206759,-85.92117630431159,-153.41287467344088
46232422474,-138.0075588139995,-85.7804739103951,-156.57935020505806
462324224747,-139.49603800006088,-84.49802585763817,-155.9173199783348
462324224746,-135.94559046624056,-85.38763086438274,-157.7779668263436
462324224745,-136.45806601086846,-86.33975326092838,-155.2698587052785
462324224744,-137.19378119841662,-87.96935774227516,-157.61688364397563
462324224743,-139.7518689426667,-87.71680141447617,-157.37483777365395
462324224742,-137.72795912431985,-83.57352564345686,-157.52919476892467
462324224741,-138.2431083731838,-85.6772097127998,-159.14511320448366
4623242246,-145.19726126940066,-86.9156324026309,-149.15183441632348
4623242245,-143.90347435504287,-84.58261040762798,-149.0424154802922
4623242244,-149.18228949727603,-85.29038213911892,-160.80071638642326
46232422446,-152.36065068472473,-85.12204735085345,-168.2904683494832
462324224467,-152.5530392886237,-82.8202050103422,-168.6942073999049
462324224466,-153.63351899592513,-84.61684852221265,-170.12315413690524
462324224465,-154.72300620250076,-83.86294232243789,-167.49632720600118
462324224464,-153.9686719634261,-86.68589766576609,-167.18123186358616
462324224463,-151.94963338513824,-86.9982181874663,-168.95620974550067
462324224462,-151.80968125295718,-85.33207740373838,-170.8505246708102
462324224461,-149.91546645935642,-84.3573438606091,-168.04489111276354
4623242243,-146.31699241003116,-84.69682915739669,-150.4534965265228
4623242242,-144.90899414158076,-84.26139968956831,-152.6857299467019
4623242241,-145.26376365925182,-87.76111520087933,-151.53988638292597
462323,-120.78904227793711,-91.90177808323836,-99.43124926142701
4623232,-120.94634421960625,-88.88848107093872,-101.84842651510496
46232322,-121.02778732872204,-86.0696234388574,-104.11875281757837
462323223,-120.63893407529181,-81.00978640731728,-107.18930098213308
4623232237,-119.63673942935793,-79.80425124519745,-106.6330213907627
4623232236,-122.53946234232407,-79.95914998764651,-108.18160843231996
4623232235,-118.76417544898447,-80.98544436993829,-108.30125339955386
4623232234,-122.22465308824907,-81.1078688196975,-106.02150961225297
4623232233,-122.87069737635662,-82.66881591385187,-109.59660184591488
4623232232,-120.12638808004877,-83.8639065691474,-108.28762724371991
4623232231,-120.86294595135703,-80.38279177744917,-109.8197432423132
462322,-118.30446905047246,-114.95433274146768,-109.13561286115899
4623224,-116.50510139796184,-133.89663276765583,-122.537727234815
46232247,-118.44895111068865,-134.3282040628532,-122.00720414721859
46232246,-115.5899683251422,-134.5063808724929,-120.68976584007743
46232245,-116.39565658646048,-132.01765669252242,-122.47304278431051
46232244,-111.2018901258185,-136.4361315613906,-122.6963957584775
462322444,-105.362360521168,-139.45664286874685,-122.37251493824833
4623224447,-104.21700072694122,-138.983877978036,-125.01475363767936
4623224446,-104.46073278800407,-138.68993724088,-120.59800122135984
4623224445,-106.50096610661376,-140.93670717474572,-122.12190696877389
4623224444,-104.44129603526838,-137.06188328625015,-122.59233850400405
4623224443,-103.35146814598225,-140.49619071639222,-122.94495294455434
4623224442,-106.93306469754336,-138.1118727267845,-123.52370858794195
4623224441,-101.16677710451698,-143.61502096050435,-122.63389086451981
46232244412,-97.60684150053031,-147.6666416391096,-122.25877308838025
462322444127,-97.72352028503225,-147.73772726802173,-120.35397331893132
462322444126,-98.5214260705797,-145.45403851613713,-124.42691998437944
462322444125,-96.22364087392569,-146.02592435969981,-121.66329762428282
462322444124,-96.38577143892017,-148.84765567760957,-124.20181041640866
462322444123,-98.60176258202073,-149.21783226791598,-124.18864467323468
462322444122,-95.46585028166798,-147.42400446677615,-123.12933500184269
462322444121,-98.67517286160765,-149.197707167546,-121.86380164369078
46232243,-122.6788418548291,-145.86091096448143,-132.09765333140143
462322434,-124.73153701946035,-150.05778650892697,-135.3403485312411
4623224344,-126.59417850731155,-154.13101778778352,-138.4298305020986
46232243442,-130.34504549497436,-163.58526869630518,-145.30557666881302
462322434427,-132.3878169371066,-164.44939438141475,-144.54256203386038
462322434426,-129.48883333285497,-165.0667425352763,-144.63741189764775
462322434425,-128.3155975761531,-162.8111536786758,-144.96033871466537
462322434424,-131.0384194276483,-163.69515187676777,-147.3309825051915
462322434423,-133.37562036884128,-171.24466544319736,-150.7137516425332
4623224344233,-135.88175368280443,-180.01988849352043,-156.51718348628805
46232243442337,-134.46080508391304,-181.14159530227843,-155.76592509628932
46232243442336,-136.05097563300012,-178.03027488262714,-158.1996097523511
46232243442335,-138.59486043164554,-180.1114804590215,-155.99002661831676
46232243442334,-136.75742653376446,-181.49382024099037,-157.27347612310837
46232243442333,-137.74325958151167,-177.54380162023057,-154.61488074863414
46232243442332,-139.19087971515364,-186.58541502766025,-161.6461802426313
462322434423324,-142.1331165383614,-192.8086515803669,-166.1578491067809
4623224344233247,-144.4117154680868,-196.0120082305551,-170.95200320363372
46232243442332473,-146.8606035958338,-198.141968342676,-175.11520524698284
462322434423324737,-145.47594253427454,-200.50331299902973,-173.01999414748755
462322434423324736,-148.24258613252687,-200.1777852701719,-174.23447381010993
462322434423324735,-144.4523562333887,-198.05058669793362,-175.44146487976096
462322434423324734,-145.60325471293467,-200.44296885641867,-176.2754232683466
462322434423324733,-148.13683030359013,-199.4237871826556,-176.36875627242767
462322434423324732,-148.0620181573387,-197.09657370143708,-174.27035487659492
462322434423324731,-146.82530704442283,-197.50694200047047,-176.99327154954977
4623224344233246,-140.30420673082773,-193.15669935897844,-168.5973178249384
4623224344233245,-142.01138651397326,-190.64393675112981,-166.74749250969242
4623224344233244,-141.9559152157196,-194.6204459425552,-165.1238329701113
4623224344233243,-143.3403992630543,-192.16751065552918,-164.39779429366615
4623224344233242,-139.79618201032923,-193.5326300324322,-165.61786415738206
4623224344233241,-143.36030812676668,-193.70872722503475,-167.60680306133855
46232243442331,-134.78925180337436,-178.7734714272748,-154.99734371394405
462322434422,-130.3362550176033,-161.05700419679656,-146.19770693904817
462322434421,-131.72903648545824,-161.87805048320624,-143.60048052000187
46232242,-117.77720480095661,-133.50758096623937,-124.55749377663594
46232241,-115.72753027630857,-136.03942694473048,-124.12860439851094
462321,-113.60128989359873,-97.53726852533958,-93.82783517674085
4623212,-109.8323885498957,-97.57899659074215,-92.88390576325827
46232122,-106.47734597909226,-97.44170632401257,-91.76227477332216
462321223,-102.69161851400251,-97.30922300551055,-89.79108483200076
4623212237,-100.8637839942677,-95.54608823386785,-89.36895697245284
4623212236,-100.57973392264134,-97.93864794657813,-88.96184007178685
4623212234,-101.75305117522679,-95.80062861974633,-92.05041782324207
4623212233,-102.63039183604766,-98.20507461896172,-88.10837079892637
4623212232,-102.41782847036349,-99.17958949262528,-90.91104712033395
4623212231,-100.53976687046855,-97.79375015588775,-91.2932959030143
4622,-97.78459908723185,-78.24294789069657,-22.907789894788305
4621,-100.82700111782748,-77.84733033524857,-20.917251365921302
46213,-102.78614820605449,-78.9551981727634,-19.509430044498654
45,-47.23185599038966,-37.359344965770035,1.1735236318200826
452,-111.62191324519236,-32.32501944417606,-8.69761062907816
4527,-112.3155387992259,-34.0083807209674,-11.682483943929856
45271,-113.414875503941,-36.14506741654515,-16.38560873796195
452713,-114.58046401376646,-37.84339069243418,-21.21954684590689
4527132,-117.55828051395237,-41.52719111554424,-33.72824492507771
45271327,-117.1471972974249,-40.14018643934596,-31.738905057167624
45271326,-116.12333793407055,-42.197551183559284,-32.36482917929596
45271325,-116.89518344666132,-38.63844028192138,-42.38413672619063
45271324,-116.14586466720937,-41.385991182477994,-35.145878897068265
45271323,-118.932316258087,-42.867625273851395,-32.778375380421146
45271322,-121.3753276387391,-44.41817373012096,-36.10405500985013
452713223,-126.14468031562323,-48.025007472042496,-38.73784615092201
4527132237,-127.21071100516016,-49.55910591186176,-39.49918741907987
4527132236,-127.43126454511143,-46.609119020428864,-39.50248319098815
4527132235,-125.58059206007435,-45.214308969075496,-43.84148511587748
4527132234,-124.95532311575643,-49.518752460786175,-39.947570863338136
4527132233,-123.19935173922092,-45.80252133158123,-40.29469990468866
4527132232,-126.9143402805826,-47.65807455068555,-36.806503307380616
4527132231,-124.63233596757406,-48.655939247959815,-37.39838723824934
45271321,-118.9285601587974,-39.11459841957422,-33.680624009038034
4525,-111.96984719353401,-32.09937033702501,-15.383874019668635
45251,-112.64573516981186,-32.42518605306181,-22.58890656176713
452513,-113.41738767892696,-33.087695227550256,-28.710420503249075
4525132,-116.8198933977834,-36.95846851319076,-49.48034745636661
45251326,-115.07713532878853,-37.486143166676236,-50.59985889331119
45251325,-112.27381045315404,-33.48936403630344,-59.92733031015999
452513255,-107.26586236696168,-29.48655253462567,-73.15247482548511
4525132557,-108.66574365315083,-29.968964727072485,-74.47707442419302
4525132556,-105.23742359505098,-31.31466992330678,-73.29224990043707
4525132555,-106.59162270081485,-28.51491886218037,-71.04476808919715
4525132554,-105.18106992328003,-28.782729049737767,-73.95020317854545
4525132553,-106.9900284126741,-29.892842950198734,-81.23144083672692
45251325532,-107.27555742598379,-30.13364898079107,-85.02982423571933
452513255322,-107.88972006299215,-30.582063788971936,-88.64667139251553
4525132553223,-109.67265965792853,-31.170673971425543,-94.43191162898671
45251325532237,-111.67019742865722,-31.604088933878334,-94.36903690371994
45251325532236,-108.10019213440674,-30.96009756061556,-103.0908040987817
452513255322364,-107.76210326232147,-30.608937346380714,-108.22766867530834
4525132553223647,-107.87747467574113,-28.727587292881804,-109.5595351032956
4525132553223646,-105.75461469804932,-28.688048432578714,-108.04626041645733
4525132553223645,-106.12449098521972,-32.59468964990576,-108.03464873722835
4525132553223643,-109.63946704097944,-30.82167688009801,-107.87255874463438
4525132553223642,-108.30970260442308,-31.418027931940806,-110.11034407527208
4525132553223641,-106.01619929566886,-30.88427896681027,-110.27717328444551
45251325532235,-108.06683274463056,-32.85367949106293,-92.90656894437048
45251325532234,-109.73326080067288,-31.85569145237478,-97.00340968200321
45251325532233,-109.63689623353694,-29.37360078783293,-95.48666793369244
45251325532232,-107.63597014988602,-30.505042098046605,-94.90382636109956
45251325532231,-108.97561850401635,-33.860041355589004,-95.95273909890686
4525132552,-107.46558166800763,-27.51226562046929,-73.25752596616867
4525132551,-107.89023343072068,-31.233038360003828,-71.50088333015059
45251324,-115.58766793181846,-35.6106972245294,-48.29441367043358
45251323,-117.36110662690317,-37.63763542066886,-63.161396369112
452513232,-117.46813013383,-37.84785968735575,-68.58561448881906
4525132322,-117.43043171957848,-37.896975647780565,-73.66849477921966
45251323223,-116.91960903337873,-38.090941109911945,-83.74724386230648
452513232237,-115.46431342279956,-38.20459926066768,-85.1753432690728
452513232236,-116.37390545490408,-35.173905302994086,-83.55105757539492
452513232235,-113.12835930951358,-34.60856759825576,-89.68482341191952
452513232234,-117.84403592005093,-39.42495286007952,-84.95476492824031
452513232233,-118.79579747504016,-37.858334539783755,-82.30006309472476
452513232232,-118.88968422430459,-37.26232200629717,-84.98572132348896
452513232231,-116.28634432099544,-39.073714594232044,-82.08610886437856
45251322,-120.33516044768736,-39.138309826923134,-49.163393265883016
452513223,-125.7538892014229,-42.29836022869166,-48.15677833304162
4525132236,-123.49427133751418,-43.68071924220855,-49.30518386832181
4525132235,-125.77920543564973,-43.43675849805682,-50.65449138604267
4525132234,-125.831540761518,-40.382294726257186,-48.12372092516311
4525132233,-127.16562386279378,-44.16354158169438,-48.85481818571124
4525132232,-126.79914303853991,-41.41093563902138,-49.91412295495598
4525132231,-127.19324776373678,-42.74415323943971,-47.020445543020145
45251321,-117.52879701455032,-35.187179905875674,-50.63424738552613
4524,-98.78044363525602,-1.289547728790824,-3.5767785312439857
45244,-82.94239998026184,41.75952464206097,3.3462184529048136
452447,-83.95789212293595,41.12980839206994,1.1535915045753344
4524471,-84.58042534847644,39.93032459523974,-0.8555186491708997
45244713,-84.75740151774065,38.14869380172645,-2.684746662128603
452447132,-84.50588898410503,35.14167689741551,-5.2881426104563864
4524471327,-84.80930123574304,33.164333986058516,-2.7512087953288185
4524471326,-83.92932531167611,36.43596878618552,-2.114743999903883
4524471325,-82.51106661193853,33.906565027655574,-4.6087716470165265
4524471324,-86.60443203430688,34.948038140105474,-4.826354590175975
4524471323,-82.55628125734953,35.98004301406323,-5.625188541451192
4524471322,-84.85625106683018,33.07745106750051,-5.40526056390805
4524471321,-85.09254519355521,35.9602052942675,-6.968767801493171
452446,-70.55025628246592,40.51906400755111,1.3432986253994748
4524464,-55.69590141939756,39.04034607096553,-1.7921170568350036
45244647,-55.567703198869054,40.207064942242475,-3.585235063865986
45244646,-53.56525995705405,38.99413247721707,-0.4775058326044177
45244645,-56.236549710976746,37.86376702766295,0.6613391580908763
45244644,-57.37962760907005,37.60929852159303,-2.1088562641586153
45244643,-56.39698986433075,40.4270809299297,-0.30372880351761256
45244642,-54.46900585224559,36.9634403204436,-2.313080979404672
45244641,-56.10996407557984,41.12624466270839,-8.914199726974124
452446415,-56.700959185441995,43.84616316831803,-17.3841842531075
4524464157,-58.329684632724664,42.420004696377745,-17.595655761249922
4524464156,-54.59842481753603,44.58076429422044,-17.354937066238428
4524464155,-55.25618736981262,49.656543475542485,-23.309420668624615
4524464154,-57.998917663608026,45.014146882927385,-18.546433676929112
4524464153,-55.99414588301347,42.39983916162351,-18.745248598104272
4524464152,-58.05018107215529,45.306849307720086,-15.60939255966448
4524464151,-56.56758498726599,42.47445166555876,-15.371919445260609
452445,-82.68321971189302,41.211504980238956,5.223094825103163
4524451,-82.64252480324669,39.556777777742056,7.518522154979253
45244513,-82.3698172226781,38.11260158937853,8.568983491745882
452444,-86.83619232752184,66.20380566749199,8.441089869509764
4524444,-92.8932903469647,98.99165797130225,16.009319388272253
45244447,-91.19849983599487,98.10035929989706,15.070138438546236
45244446,-92.30876679829542,98.70169558248173,19.545472300380776
452444461,-92.25442188945503,98.55000124126173,23.312083126100784
4524444613,-92.84481666281496,98.66528371864507,27.135506081243832
45244446133,-94.98889414378372,99.57177210400329,34.32355275160931
452444461337,-95.8665841796908,97.55119461963893,35.647575272334066
452444461336,-93.80205533732415,101.12688779482835,35.13168135387317
452444461335,-97.30039986198565,102.99241834639164,35.20251473693901
452444461334,-93.93435402806372,98.39327121125804,32.746454969306114
452444461333,-92.71226672811851,99.08881170063754,34.771795272859585
452444461332,-100.03248435488136,98.52078199332676,35.341682758280534
452444461331,-93.89518352761002,98.20498151186905,36.12808597427536
45244445,-94.64438960881517,102.73522983508326,21.92926981901408
452444451,-95.87244930464831,104.31489009090632,25.66959897961837
4524444513,-97.18738421637562,105.21616882762167,29.400840661868887
45244445133,-99.35885905196453,105.57913624140896,35.54924375921696
452444451337,-100.6262231556975,107.22565210114686,34.7382709904053
452444451334,-98.01771312592405,107.3637214317339,35.834036274584825
452444451333,-101.35074247216818,112.48150150608905,41.95696788230199
4524444513333,-102.85576261506094,116.71014527058146,45.741033922508564
45244445133337,-104.42137484514905,117.60463927541868,47.35622942778704
45244445133336,-104.0336523934737,118.29273116637326,45.04122702409381
45244445133334,-103.59540079548992,115.16487968939305,45.025020632061995
45244445133333,-101.17174086479694,117.48807526983707,47.87294519381288
45244445133332,-101.71894801827627,118.84710858777437,45.83022771159709
45244445133331,-102.84508877770969,115.538158390806,48.08944494724377
452444451332,-102.05588681260407,102.15713325203508,35.89069422957215
452444451331,-99.92676823956897,106.43836588693148,37.54753749014049
45244444,-90.90879187140857,101.2935837527176,10.653169937864924
452444445,-89.05016570215541,103.97915154183455,3.9216125893470544
4524444457,-88.72229388391568,104.54209979853144,6.41545198665234
4524444456,-90.14216762251557,102.40222928111409,3.588291471743628
4524444455,-87.54083328129137,103.4153953590865,2.4765190287846583
4524444453,-86.7645135739641,103.53271486036138,4.720620413198538
4524444452,-88.29895378307138,106.12837612434107,2.9763580843094535
4524444451,-91.32554240075817,107.52281073854459,-0.49005094585706016
45244443,-100.51232925736318,92.97151394369605,13.434005761119677
452444433,-108.51980280118458,87.1925438092051,11.35566537886119
4524444337,-109.51916794977403,85.52099437281187,9.449945635662843
4524444336,-107.2780551119777,86.55604207218222,9.389799207942746
4524444335,-107.79492393044069,88.68877289351282,10.429550206841608
4524444334,-109.95111742456584,88.75098321313338,12.555077588727839
4524444333,-115.16254693054331,85.68205056874625,13.739668624123391
45244443335,-119.84211380251607,84.58789551478944,15.982457623677314
452444433357,-121.56380090555184,85.99304023971973,17.103978780052675
452444433356,-122.18261564280532,84.23039102461959,16.01493320725019
452444433354,-119.25452458392063,86.6813585975784,16.97428276038391
452444433353,-120.97303672956141,85.48479641494868,13.642872942130849
452444433352,-120.5332470407649,82.68500086424181,15.445717698176574
452444433351,-119.27231225924278,83.5743553968992,17.656253670744196
4524444332,-107.73379315601144,85.47864862720458,12.477112585382077
4524444331,-111.14046298050351,86.24307012949434,10.88460693979725
45244442,-96.47955940231637,98.29690715685629,20.51935251016681
452444421,-99.06628343822582,97.99076140663678,24.542415388486123
4524444213,-101.20213970411669,97.95854206038493,28.583558556286274
45244442133,-104.13415580411103,98.38374460372864,35.80523202244337
452444421337,-104.91968202311222,96.78987490308005,34.582099263824034
452444421334,-104.63968387027427,97.12327680772147,37.587727184944846
452444421333,-113.20130457647319,94.73309099738336,34.423731687371074
4524444213335,-119.22884471589438,91.78979906787528,33.656037278335724
45244442133357,-117.65438033511373,90.90821370598933,33.14467206777318
45244442133356,-119.97761740568153,91.76633951582484,35.420584244544926
45244442133354,-118.87484485705983,94.59184321508822,32.182568184788245
45244442133353,-121.49022970588103,92.83181723694882,33.88514001021061
45244442133352,-120.78898350872777,92.27600977301088,31.512336819641696
45244442133351,-120.18783217290843,90.2189509980346,32.808824605987034
452444421332,-108.67999744315814,96.647140324917,47.05529181615772
4524444213322,-111.8725193051307,94.7687019282732,55.016527052764964
45244442133227,-113.75714800144706,94.87704226125751,56.04719485478304
45244442133226,-113.16595675222842,96.7748222307148,56.57827867970003
45244442133225,-113.16076259131782,93.45472174281596,54.62265676681068
45244442133224,-110.29967170413673,96.09088625884343,56.52593617252773
45244442133223,-112.20497586250487,98.26695766925688,54.39724960101705
45244442133222,-110.60439431859994,93.82253890511727,55.64444598329168
45244442133221,-112.10323005719012,95.38671721824394,52.51033143283334
452444421331,-106.13788601453396,99.21956409038302,36.3034776460675
45244441,-94.07367806819795,105.32672271281854,5.354591625761246
452444415,-93.49794919343299,110.5458388764388,-4.051658103247843
4524444157,-95.01658124090083,108.67436972878896,-3.798979925259487
4524444156,-92.37140685709625,109.55457814491989,-6.137528461276784
4524444155,-92.17985041031015,115.04278268340981,-5.7988378181885745
45244441555,-91.1394550249826,119.41828314661836,-6.861687093600543
452444415557,-91.820673849157,121.4311985898109,-7.053700048072377
452444415556,-91.38971577915102,117.9818426211798,-9.249285368599239
452444415555,-88.7573207312727,118.79058641460075,-6.579712560512789
452444415554,-92.53783013622511,119.61013361082288,-5.491129412398237
452444415552,-91.18378830467006,120.50704169343753,-9.115972873334066
452444415551,-89.42670650793076,120.95289900207895,-6.968321692575624
4524444153,-95.16782016442131,110.93803658778097,-5.625497198256884
4524444152,-99.0617743751462,114.54105273204718,-17.950658925097212
45244441525,-103.46971367700323,117.52539424966932,-27.602792821696866
452444415257,-102.15207394207428,118.7523532595437,-29.75081251965151
452444415256,-105.03502207729707,116.06052903362004,-27.462154884600185
452444415255,-106.39529655273401,121.03177204094634,-34.563460187898
4524444152551,-109.6547328621794,123.8527592584637,-41.33066223337763
45244441525517,-109.35931499442617,122.24895413048988,-40.22900837696937
45244441525516,-111.22491918083118,125.96521342007549,-40.484286331788965
45244441525515,-107.63051250537745,124.48746286840253,-41.7691034646651
45244441525514,-110.14500391715814,124.94465699522435,-43.167020613411616
45244441525513,-111.07992345177126,122.42813672428817,-41.932069863331904
45244441525512,-112.78910598559504,127.2539666619079,-45.97266026103471
452444415255122,-115.69370931971545,129.58445978724197,-50.30784393151894
4524444152551227,-113.36164224735522,130.06600011131292,-50.792026986165304
4524444152551226,-115.40826536309288,127.40340358444821,-49.78088600665602
4524444152551225,-117.46902527990616,131.38710561574038,-50.306976267154866
4524444152551224,-115.89656545681177,129.30525937563345,-52.537592035112326
4524444152551223,-114.99564706457596,131.86715903951603,-48.57877597358005
4524444152551222,-115.57015964726324,131.44968925263763,-52.139226263444264
4524444152551221,-117.60823413611936,129.1634682568053,-50.02523057931054
45244441525511,-109.32987017342508,125.35352939753366,-38.64768651520785
452444415254,-103.28687414593135,117.70795009677154,-25.5887592141438
452444415253,-104.71825506344184,118.90651728606696,-28.563241149310993
452444415252,-101.01433124912312,119.1591493806336,-26.471486489806303
452444415251,-102.11734081906557,115.95998430042711,-28.41245630602541
4524444151,-94.34711141135593,112.06888056603104,-2.610128628955927
452443,-98.82251498141021,34.21801368678046,7.33721115419113
4524433,-118.22858295463541,25.02137967504043,12.684439589339219
45244337,-118.85274560426217,24.70118588458068,14.504837529180119
45244336,-118.93573858240943,27.330922269277703,11.776723070958248
45244335,-119.41433312950738,23.76291343491082,10.808725513889101
45244334,-117.04748708010246,23.41648393244894,11.652966174432162
45244333,-124.87502098443024,27.92509639073816,12.522166636003366
452443335,-133.3481924471654,31.590751021689005,13.059747798631346
4524433357,-134.6938708638292,32.660185093646824,14.157368033148401
4524433356,-134.94841048183602,29.71466808256732,12.671425603122307
4524433354,-134.17559273623104,32.233958505104816,11.211503170664308
4524433353,-131.77085117928115,32.01391751275233,11.479258746012212
4524433352,-131.79610732247448,28.94891637333156,12.96789120598226
4524433351,-131.9031811492033,31.947717387045955,14.534653220758836
45244332,-116.24900268972746,25.240002144973904,13.59369355301967
45244331,-116.50273391469945,26.158715104446987,11.287143373901168
452442,-107.33991312535788,45.022340993355456,25.065531355950437
4524421,-112.89412663719969,45.592390265919576,29.52106594920577
45244213,-122.05039205385762,46.24987406042208,35.99167575610337
452442133,-140.13098226673114,46.56376852397397,46.75281469620093
4524421337,-138.04952053581303,47.81446501686893,45.34543881639716
4524421336,-141.3060424697333,46.328189429483594,49.60443508425988
4524421335,-141.0422723068779,48.82509330347295,48.27643666962867
4524421334,-137.9621734617637,47.032143469137985,48.30189849913525
4524421333,-155.5702840388178,56.77090108339336,50.11196351136018
45244213335,-171.57772674181516,65.24822686456632,53.86431399462332
452442133357,-170.87827185625292,67.42583876291647,53.326580731593644
452442133356,-171.9574716956524,63.544499324025054,54.43635087136622
452442133354,-173.87773194655233,66.9287682144595,53.38016990100838
452442133353,-183.6726282208563,76.72939347688038,51.68698444831076
4524421333533,-194.05594262066276,85.63048132459204,51.41566304194734
45244213335337,-193.53261823881954,84.79430274846516,48.965088947748555
45244213335336,-192.70244832514848,82.89815619910955,51.089341021679296
45244213335334,-192.62368042700334,85.98443587061823,52.920808262943964
45244213335333,-195.93998823376663,85.73025584316147,51.782128097969064
45244213335332,-192.76439317446747,87.1847741352596,50.77771312224526
45244213335331,-194.79488695966577,86.53611539670004,49.63027140279751
452442133352,-173.47588091912937,67.33769445999143,61.42494838487343
4524421333522,-176.20559258427693,68.91994438597263,73.27944356633519
45244213335227,-177.0608302782881,71.18876491128005,72.68588599980619
45244213335226,-177.09913434205043,68.49609796907419,70.67833507940333
45244213335224,-174.0513647873531,69.23557385975279,71.95261143501489
45244213335223,-182.99322989358353,75.17038340052686,74.41627752771608
452442133352233,-188.82198862799427,79.88050004353683,75.21637669387762
4524421333522337,-187.1878421515987,79.41433807062373,76.45780189363894
4524421333522336,-188.09838952375884,81.66764480352535,74.5943370156182
4524421333522334,-188.96434900098762,81.0299022280743,77.55418268681082
4524421333522333,-188.89214644820365,79.43825768756724,73.25262660782334
4524421333522332,-191.2518551557509,78.8401428927111,76.03940458961362
4524421333522331,-190.12932777702633,81.85640571539592,75.62981989149473
45244213335222,-174.91553306486827,70.62988061737516,73.94574684188777
45244213335221,-176.67940148655168,67.92305768550908,75.07459356127144
452442133351,-169.73586829177916,65.46335965823452,53.34104856257897
4524421332,-140.01764411711565,44.900256642381144,46.20668245242418
4524421331,-140.62868537693367,48.61713406728523,45.63595478171781
452441,-80.1144565089347,46.56564191017657,-5.532013767729544
4524415,-77.6349984446294,50.74755772281541,-13.953919763220767
45244157,-75.1552659340153,49.00289186178065,-13.240520440631332
45244156,-78.93831123728386,51.69664099371086,-15.023537915707855
45244155,-65.66855580820653,52.789157797385194,-21.50063063530969
452441554,-54.34234982010396,54.16479984045849,-28.05185325217146
4524415547,-52.32876877114266,55.74216107688281,-28.694137004466317
4524415545,-52.62341282587731,57.29581198236684,-39.326774661779844
45244155455,-52.26160111833262,58.740850057704804,-46.40343690829096
452441554557,-51.65222978391614,58.33365243086636,-48.630832712036835
452441554556,-53.14662215308583,60.39521411476965,-47.65172378974595
452441554555,-53.61140856063934,59.419408091031634,-45.357801995826655
452441554554,-49.867820808701715,57.78669703039978,-46.95500526587074
452441554553,-51.06085989801241,61.28302828697123,-47.29694959456738
452441554552,-49.39198282151855,59.967381059206964,-45.962531297337904
452441554551,-53.086846459438924,57.2545428359778,-47.074246208611015
4524415544,-56.162883060689715,54.56212098812227,-27.396382022933718
4524415543,-53.5900890316466,52.461747568089784,-29.16237359474639
4524415542,-54.91684072489542,55.86013624371035,-29.974396201210233
45244155424,-55.655619496449866,57.33477140794425,-31.665446664244644
452441554244,-56.36956501924818,58.765434118764496,-33.14468180381139
4524415541,-53.04119664901043,54.44971619438829,-25.935747045749327
45244154,-76.32640755553246,51.88458417244502,-15.401636159083997
45244153,-79.18674939658185,49.816036199894015,-13.056982334520816
45244152,-77.20393521342902,51.894028395426275,-12.245138179370587
45244151,-77.86316593960625,49.05881514326116,-15.512712469241567
4523,-120.96422730836457,-16.637025106780012,4.55176805049037
45233,-134.87598225787403,7.03099868885535,23.670009820671215
452337,-131.21465995130188,1.9491968740964094,27.354297385965502
4523373,-126.39982765784323,-3.6160771504456695,31.269286869943397
45233737,-125.84355194502561,-5.241112663965633,32.21524665234363
45233736,-127.7285074264447,-5.7713957867323105,32.539120848225636
45233735,-128.64981591288617,-1.8014162544857326,32.68572687821135
45233734,-127.05666506610412,-4.376014852359789,29.218779853842562
45233733,-130.05501426770903,-5.145970831078194,31.128849715625982
45233732,-124.7705039456988,-3.4259489739480182,30.971131529000733
45233731,-126.12390717747921,-2.9005809516996455,33.585625893875225
452336,-132.6559171589681,6.579535537617624,22.810270388910073
452335,-138.42768467525573,3.750066345535271,23.060979059969792
4523355,-142.86518850932762,-0.42546995863537795,22.131973028274647
45233557,-145.6201076620931,-0.1473267036069487,21.12986392401963
45233556,-144.27386994240337,-1.6373266016098071,23.88363555538988
45233555,-140.59109561053475,-0.6618909555030121,21.714168805728143
45233554,-144.1961044493465,-2.2371628594888664,21.426866237795974
45233553,-143.86130915656176,1.273568790319376,23.514823403361408
45233552,-142.95006133791622,-0.29765061459587416,20.133011447536706
45233551,-142.17746685686623,-2.4134218537333294,23.44660147542045
452334,-126.95043224906418,15.082908192876156,18.456121353418066
452333,-141.79218789209898,18.466283585666787,21.59001144813056
4523335,-149.38021314484143,32.54094926170601,19.077009929663777
45233357,-150.0769429431778,34.370711724892395,17.90507783759401
45233356,-148.04397454636285,31.0584619285191,20.277924027242918
45233355,-150.24643523115395,33.23807307119096,20.94997943282067
45233354,-142.49039822532464,32.05842738608017,16.34436421372517
45233353,-150.923098294715,30.928089820484473,18.231737484174594
45233352,-162.59209614720243,43.302219476783534,33.283093307345666
452333521,-175.51615939054378,54.67663212077899,48.57434677204242
4523335217,-180.45406008412826,54.49535503778619,41.61870115991101
45233352173,-184.82748409482633,54.57743752829646,35.03555841473329
452333521737,-185.14127605167246,52.44767146370155,35.894987330831185
452333521736,-184.18695154240257,54.576900607052245,38.33321738330641
452333521735,-186.27681112240236,56.17074579657421,36.04799272255645
452333521734,-185.06075217297317,56.1957203261115,33.74183406239562
452333521733,-186.88571854413487,54.285022864402215,34.54466383530312
452333521732,-184.74421269404215,52.933227076329395,33.36656645806188
452333521731,-182.76795882529186,55.217175812990234,34.90527943106667
4523335216,-177.12341037072065,53.34425866498991,47.73363668367905
4523335215,-174.58991009110872,55.372263125628194,46.92749204183537
4523335214,-173.85401412813042,59.64157536072062,50.7044037051889
4523335213,-192.24130613497974,70.07922198580455,54.48938436034169
45233352133,-206.25704145046674,84.51927105750941,61.0805453691807
452333521337,-206.81017108483871,83.09857744599984,59.512305965077665
452333521336,-208.12191262172593,84.73372516048016,61.983166209498194
452333521335,-206.17264239306886,86.24857515377288,59.70143665118827
452333521334,-200.5784593290102,85.03055932621838,56.27225228571583
452333521333,-215.69662138735185,88.92290522392227,64.06869724369852
4523335213337,-220.63822236135553,91.55072836906224,65.83629717897163
45233352133377,-221.00882669844606,92.99084338714343,67.59675266876818
45233352133376,-222.8773820055658,91.94575519841152,66.53338301658869
45233352133375,-222.09352331890483,93.31503065680636,64.76710395716181
45233352133374,-220.73256128033927,90.34743928543166,67.49193045741929
45233352133372,-223.7113893246742,88.67867252499008,64.69674164113353
452333521333722,-226.36624370494178,85.61329548491149,63.74174992452592
4523335213337227,-228.40843706083933,85.63459367186647,64.87844337746438
4523335213337226,-228.25242707303013,84.9049475519608,62.31091229085864
4523335213337225,-224.55817340556723,84.25366908123652,64.43130335529695
4523335213337224,-227.37715140635797,83.3568977017291,64.46609892548788
4523335213337222,-227.16978857402202,88.2624407937585,63.57172077626642
4523335213337221,-225.969305594603,85.33712717912022,61.48001700633768
45233352133371,-218.02206451120506,94.37248840356963,65.07020047640701
452333521332,-205.02559652755716,80.46829372035857,65.34359667783515
4523335213322,-202.53730621689436,73.82748512864484,72.27926497344488
45233352133227,-203.86262846780508,75.4820283638174,72.80236833295743
45233352133226,-203.2245115747891,73.01523060225395,74.58580778576352
45233352133225,-203.21931032883333,74.09781754490187,70.32916826929878
45233352133224,-196.02839582647968,76.96360617747838,74.10910150218244
45233352133223,-200.5600823359071,73.90959157874883,72.7113073752691
45233352133222,-211.50062699291695,70.07901517990913,74.70050728173894
452333521332225,-218.51264952308927,67.47330501847125,76.27002628767421
4523335213322257,-220.9247396539487,67.52579204994545,76.95098295539792
4523335213322256,-218.6431314136348,67.63426216704572,78.66966845621987
4523335213322255,-219.56428321466464,67.78735727485987,73.969315738038
4523335213322254,-215.21238342658714,66.81457158773323,77.3890690856486
4523335213322253,-219.23156084207292,65.59860031621179,77.44440899257785
4523335213322252,-217.9984664726302,65.37242693754881,75.4897376814612
4523335213322251,-218.00535214896598,69.31214545432213,76.20521869097018
45233352133221,-203.87588302604217,71.82632265960042,71.87802195619977
452333521331,-210.4826669447011,91.08285746923296,62.56341119091344
4523335213317,-214.5728630218184,96.8433096658051,64.73408469904058
45233352133177,-214.26149689626257,98.80248493269437,65.51317024112574
45233352133176,-212.9236248856095,97.4707011306339,63.048640832155776
45233352133175,-216.46998554594563,98.19470072136588,65.1341618483475
45233352133174,-213.27584518950448,96.46314962983246,65.81043091801213
45233352133172,-215.84623720824948,96.67240872365667,61.803218345987844
45233352133171,-214.94589588974893,99.1126918358913,63.213048601632615
4523335212,-178.86825909601652,53.18999404187263,61.03466732031309
45233352122,-182.7720065452722,52.07344826654064,77.97285526370844
452333521227,-181.43851119527545,49.075630329474734,78.80633037741758
452333521226,-182.33591704217346,53.875354102930054,76.76050852534232
452333521225,-184.32634622183963,52.16944438980596,76.36773216729112
452333521224,-179.2736198966321,61.454488358555366,75.12233481974275
452333521223,-195.98151399633448,65.91551220413676,74.47588732291985
452333521222,-187.74290292841437,46.04559383836329,79.57417096630208
4523335212223,-199.76161744820078,39.983222920709714,74.53746861800411
45233352122237,-200.76251733506012,37.140535091257355,73.65598894063369
45233352122236,-202.18342935266114,38.90450481878416,75.5536437307774
45233352122235,-201.74000450857073,39.36232573060043,72.40839808251107
45233352122234,-199.183402313044,39.726984586731106,72.3423322019909
45233352122233,-199.21887285463222,38.025301532460134,75.74077238117582
45233352122232,-199.00268918984742,41.546352841293434,74.93608688374906
45233352122231,-201.65447863437458,41.176887752344165,74.69290612861234
452333521221,-182.83594661307387,51.534734817638345,81.08880416484617
4523335211,-174.24448249421812,52.9011216533012,49.30306232483279
45233351,-153.9906757644754,35.8073063571739,14.327237809173328
452333513,-157.53015674188714,38.57432032518381,9.741008765888356
4523335137,-157.7603007911845,40.91194380435017,9.076302061987386
4523335136,-159.39116403200944,37.38711863861289,11.388737313608488
4523335135,-155.64940301909598,38.10321942212518,10.125937409884457
4523335134,-157.34770250043667,38.95806882571825,7.589839861862469
4523335133,-160.0260836093487,39.59672118286434,8.664336248637548
4523335132,-158.52172450086346,40.57871320326389,11.49525852430596
4523335131,-158.85977001755646,37.117153308475515,8.638426431806016
452332,-139.7562742031772,14.127250398805886,36.90212542766453
4523321,-146.4600746591733,24.75948056919265,54.972011563292725
45233217,-143.86848603756582,24.265996757939355,56.00435080530917
452332173,-141.9659557801807,22.93511841409216,58.528707769832366
4523321737,-139.56323424461144,23.235821313577226,59.39760903142645
4523321736,-145.81404665855615,23.069250341442203,59.26898172384497
4523321735,-143.30406394771393,20.180013740603208,58.16143506383092
4523321734,-140.83643134731554,25.03130601215373,59.106281651473445
4523321733,-139.9880348933271,21.472236042571307,58.195929368185745
4523321732,-140.2393415712344,23.486892251564328,56.858897855340985
4523321731,-142.87120603404716,22.839430925458863,61.23913406597335
45233216,-148.41416752916766,24.12995053072818,56.74353174351793
452332163,-149.24175044346373,22.724232392810165,59.70069189182254
4523321636,-150.26380392101942,24.793111207527527,60.4747088029424
4523321635,-147.9423207844911,20.0080239388526,58.93845725514045
4523321634,-150.9942546924263,22.484787847519264,61.505262296143556
4523321633,-151.511774382778,23.477441095634788,59.01648557699754
4523321632,-151.23142987075528,21.269972893379936,59.49867834323761
4523321631,-147.4500196152266,22.715228559204096,62.02231003258451
45233215,-146.22105879413786,21.61609371992289,55.514166443172854
452332153,-145.6296089406006,18.335352650364385,58.283670466050054
4523321535,-147.08999914296058,16.5394558633113,57.375239565869485
4523321534,-145.0433943807301,16.868915439499062,56.410410233827456
4523321533,-146.23367497969733,16.2269045500411,59.51968083353522
4523321532,-144.15824383862963,16.335380203572697,58.64191839614752
4523321531,-145.13910128184605,19.760978192250224,61.22743050119077
45233214,-142.70257311263535,37.052760948164554,50.690786203413886
45233213,-161.78532520895877,40.068447558650746,51.43116524777354
45233212,-161.46228797972498,35.31008080828648,70.73992171005389
452332122,-177.35784138605356,46.69264852639477,86.54044737550075
4523321227,-177.73277235384552,45.49080841760812,84.34881042701045
45233212275,-179.56279986458821,44.81233181830291,81.76038320721275
452332122757,-179.16323143647034,44.37588755259245,79.49500671077486
452332122756,-178.37954612253398,42.736885941438935,82.40924883178582
452332122755,-179.7961786126674,42.57224291303008,80.81675216741704
452332122754,-177.28526322446933,44.45728247210993,81.10255344003764
452332122752,-182.66880256918768,44.12283775418311,82.41577016638315
452332122751,-180.6989884670446,47.17153164105051,83.58399290496588
4523321226,-176.88699009315445,38.78354254862957,101.43452640351052
45233212263,-176.55984128346677,35.40562786149195,108.95007327092652
452332122637,-174.55798189306347,34.85766984256884,110.18461113029332
452332122636,-176.98753335822894,34.708782506024406,111.07472694648902
452332122635,-174.38927253737143,39.436958164358835,108.09925377348465
452332122634,-178.54244914892772,34.793566133224125,109.55424350026536
452332122633,-179.77492811634173,28.242635000903086,116.68703037314322
4523321226331,-182.8205902276604,22.644988654583436,122.20580205614984
45233212263317,-180.53421101990247,21.207520905729616,121.89544528445741
45233212263316,-181.94290952647074,23.48467112682748,120.45704618743827
45233212263315,-182.8121871448323,24.582601997333413,123.42866976128263
45233212263314,-183.1328980552635,20.56533773686528,121.81242294309354
45233212263313,-180.6824689913051,22.49790264775507,124.29317953675512
45233212263312,-184.68521071071166,22.746963524618742,122.52340343248378
45233212263311,-185.0849840333735,19.10252370953274,126.68166042864198
452332122633114,-187.21662636159422,16.414412083547695,130.1049688034802
4523321226331147,-186.58626678872528,18.403896120128454,131.0109209133479
4523321226331146,-185.8795491132096,15.039605952495712,128.4428702149124
4523321226331145,-186.20165338771702,15.917803033719057,132.03126569060828
4523321226331144,-188.59775609084033,15.422018448814487,131.5811287851689
4523321226331143,-189.34297751216585,16.599599336514036,129.71484043469988
4523321226331142,-187.31048034565626,13.724772398314594,130.31746341154465
452332122632,-177.59722107199127,35.221227846096895,107.0635649310647
452332122631,-175.60607538130168,33.44312015408947,108.13361887157478
4523321225,-173.94850420426567,45.25882174956214,98.86201836623226
45233212253,-172.0494096647741,43.88192653597173,106.56506603124411
452332122537,-170.82272720842096,42.73437217658438,107.7566941227129
452332122535,-170.97842478201318,43.77370455230381,104.46979565144396
452332122534,-173.29926459490403,44.82286692428336,108.8915035970952
452332122533,-173.42808983469652,46.00718391780291,106.42720044566524
452332122532,-170.77778379223884,45.86361628241359,106.18227880499671
452332122531,-170.57270076149572,44.88311709019906,108.16357488361763
4523321224,-171.55065837051848,57.41182930586663,85.58691670597138
45233212244,-168.3937294734196,64.61863778581346,84.17666185582988
452332122447,-166.3000558283775,64.76282575404413,85.32875371138161
452332122446,-168.2279066750095,63.290629251924315,86.34521392980409
452332122445,-169.76487971820822,66.39058224941788,84.60610873792689
452332122444,-168.09618887310145,65.96381050518045,86.30593420834649
452332122443,-171.81748414755236,66.895419937755,79.18137080982004
452332122442,-167.23969875669388,66.13732181668364,83.2563413388802
452332122441,-167.04122648121384,63.48539613651442,83.05211266045092
4523321223,-179.90855939142284,50.5001592065101,81.1336816384201
4523321222,-180.48683039741888,45.08166974714971,86.12629481134016
45233212225,-185.32579579166259,44.43104999589024,83.38292863203245
452332122256,-187.69458016354503,44.761938364977,83.76700903818518
452332122255,-186.4895407592842,43.245162232837835,81.68063696304735
452332122254,-185.96570526083391,43.21325594709054,85.35431694108212
452332122252,-186.66420552326346,42.30362466750132,83.58045136864547
452332122251,-184.25402397017575,46.956641017709536,84.72458874903461
4523321221,-179.28646830242005,48.289541857891514,86.64036192463895
45233212215,-182.10695903258292,49.39957366036368,85.6330505864371
452332122156,-181.02073309259285,51.20778021534162,86.85220354601663
452332122155,-182.0566982612449,49.39165280743645,88.09645193900307
452332122154,-184.00694372579665,49.83549873969288,87.10909014291464
452332122151,-183.06755335260792,51.589941589326216,85.89168177367554
45233211,-145.88076167088101,24.96428804311166,57.72730841371216
452332113,-144.88807488304303,22.435075495579923,63.088791538629536
4523321134,-143.15284826324535,22.517571504418903,64.94113592408704
4523321133,-144.60957878989356,24.41355154935653,64.52681125277701
4523321132,-145.8358547726482,22.589740771712684,65.44381679968146
4523321131,-144.64892233864882,20.722088652708283,64.9099464729775
452331,-135.5781208852967,8.456084118370596,22.560310592019416
4522,-121.83157294439893,-16.671858936957403,11.397203913993927
45221,-124.6118560483808,-12.266999221164113,16.534086424041604
452213,-127.04730812896402,-8.284276681798776,20.86287611224466
4521,-139.67269074111755,-68.48046496521579,5.333705637329043
45212,-174.37648584475033,-110.88445170268079,19.566733134313566
452127,-177.3465886483388,-114.19620799862189,28.298982498379164
4521272,-178.769867985064,-115.89443946246155,32.53739135755667
45212722,-180.17442162771772,-117.6222496857006,36.612562252626056
452127223,-182.59557880358736,-121.23897623594806,43.64443021380881
4521272237,-183.42466579563785,-118.69424968089393,44.97837963827267
4521272236,-184.7765028539428,-121.03002133971164,45.06834840632827
4521272235,-182.60182086197707,-123.19464437693621,43.797617433097315
4521272234,-180.6577751270398,-121.64358341522978,43.348680724798186
4521272233,-184.35468234373113,-120.85715524729204,42.29165833219271
4521272232,-181.23859575312187,-119.82596860947024,45.34424069423549
4521272231,-183.05447199879518,-122.11173317272963,45.731745248296704
452126,-164.06322144536435,-124.5595503626943,14.759600762967441
452125,-175.66070247413813,-108.76313453601651,19.74846757121351
4521252,-176.42440737646754,-106.6351175083176,19.992465552971545
45212522,-176.85161417896308,-104.4768680266992,20.24212713219065
452124,-173.57953889632975,-111.34141015391148,21.507399010150696
452123,-174.8054270532922,-112.873581074101,18.669889615574267
452122,-197.69730583413207,-112.9526482182107,15.111220909474882
4521224,-220.6953632288844,-115.10793796917318,11.236262784729071
45212247,-223.25065212782528,-112.58575593070451,13.952383866483288
452122474,-224.99962783164202,-110.84284758712323,15.819075408160552
4521224744,-226.72979088120485,-109.12058178896024,17.693099057364297
45212247441,-229.01007092466554,-107.39216663630864,20.54748543782673
452122474417,-230.0728264541043,-105.45113192045771,21.70368738002659
452122474416,-230.19622094066057,-106.748846366471,18.040523946966303
452122474415,-229.27810983740432,-109.01198499703526,21.215009224828343
452122474414,-227.8183920420379,-106.40453289860166,21.969073180106715
452122474412,-228.71260888417885,-104.35316733019931,19.58397667470709
452122474411,-231.23195715381115,-107.21804264009471,20.779183649797588
45212246,-220.88298605475927,-113.83940271860192,9.549931442590994
45212245,-220.43154830458008,-117.48034143325923,11.160187673620761
452122454,-220.16341872615735,-120.17995017835527,11.007815617140475
4521224544,-220.27487477681638,-122.04174409074163,10.550391178719002
45212244,-232.18689508153977,-119.63018952979957,4.833115810252812
452122441,-239.92514709499906,-122.90014912225948,0.25377198844384347
4521224417,-238.53420179520924,-123.38120869854626,-0.9266023696290221
4521224416,-241.0305930293185,-120.71508908485146,0.606224673155525
4521224415,-241.332267559505,-123.80957420242282,2.210415089998458
4521224414,-244.41214802434956,-125.88767276853648,-4.315873199524604
45212244142,-248.0673802753637,-128.9830032715485,-8.715756521913333
452122441427,-249.34568248494725,-126.98773200910836,-7.570882745807912
452122441426,-248.49006301275483,-127.18033516384467,-10.433558854820847
452122441425,-249.3446865005391,-130.4256333394831,-7.88991530619542
452122441424,-251.82911475364193,-130.94723454893966,-12.087732948430512
4521224414244,-254.1304695971734,-132.66145077031518,-14.649428958703993
45212244142447,-255.73197197533753,-133.91300128361428,-15.902156407722726
45212244142446,-252.5982141428214,-133.64111911155675,-15.682632663221344
45212244142445,-255.0411776197183,-134.53711066064253,-13.581250403489646
45212244142442,-254.68703495803183,-131.70620054395795,-16.57415192118559
45212244142441,-256.59053415145917,-131.5173466358272,-14.268197507372925
452122441422,-247.0553371569298,-129.7462395425345,-10.402050194675336
452122441421,-246.4681877241643,-129.28778513604271,-7.6421785164945755
4521224412,-241.7918056283394,-123.46015504344425,-0.7897793288048286
4521224411,-238.69047558118385,-122.41470650795661,2.0706575424714777
45212243,-219.83162043673448,-115.08247106113896,13.378572548062364
45212242,-218.7274162379443,-114.87248423535883,10.548694932805908
45212241,-223.0407907859643,-115.22853219044602,11.03122395824126
452121,-172.73326485947402,-109.97349566282261,18.27850786333446
4521212,-170.79244173137135,-108.72208074216948,17.076313171275178
45212122,-169.3815398920228,-107.73982003525803,16.221943614320587
44,-0.28798761779952436,-15.219569941879126,7.235298831982093
444,-0.42214648498946744,44.93662843941625,7.9727667259305415
4447,1.3490866025816661,47.529336329555,7.454060844335996
44474,2.7831738016898657,50.01631893002462,6.699429745643631
444747,2.4076255186248674,52.27702351803474,6.781102888564259
444746,-6.060607599376241,41.23518326947879,12.007838705986831
4447464,-9.324630139658069,39.11241451819585,22.214183716006776
44474644,-10.577146925688682,38.23129485557147,26.541270098577762
444746442,-12.657898179975268,36.832680102440506,32.70881277095935
4447464427,-14.032698883243903,38.36116345335819,33.426702577595286
4447464426,-10.13630752946422,37.99614674640591,32.926071820126914
4447464425,-13.24507942618863,36.09476085435187,31.07918361132671
4447464423,-13.692149451207719,35.61726898025549,34.33834542782349
4447464422,-11.396331802713174,35.09536078514393,34.15412989098191
4447464421,-12.472449964925293,37.8261413292702,35.330300458209386
444745,4.404373942689691,51.59876617717104,6.967837111425114
444744,7.725299959877375,64.29163028627954,3.68673835271956
4447443,9.829448231833288,71.11159014114789,1.8309933637243014
44474437,9.14971075577241,69.35184611124978,1.6979079985427297
44474436,12.811014083514959,71.44897849769802,3.531869012344674
44474435,11.817111680385956,73.44894135899948,0.972305243220891
44474434,9.81617153975155,72.33413975325676,4.25492348584144
44474433,9.714254943303844,73.72335102152032,1.6787264640442894
44474432,8.173170298630595,72.38148530414513,0.764927695095445
44474431,11.708385150041266,70.77164443845567,0.5208124654681131
444743,21.658265907145335,54.97885176794305,-11.76849619936557
4447433,31.063111335990783,56.84514016688215,-20.732254351053673
44474337,32.941475539466154,56.53611492739644,-19.76059954181993
44474336,31.420491171015613,58.11194073129278,-22.328500813129974
44474335,30.200418920250844,57.24295228087335,-17.89759160646859
44474334,30.120472479744464,58.99762445108781,-20.434112162055907
44474333,42.25076779440553,55.989012263487695,-24.346326923206476
444743336,54.63865136291458,54.58398321472423,-28.224051335105695
4447433367,52.95146073038095,54.247526039057405,-26.276751021995306
4447433366,55.668635099954344,56.54187725309398,-29.736879694943386
44474333664,56.64773222257098,58.248618241036525,-31.09347376634727
444743336644,57.46239884425543,59.900887333346,-32.320022220731545
4447433365,53.35293852014082,53.64424873180393,-29.694586596467133
4447433364,56.318998465814495,53.4176508576682,-27.60302025990651
4447433363,52.80213862078526,57.36134290795012,-39.07832713383789
44474333633,51.61759300240204,59.580274638398606,-47.05035107366009
444743336337,49.69172644229889,59.69586654526417,-45.49866756878704
444743336336,51.50419713876281,58.31096354218112,-48.50199870272335
444743336335,52.45409648930509,57.89477377325255,-42.96528255888877
444743336334,50.62351571891786,61.1625811776508,-46.844658346420054
444743336333,52.90124914483537,60.57811042893447,-48.41448703088895
444743336332,51.57198751072982,57.13239284063418,-46.787885021337466
444743336331,53.77321830132606,59.934055820587176,-45.91205046236563
4447433362,55.61832328053955,49.69580283628955,-22.926106024311355
4447433361,53.377069786868994,57.02059501736709,-28.121268587314574
44474332,28.84390242500639,55.651448979679934,-20.358997509648223
44474331,30.426910376984075,55.7532772420827,-22.1871936300133
444742,5.8229748666520385,46.488694649580445,6.96869714474018
4447424,7.717814466805207,47.00237876908086,5.480356538206672
44474244,8.725123035615962,46.650934336660264,3.191780329596662
444742442,9.186427142647714,45.56930422718517,0.19499823739279182
4447424427,10.857719032022946,46.45015171152723,-1.1469829663713857
4447424426,2.522019340956076,26.15930899026429,-6.1860513158805395
4447424425,8.701319121561072,41.775761823933856,-0.6721695341517077
4447424423,9.224989025558372,48.065162631741806,-0.04184493465034716
4447424422,7.775622407223073,46.783935914074554,-1.077275286471336
4447424421,10.763944375321252,47.1420869438397,1.2066789276720713
444741,-0.6190388072446867,50.41682326414817,7.250790922391773
4446,-4.099995935215178,41.79905872573359,8.588175018679806
44464,-7.159160777954684,39.46780151404853,8.723908570875041
444646,-8.765966986948747,38.55138701876665,9.95664333178917
444645,-34.536777450742264,38.717510538440415,2.896154596031351
444644,-15.57910390528273,23.184167447209017,13.798946279275102
4446441,-19.931313548332806,14.109362218373121,15.812450477513282
44464417,-18.725187224900235,15.464302919664798,15.59560719768903
44464416,-20.784108952292215,13.897081892419859,19.730446983415547
44464415,-18.16919176531569,15.270547008736301,18.252019482769434
44464414,-19.73015399335299,13.214179819399225,14.469324228052256
44464413,-22.16204616723452,7.9307825654570925,19.207599543080473
444644131,-23.692355682924546,2.403616494144284,21.00531724924
4446441317,-22.24204939988499,2.65353961714691,19.533098877665086
4446441316,-25.617107300714462,2.040288908871329,23.13486975632296
4446441315,-22.13947041129285,2.3712725711617226,22.99511070737585
4446441314,-23.479372414493852,4.987460472985722,22.567958572226715
4446441313,-24.353417425588393,0.8266948921946184,20.221827883405226
4446441312,-25.945825107858944,2.9034768635840784,20.65104289902504
4446441311,-23.347388675663993,0.6442442506197227,22.22300276727732
44464412,-20.325617910115774,12.086409637098349,16.850403054264817
44464411,-21.91366872198633,15.13245359809946,16.471835683047114
444643,-7.8759507360753265,37.904127504741965,6.373918764789011
4446434,-8.193968898295498,36.808284591658186,3.853785594953892
44464344,-8.123899913792714,36.23735180501512,1.1408169134110344
444643446,-7.8655567151640655,35.95344964343876,-1.8462040872144647
4446434467,-6.313910634788292,34.18505998562329,-1.783255686536171
4446434466,-5.7602886310536086,36.4008701052676,-3.000121333623843
4446434465,-7.614153892381781,36.011151121784316,-4.26256390463288
4446434463,-8.696949106096051,33.90703869900345,-1.486889155367724
4446434462,-9.15029231219907,34.83220511099001,-3.407125544832052
4446434461,-8.316444483761503,41.5943978467255,-1.067903733303665
444642,-0.5359907340937505,35.84522922429509,6.463156553079665
4446424,-0.17513126418992292,25.79412356713805,-1.3273261902265792
44464244,0.35814701282240347,23.6642840764765,-3.6481233012288903
444642442,1.5615749055160513,22.390468607629085,-6.096609993837416
4446424426,-0.2771198685504324,20.72448015999514,-6.324829224308189
4446424425,3.4397534646397605,24.666202158372858,-5.100357413764068
4446424423,0.6251885213294727,21.323471363321655,-8.188269106887109
4446424422,1.93783689129485,20.075204121405562,-5.453936398674119
4446424421,2.4715304113403214,20.54366311256633,-7.535538432782419
444641,-6.565333111054708,46.243663388654845,7.434858560111541
4446414,-7.990198880500717,46.78239046816683,5.516657572069395
44464144,-8.439912010841923,46.67964637128946,3.0226861131159564
444641446,-8.682740342519324,46.37266071528547,-0.032005538427241305
4446414467,-9.767319746606683,47.77347002974863,1.0633731872979464
4446414466,-6.934763282714036,47.81307788302972,-0.7660226582954831
4446414465,-9.314302126882108,48.32961578627697,-0.8884019700153111
4446414462,-6.977713849869946,45.222288371568865,-1.3519633286899593
4446414461,-10.086710256293065,46.23771980520302,-1.6843046866716846
4445,-38.782333068410935,43.85044781950857,5.822696011152834
4444,-0.09846912488103567,123.00544658735777,1.4978574506661377
44444,0.0,144.0,0.0
444447,-3.249691642838178,149.22673649244442,-0.5147786876124163
4444473,-17.47356868882832,174.12609204283015,-3.4366593440902733
44444737,-18.845827450436715,173.0475074631442,-2.1863258882177994
44444736,-16.232653333238567,174.55455059015716,-1.5200823184098842
44444735,-20.39159758253115,176.1612315661045,-5.345333778681411
444447355,-23.773468709575205,178.28817623025398,-8.223573866726321
4444473557,-24.112464837860443,179.16000405297146,-5.655936301093697
4444473556,-25.868326144123795,177.5540957881105,-8.288471996860162
4444473555,-25.12968836043351,180.14902816444422,-8.471758362828565
4444473554,-21.39254481312198,177.37348903013145,-11.830072464999267
4444473553,-24.82116479485366,176.78082158539036,-6.579639499773659
4444473552,-23.334428267008416,180.56177932618093,-7.351585893126667
4444473551,-24.634631182726167,178.58903578006493,-10.099411666197389
44444734,-15.11371124938646,173.24640438437686,-8.446233524850554
44444733,-17.65611799042451,176.34912315521547,-2.2466699706262157
44444732,-28.87217573050182,194.81134462876798,9.466484659476576
444447322,-41.54653021828301,218.1864409202473,23.850233907834394
4444473227,-41.16168645558861,220.03556241567486,24.758772137249647
4444473226,-39.96738501234473,227.34313665428738,21.80599861284956
44444732266,-38.27315537518667,237.131218819698,20.230410961667715
444447322667,-36.24893054419705,236.14748969710942,20.59579188823758
444447322666,-37.799428975750686,246.545312982212,22.073093343074895
4444473226666,-37.412801900306114,254.68733636631717,24.63083741837579
44444732266667,-36.77731128014555,255.03708943545712,21.704940443178863
44444732266666,-35.41603318804648,254.45944401869323,23.757627429036056
44444732266665,-36.638463515051626,253.70017146520533,26.198814557023518
44444732266664,-39.3886339804319,253.71902736569177,23.669349635382638
44444732266663,-37.75063136452528,256.7193339861197,25.320721611226645
44444732266662,-39.29445534692709,259.1418731092452,29.386029585329084
444447322666622,-41.74740309462607,263.0802752341043,33.529875589220076
4444473226666227,-43.07794422753001,263.8230167790496,35.65301470719109
4444473226666226,-40.68844173439386,261.57366978062606,37.30535087555847
4444473226666225,-39.694793334856755,264.6509788430811,34.2493372185899
4444473226666224,-39.289828568742735,264.0851372815297,36.3200634016258
4444473226666223,-41.71339393216716,265.10660556398227,33.95281198851858
4444473226666222,-42.71572797117624,263.3525547869769,32.69109930182862
4444473226666221,-40.40883504733456,261.4539777682561,33.36593042800287
44444732266661,-37.47394932808802,257.2017363366564,22.982930030423844
444447322665,-37.620902764714465,239.2947258328941,20.974643649259857
444447322664,-38.08541066662461,235.87268316133552,18.43190995164233
444447322663,-37.50341429285597,238.41751197486596,18.390009856838063
444447322662,-38.71059454626249,236.3068985048135,22.176451104289594
444447322661,-40.36727188697814,237.29884950554495,19.736618425337618
4444473225,-42.04181874406339,218.9974580779934,21.15521343340878
4444473224,-39.56549049470559,217.7419513399715,22.99245288527445
4444473223,-44.77769792886532,214.3809412141331,22.77040889808978
44444732233,-49.47100508316931,210.79935735097024,22.954817599859012
444447322337,-50.35393979063157,209.98278834037635,21.25770549171123
444447322336,-48.133870578255255,207.6563754311012,21.71677624835967
444447322335,-50.100222616682515,211.6518897380682,23.77456071377018
444447322334,-44.82970935205176,209.16731888247745,20.143547740333958
444447322333,-48.38184611854113,210.78846151224255,19.791584140714505
444447322332,-49.37804963938608,208.4936776789043,23.10274542871991
444447322331,-46.9673178148814,210.19646845265956,23.935338013423774
4444473222,-45.388344971315085,226.3219676167404,35.613516145254295
44444732222,-48.91772983414789,235.74258299744824,48.39072009782613
444447322227,-48.120811669804816,237.15662605656252,49.544324542003004
444447322226,-48.67554651983734,244.5059957688043,46.183168206042545
4444473222266,-47.736808068768035,253.3569668360982,43.6124109935225
44444732222667,-46.38588757911809,253.7987477011285,45.522720714904004
44444732222666,-44.55114054264617,258.6826502638402,39.20715800962455
44444732222665,-49.870758494362356,252.9097578003123,43.364812659579314
44444732222664,-47.05721900507686,251.75259259701693,42.99952707968341
44444732222663,-48.83255323396707,254.17848159224476,45.823597962310934
44444732222662,-49.228967270643395,255.68284125130944,43.44172459824846
44444732222661,-46.57039997232759,254.95964331151154,42.33175159227891
444447322225,-48.17400547754746,235.8222092528374,46.45936603352863
444447322224,-48.23841746475727,233.45971511551303,48.53848079177032
444447322223,-51.1655684474068,235.95919177571355,47.578912462881185
444447322222,-49.61195721549811,233.21679024671616,60.076274598979424
4444473222226,-49.73668076992479,232.10039063388652,66.12256170828252
44444732222265,-53.33237388017055,233.99558764002725,68.92932787551814
444447322222655,-60.203524384753045,238.04326908010026,74.23090366933307
4444473222226557,-59.87369305692525,239.9124340975943,74.57615237034283
4444473222226556,-59.834999348139725,237.47826903273014,76.6182583950667
4444473222226555,-64.54676115695926,240.1756406904617,78.25320005728827
44444732222265556,-69.11514683926922,242.6612001839798,81.39829331229313
444447322222655567,-70.27667429327286,241.50547886112457,80.50378438092322
444447322222655566,-66.14850437317737,242.04022109817495,81.63929362445128
444447322222655565,-68.29104462487794,241.37283663171698,84.14077643041041
444447322222655564,-68.09845094953097,244.72070799088954,81.9303269869966
444447322222655563,-69.04678165795009,243.73303688414114,79.27069363704958
444447322222655562,-69.75602629167732,243.98314135250607,83.00629311650644
444447322222655561,-70.5840912969868,241.87912707322656,82.67664641531222
4444473222226554,-58.861704049803926,238.5636559877179,72.66771114140973
4444473222226553,-57.95928478123495,236.17191475054875,74.37412641964784
4444473222226552,-62.238715479720845,237.86482342866495,74.1493913472866
4444473222226551,-61.07352434004876,235.77171146584627,73.46262105042251
444447322221,-50.38767179527653,234.7296500909203,50.07853295760422
4444473221,-41.74594741571565,216.58845724821992,24.77979165244593
44444731,-16.070716615287264,172.65298418781111,-3.0775423168764986
444446,1.7815037959445856,152.33312638116433,5.6306375745697235
4444466,9.810126862648538,199.29453490293903,35.57170333730672
44444667,9.412688746721534,197.05142113145385,36.02664903748269
44444666,13.270504444362212,205.98480562475982,43.533101838777576
444446666,16.554255930613614,215.51099602007346,53.28903933971656
4444466667,15.87818130925598,217.16229354993283,53.6925674867132
4444466666,26.208136860341572,218.34315519276672,63.89399214913513
44444666662,36.75920368262868,222.2123418472523,75.47503812583804
444446666627,37.69179271942145,223.3050367311135,76.74005227196461
444446666626,34.52206031703654,222.74394195375965,74.52292544950384
444446666625,39.42568371121813,217.6754053322456,80.47811534487053
4444466666251,40.761584121948694,215.507178876709,83.18272391609605
44444666662513,41.986056255936475,213.48102258076,85.82452336069582
444446666625133,43.71394763730317,209.7352211829512,90.17737405293605
4444466666251337,44.6997557491259,211.53358742140801,92.03928353859314
4444466666251336,44.5908321581597,212.59015555793974,88.98261310860156
4444466666251335,43.6048910602734,209.28403691206668,92.16297767910024
4444466666251334,41.81692751035289,210.14775090496215,90.76473151438209
4444466666251333,43.405288581127564,207.98820329406288,89.39566343608499
4444466666251332,45.87447287617268,209.4327656580438,91.02470069977225
4444466666251331,45.36080754969735,209.41482237961276,88.56097578611089
444446666624,37.7333109974855,222.5392838996888,73.44582429320361
444446666623,33.21054583462007,224.75146035570194,80.00799469057662
4444466666233,29.512447768209913,227.3260104153894,84.45322388008182
44444666662337,29.1352704349272,226.00351525801898,83.15552753688614
44444666662336,28.89663741811403,228.76569345446254,86.54160090565153
44444666662335,30.45416818387608,229.56789084157145,84.3200678248189
44444666662334,30.393337829066535,226.1475395924291,86.91490185120222
44444666662333,28.176704523931324,226.37503065903437,85.9977328596005
44444666662332,32.32585992320687,227.63947018489768,85.28169350531637
44444666662331,27.96309783244756,228.7547028193786,84.24614053629014
444446666622,37.07952516746303,219.95369719968807,75.19959461044989
444446666621,45.33019816533599,228.43017169451892,69.70247859907708
4444466666215,50.171416022269405,232.09283607867744,66.58091467781031
44444666662153,53.48820316987905,233.75272065357078,69.0294521106879
444446666621533,59.65177334297972,236.99040665921794,74.03284039837702
4444466666215337,59.41212455655829,235.8647965937566,72.27243220008974
4444466666215336,59.22676116856364,235.92783115480856,75.62240073637057
4444466666215335,59.4912970739986,238.9450916020262,75.34100428717434
4444466666215334,58.007607834669614,238.07767684105994,73.04744932438278
4444466666215333,64.39649558535704,239.90176712114945,77.82698444508861
44444666662153332,68.539222167527,242.12375549251806,81.15638524852905
444446666621533327,70.08685529604777,242.05899212458684,82.76671572390124
444446666621533326,69.07101659100309,240.1819419840209,82.0625405499761
444446666621533325,67.1023498597989,244.2302618856691,81.46631040508962
444446666621533324,67.20855271959051,240.66150896519292,80.20511967184325
444446666621533323,67.43073917643082,242.45099617842715,83.61121452317451
444446666621533322,69.89705636073778,242.70673235711763,79.60926528346725
444446666621533321,69.75390103168479,244.07791596606057,81.68053669747172
4444466666215332,61.67394764223196,238.7146666567369,73.18220227902789
4444466666215331,61.874624177844574,235.91201435475654,73.86493537412792
4444466665,16.002736463620444,212.7826723962275,52.58572759574375
4444466664,15.429608639039921,214.71332304774148,55.38070960068929
4444466663,18.33441824916792,215.5763961614358,52.32567814269874
4444466662,9.79262075587119,219.73906868041936,49.79918293982008
44444666622,-2.8330686772945857,228.25828811613297,42.117699065036916
444446666227,-4.335593655587567,228.8936346584679,44.33034361528615
444446666226,-4.219033202459443,228.12782039189332,40.36116812111715
444446666225,-4.173011002153975,225.86585136333318,42.610026635033655
444446666224,-5.503010246323713,228.4647970565331,42.199731965931875
444446666223,-3.004114101530487,230.18777206551903,43.0159222006454
444446666222,-1.6393421614259294,236.60356822533035,41.9428359495032
4444466662222,0.1339206677720211,241.3193395171324,41.60635645348875
44444666622227,-0.6457365873428565,243.6074760824724,40.996779540688195
44444666622226,1.3134761027500335,243.3652904802234,41.96486368519064
44444666622225,-2.1184661630484958,241.63073544569974,40.9887279183006
44444666622224,-1.5032198229473026,243.23614531381224,43.3734559369265
44444666622223,1.3569192193299198,241.9114177420967,43.459925403511214
44444666622222,1.5413258668072445,240.3411316280616,39.84335842665893
44444666622221,0.5182735764075301,242.46775031549396,39.63130963771922
444446666221,-1.9650058514522057,228.62566381528964,40.41301687503032
4444466661,18.09008855059001,214.65039672392902,54.76855621967763
44444665,9.265883718967375,198.74969956045632,33.43580915108111
44444664,8.706258774739798,200.14100055874772,36.82368148141348
44444663,11.781827715667667,197.90157662929482,36.26691239883832
44444662,5.935934642072146,204.63133643405948,36.1355697907359
444446622,-0.26654432512652143,212.95868704018258,37.537045936679
4444466227,0.46474438516716676,214.6777173174524,36.86566183544137
4444466226,-1.9291450865117206,219.72204100109943,39.51934409369478
4444466225,-2.058521554196977,212.33884406849165,38.451634666392
4444466224,0.015725053941372063,210.67959957476853,36.54827855304133
4444466223,-0.5988040479534248,212.7831917502649,35.42771018251594
4444466222,1.627692575393559,219.52788959712993,40.26378363208899
44444662222,2.4953759059625953,227.26439560151894,43.711186392648585
444446622227,3.6938181053582517,227.09042528373138,45.77666891770317
444446622226,1.5207144672902437,236.54459106168503,42.57437651910327
444446622225,1.8991251545022887,225.49246036014668,43.72620360835266
444446622224,2.616750945770928,229.46136597645065,44.929517046438015
444446622223,4.630626625519231,226.80563710373556,42.49910367448559
444446622222,2.799792112482939,228.53178849210178,41.30838356231091
444446622221,4.806919279930907,228.9038862687048,43.74263862643315
4444466221,2.002200838251738,211.87502885579124,38.45293599975928
44444661,11.907453670283989,199.3650829023197,34.241197605948386
444445,-27.306997339297222,130.76719447026937,4.501278934414541
444444,-3.8343867437855783,152.17280166186282,-4.244178994631592
4444443,-13.39296164108211,172.6248319772202,-13.347082281127646
44444436,-12.74046257978199,170.51404880249763,-13.099986223814096
44444435,-15.891314275027618,174.20522729230825,-14.394991678319588
444444355,-19.277891824927742,176.17811386147602,-15.339314663579934
4444443556,-18.87381258974146,178.00380193723512,-17.171351602831592
4444443555,-20.482592729995854,174.67805428306175,-15.92277972379467
4444443553,-16.78829880134187,177.1507145389938,-15.801272774191256
4444443552,-20.41142926131875,178.2046622309864,-15.305871453749653
4444443551,-19.555938655798595,175.8996401864978,-17.568904270713958
44444433,-12.398356555945892,172.0954465826014,-15.302540735736056
44444432,-13.40400727944467,191.01092316004662,-34.213925062223794
444444326,-13.664320712451213,195.52693152892132,-39.050387654360506
4444443265,-14.174527993033594,200.15513296672202,-43.771295096767325
44444432655,-16.171072854826882,214.6223838825166,-57.81172407181052
444444326557,-18.223363606260705,213.09635969581475,-58.28554601148239
444444326556,-15.363499702056945,212.54084807584465,-57.86989441390901
444444326555,-19.323392199138773,217.62785276361478,-61.96552911402926
4444443265555,-22.25417486222456,221.979929691852,-67.56453743666316
44444432655557,-23.476468518154352,223.84874403886258,-66.37105006600879
44444432655556,-23.77654698657056,221.43574557496012,-65.90529633154847
44444432655555,-22.017337811365906,219.97973948483624,-67.18559159733474
44444432655553,-24.428467923313338,221.67594926151276,-68.35464306525512
44444432655552,-19.894966910273354,223.56810341360813,-68.61265986007204
444444326555523,-17.496478409454944,225.13846361942353,-69.65751421529784
4444443265555237,-16.717141817505034,226.09829843081278,-68.04128922881435
4444443265555236,-15.837868479079233,223.6582852450238,-71.01126011161365
4444443265555235,-17.482491953384717,227.22842273262165,-70.3552689448523
4444443265555232,-15.743328502604133,226.03576906946597,-71.05901002989486
4444443265555231,-20.0255709588974,225.3161572555665,-72.42637874209956
44444432655551,-22.866442291127825,223.77977066797632,-71.22554047993366
444444326555513,-22.538447107081822,225.230460844672,-74.06724794082115
4444443265555137,-23.577565788113215,225.8666889429908,-76.16386226359589
4444443265555136,-21.543524031061672,224.7962616738259,-76.12426079478843
4444443265555135,-23.149805909236516,227.42863085472578,-74.53963747007948
4444443265555131,-24.529631580713534,224.31060919239485,-74.80046857980938
444444326553,-17.488780498226344,214.52079376815607,-55.9767213495826
444444326552,-14.523960392487504,217.38703027185724,-60.08201838789822
4444443265523,-12.486372127543742,221.00863094388401,-63.05459304134852
44444432655237,-10.931889979410592,219.7347884535698,-62.47806178458181
44444432655236,-11.274230347600618,222.62714768853505,-62.213277341913276
44444432655235,-14.56853063906127,222.9308981484224,-66.09862947743362
44444432655232,-13.514896050212661,221.71086964310462,-60.86163216917054
44444432655231,-10.92752591483675,221.62952156164746,-64.4778121554042
444444326551,-14.805220146505667,214.83924797748227,-56.3131583506551
44444431,-11.32568548841696,173.35616733384194,-12.978646084173892
444443,26.847385236908128,131.07479834043005,4.523507349110709
4444436,92.36170488981692,99.10859024208015,16.508476978711855
44444367,93.719818286886,106.96132552032451,3.5341583772287133
444443673,93.67936481756142,110.68107281164093,-3.7184751514854515
4444436737,91.1330058840523,111.0887729970176,-5.049032255138727
4444436736,98.79719251709187,113.97010944226948,-17.457958218989553
44444367363,103.0781029051641,116.75887508357052,-27.797063807427676
444443673637,103.96428138735335,116.1627561505826,-29.880121748594735
444443673636,104.37464981037726,118.56869355583251,-27.64740972087803
444443673635,101.16691258917787,116.97794419348175,-26.629016120646696
444443673634,103.71488134995144,115.96342551463023,-25.870240677336902
444443673633,106.46039236859869,120.22856551601335,-34.85723043067269
4444436736337,109.2878238646242,123.51607493784303,-42.100150999731675
44444367363377,109.68976332771483,121.4740404101135,-41.51091945395385
44444367363376,113.03294366008498,127.02864682666151,-46.24258076588344
444443673633766,116.09724568350941,130.05724902035595,-49.84021385318562
4444436736337667,117.10662999278982,131.67368286554233,-49.37172798981871
4444436736337666,115.58302528672863,127.98976760194243,-51.27446027588538
4444436736337665,117.9808346002844,129.11816774923918,-51.07940431140195
4444436736337664,116.92791670609567,130.9422281569914,-52.03987768763475
4444436736337663,115.15307035102309,132.28682602908106,-50.468353126069424
4444436736337662,116.67459287929658,129.5456554598905,-47.741503354727946
4444436736337661,113.45461957107594,130.30843826782555,-51.32305023152711
44444367363375,108.64311275307124,125.07852872651264,-40.21443897513462
44444367363374,111.6341132089707,122.82312667693036,-43.022972528085994
44444367363373,107.12230289968232,123.08559059987445,-42.22114652392589
44444367363372,111.85940045710406,124.49361585884499,-39.67049721351174
44444367363371,109.58667539487634,124.94633000226005,-43.420819986151606
444443673632,103.45328211199136,114.58338765738004,-28.140485550679518
444443673631,101.41973101164062,117.61912752525402,-29.136966642485127
4444436735,94.63933174513397,110.02494703638054,-2.473375504616756
4444436734,91.21888537545485,107.3715607950749,-0.31813025256101585
4444436733,92.01827076543715,115.85915437688185,-5.863103916749477
44444367333,91.02899138691036,120.24978676180136,-7.82273278031583
444443673337,92.68471134793388,119.47070868690746,-8.434201256737941
444443673336,90.78930218323814,120.18061357132989,-4.836429952928535
444443673334,92.53739624714999,121.89374371481934,-7.642589052404628
444443673333,90.33091863376187,122.14301675050646,-8.649704891342038
444443673332,89.45582608002486,121.89729774921585,-6.503528648867478
444443673331,89.30829905777873,119.66704865825896,-8.775217685924526
4444436732,94.70512672087565,112.18818712252946,-4.5640754647395765
4444436731,93.9414954268639,109.3200787492294,-5.525152047000994
44444366,96.06916765813094,98.40785679891496,21.21032431487198
444443667,98.76058052839373,98.07057223175445,25.29506879260671
4444436675,100.95926318455209,97.99020971427083,29.355445194917106
44444366755,103.71655426759408,98.3218649763587,36.12580517104132
444443667557,105.44577512005324,99.17805300041587,37.22882285224343
444443667556,108.33653654915831,96.61663192236553,46.599020849208365
4444436675566,111.3430329323173,95.81819680088093,53.496206618627646
44444366755667,110.35823070524168,93.55820192870723,52.74682336196439
44444366755666,111.54490407395967,97.15279052231692,51.92972160853464
44444366755665,109.75665579213336,94.82024181911093,54.87249613655118
44444366755664,112.36281314523477,95.29902040403707,55.56786834650922
44444366755663,113.57398046656843,96.30419856997163,53.900831767238564
44444366755662,110.69169616796026,97.09586324655827,54.99740411793033
44444366755661,113.0643859325294,93.85577377896898,53.06448240859046
444443667555,112.8845778178054,94.02677769437992,34.36036321648141
4444436675553,118.98312325801726,91.38791961775243,33.057984939158956
44444366755537,118.8220313356751,89.38488841991565,31.825170299947054
44444366755536,117.12833063652548,91.51390258704303,34.50874927529042
44444366755535,120.81553106303649,91.16142552180254,34.32325042422247
44444366755534,119.65876035838963,89.20181089258699,34.017383888333335
44444366755532,119.79037409892896,91.51203874494995,30.89306806626987
44444366755531,120.35146285868527,92.99413153740456,32.915842369243286
444443667554,103.80943102078517,96.70211965330311,37.64930270749564
444443667553,101.68933343906578,102.07009809559001,36.1469749242438
444443667552,99.81192757291561,98.51953913737297,35.73229006688515
444443667551,105.21444833406086,97.29625980294004,34.87402334690719
44444365,97.42568702296073,94.99944432939034,14.887707238846769
444443655,107.79798613676623,87.72738155995627,12.23403815113728
4444436557,106.37253099316253,86.04454929478827,11.495720217793615
4444436556,106.79197698125613,87.71092202234614,14.496506474612074
4444436555,114.19715624948103,85.20775838160927,14.264070958156633
44444365553,119.1272973134298,83.83225664474642,16.234445534539248
444443655537,120.75671355251592,82.08288852031849,16.640389477406398
444443655536,117.82146886112889,84.50088059742289,17.60050772827916
444443655535,119.50658713280566,84.2021361642973,13.317918621334682
444443655534,121.47034018359321,84.2753786680283,15.528479376028285
444443655532,118.57994932430638,81.42782057474386,15.87771420176486
444443655531,120.55524376836651,84.85992963352294,17.42119117835948
4444436554,106.44224906073771,88.92044204453293,11.832188308453201
4444436553,109.05697785029925,85.43255124376628,13.722554702205311
4444436552,108.72208539254216,86.11365660378316,10.775442168203893
4444436551,109.39476238348395,88.72037236364483,11.551891425215468
44444364,90.7808649331323,101.09991361646065,10.909799206669646
444443643,89.26161739501983,103.47260609955615,4.025167320218304
4444436436,89.81539845142424,105.74442015553507,5.085970238094085
4444436435,89.85599185656496,102.8667171011653,2.273894038255083
4444436433,88.0997703271446,101.76609014061904,4.087902297473684
4444436432,89.24924592154237,102.53723260855216,6.311342569351122
4444436431,87.24299538765023,104.32914857292064,3.7625120949100093
44444363,94.30858042999857,102.97064010525047,22.651584314136976
444443637,95.58836070996169,104.51454525785242,26.360424543881727
4444436375,96.92628176189322,105.34497143741639,30.029744548634383
44444363755,99.01634746226873,105.54838055715945,35.781366094320184
444443637557,98.68642114733723,106.24616511954983,37.898710410344755
444443637555,101.36740096658389,112.58632391114689,41.4172596654786
4444436375555,103.1219115129013,117.4338536300011,45.0984932738287
44444363755557,103.11875643895407,118.04313245316503,47.387100558327546
44444363755556,104.16384968733375,119.43063070441298,45.467208481759194
44444363755555,103.69340494052692,118.13528422155562,43.280749199391735
44444363755554,104.8566276509095,116.57443075521735,46.34521616346565
44444363755552,101.14998570032408,118.3198475426896,45.8152048651069
44444363755551,102.06312919473903,115.12961992200204,45.007453546006786
444443637554,98.0801935724631,107.57375519462036,35.489984857017
444443637552,96.86437621693376,102.93067393361609,35.49608969813948
444443637551,100.75359736692317,106.94033726942476,35.68961203776753
44444362,91.61234851203365,98.89404265044638,20.246824579234858
444443627,91.51086370638507,98.79655507251778,24.0238539145756
4444436275,92.17298359209978,98.91960308314735,27.803164001701127
44444362755,94.84160004916885,99.41884348908042,34.861088338876385
444443627557,93.5274135391559,99.38301849868002,36.87799034472246
444443627555,93.01053214064373,101.15469141819739,34.85041407695373
444443627554,94.24818693393169,97.75218820487959,33.627055799134006
444443627552,95.43137437303055,98.21406707880747,36.51898172875507
444443627551,92.55608011501454,98.61957475517322,34.959812181860855
44444361,90.45402539307679,98.59135295909226,15.697851550759506
444442,-2.0755333603814052,155.62088414962153,8.288979478050434
4444422,-8.74766780585802,198.5851180511309,37.46129056466351
44444227,-9.306029521743437,198.30923831085045,39.62739011787663
44444226,-5.324408307336959,204.27787906888668,37.32617716312883
44444225,-10.04460380629052,196.74021196384027,37.031599465778235
44444224,-7.561735897506876,196.7976038576172,37.322512684136306
44444223,-7.033416517007479,199.01629419581354,35.5894076897081
44444222,-12.992683794224089,205.79214287997152,45.86973854528535
444442222,-16.796609854911285,213.95131770357932,54.6810071871928
4444422227,-16.255314140296523,212.07849281811485,55.35139220174023
4444422226,-9.937991817120617,218.9989698321229,50.92770440672051
4444422225,-15.893391043201854,214.6520247790464,56.39676243620638
4444422224,-15.173347028480466,214.66346639889454,52.59678581560134
4444422223,-18.104889166658143,215.60128959791874,54.96507167067203
4444422222,-27.339049103014307,218.1952448978669,65.33910461733429
44444222226,-36.25605619247908,222.01490501158847,74.71811842185232
444442222267,-45.600205341406905,228.89299462691207,68.73932506413483
444442222266,-35.24410272845814,222.17075605552762,72.85576240032591
444442222265,-33.34894574955711,224.64770328316226,79.15725945932945
4444422222655,-30.22016885293412,227.15977647857287,83.99861326019666
44444222226557,-27.805678720795544,226.4735809153947,83.91614454630691
44444222226556,-29.424969418156568,229.6280123441182,84.56946568192625
44444222226555,-28.720409362551923,227.42304092841738,85.9607367389768
44444222226554,-30.21124721202353,225.58001136326934,82.6938507143944
44444222226553,-30.800029259792257,226.33239915063282,85.89522440469997
44444222226552,-28.918440577140974,228.64434942494478,82.27479277057127
44444222226551,-31.723476070139053,228.43641179451205,84.9602200912648
444442222264,-37.7558392935507,220.52344418713864,73.9061406176304
444442222263,-39.398700201027836,217.36099914577636,79.98700306096327
4444422222637,-40.82216117022887,215.10071636995988,82.79190146570414
44444222226375,-42.06270757179473,213.0412485712154,85.57339925814641
444442222263755,-44.308881756816405,209.3996136602266,89.74819852672702
4444422222637557,-45.623960488178106,209.69026980169266,88.457969024274
4444422222637556,-42.868016962105116,208.4570311272548,88.657573908248
4444422222637555,-45.95815286889525,208.67579448447884,90.77727619210144
4444422222637554,-43.226878422991525,212.28279703533477,90.39480829464607
4444422222637553,-42.22738566759253,209.4485416709909,91.87278899851093
4444422222637552,-45.41086761056448,210.597320003115,91.78177549164938
4444422222637551,-43.74440720769438,207.89769339834913,91.41187910540101
444442222262,-37.542951814855954,223.85347710282636,74.40150323307671
444442222261,-34.77634410692583,220.89103979189352,75.64775640077573
4444422221,-18.530308522697304,212.99660463921964,53.93991329424371
44444221,-10.509765528106389,198.9958487343097,36.004049522066936
444441,4.486499058052039,150.4670317435849,0.06977695795457911
4444415,20.545810089017493,175.72246700772467,0.7880169927675494
44444157,21.223657955992426,174.00250746518677,0.09202594370041202
44444156,29.328392867242247,193.57149437581154,10.407341916741334
444441566,41.683908137343195,217.63635912587134,23.49043354700701
4444415667,40.14517735143598,216.0739858862821,22.58704885927562
4444415666,45.88242127352475,226.80348352250718,36.32929439955011
44444156666,49.13485887187657,235.74305481127348,48.64333697382753
444441566667,51.5160536331066,235.58734463291583,49.38189939534463
444441566666,50.03972185889504,233.2988542679434,60.50235104039247
444441566665,50.439159783668565,233.86305528665233,47.52221717593681
444441566664,48.60031761256687,236.40066843255738,50.37368486616731
444441566663,47.751106150307805,234.37517014307093,48.48047907890559
444441566662,49.043678481071,245.38965154453805,46.05155734385087
4444415666622,48.14428377723432,254.26790750355605,43.567823420742975
44444156666227,50.06311500412553,255.4511349513931,42.56487088228981
44444156666226,47.086411080751404,255.9040094566405,42.11474697400443
44444156666225,46.616747531343215,254.90884091821178,44.842681972990356
44444156666224,49.45482268346195,255.48303735089402,45.02692712311521
44444156666223,48.49630167132797,252.89207934997677,45.48094406433559
44444156666222,44.75549970278472,259.05371663552256,39.11146505719301
444441566662222,41.5913319080429,263.2532281308298,34.23442969699029
4444415666622227,43.424169659071964,263.58853178404945,35.08863248779963
4444415666622226,39.98165179587935,264.7345464040341,36.14066794865506
4444415666622225,39.85953628791267,264.54638269350767,33.671909051194945
4444415666622224,41.75742669694884,262.40455161402696,37.46826226242138
4444415666622223,42.11575517769922,263.2114051519833,32.33089189125678
4444415666622222,41.94930474753551,265.34592899694263,34.979886982041236
4444415666622221,39.204109427535116,261.8774998152735,34.567985714398354
44444156666221,49.21457798502784,252.7717315731312,42.25935661637463
444441566661,49.43211239280675,237.3585231760828,46.811322136421275
4444415665,44.46196394602539,213.90948548032108,22.5920419932099
44444156655,47.691381442116565,209.89146051200294,22.635942200981056
444441566557,47.468855538722295,210.2211332011306,19.61224310888102
444441566556,48.028050196212654,211.51601066623888,23.401303261667195
444441566555,49.43913174823711,208.75081257578302,20.404919738697863
444441566554,48.57428431254119,207.39708924097178,22.11376281602678
444441566553,50.11436428632428,210.1276657202559,22.517537954420828
444441566552,47.72339840138758,208.45759579165718,23.950733560858435
444441566551,45.64434495078855,208.73061493475828,22.09255633737528
4444415664,40.054187518346296,219.00631124943527,23.86530650769286
4444415663,42.58869838501544,217.45676429031573,25.1741049095977
4444415662,39.92244906117782,226.27808904466255,21.632671052221358
44444156622,37.84511342220991,236.08235700110743,19.9580329802307
444441566227,40.21015621984021,236.15429440937777,19.195353458286338
444441566226,36.70131824205913,235.10618572587984,21.301559795023877
444441566225,37.62754622206049,238.20950124096848,19.87235083660835
444441566224,39.68842128478106,236.6790769556564,22.37561573763952
444441566223,38.373596022914924,234.3680017494584,18.736330993435548
444441566222,37.25621033179576,245.53268701286675,22.22226359792842
4444415662222,36.572751142982796,254.14073010570036,24.54644323634759
44444156622227,37.46203853612434,255.88439164308028,23.216648606276078
44444156622226,38.845060431080114,258.9794063730297,29.59541287434088
44444156622225,35.754206794848066,252.71193301387146,23.27752656610906
44444156622224,38.14162150684953,252.3641618137012,24.299751302273776
44444156622223,34.584510229257695,255.38356487425364,25.661491678721937
44444156622222,37.63887990946113,254.9094761901766,26.376902602269436
44444156622221,34.83015456419958,254.86306514325423,23.106112940334135
444441566221,36.412469790272034,236.60910849598775,18.249746890764847
4444415661,42.32143314677923,218.87880470545235,21.330314735287047
44444155,21.38429034958181,174.805142826321,2.6017885124190516
44444154,19.5234846590356,176.6029739819086,2.8480413036399983
44444153,22.258948858541334,177.26412921849533,-3.3650840099235886
444441533,24.390392172794183,179.10742656269747,-8.364951660562948
4444415337,26.259781928942747,178.58052510992968,-9.505961079940956
4444415336,23.867296061167544,180.81292499330326,-9.533340819090121
4444415335,23.06488611641795,180.16232968208638,-7.211823956785039
4444415334,23.456725249596598,177.03877428219369,-10.004170537929854
4444415333,26.15486387558869,178.90081185841552,-7.213403765731099
4444415332,23.264150133159774,176.66098714852868,-7.187500484243156
4444415331,24.21662533381592,178.94575851974872,-10.66718578884877
44444152,18.491770354823633,175.93034516908776,0.4058468853695883
44444151,22.079790312709015,177.96259778910377,1.0121622943366728
4443,39.29621864216278,42.85329519366809,5.789561621406892
44436,82.61529206129414,40.28108934877227,3.4375554887302937
444367,79.27825207678183,45.63372277016348,-4.7057200601863265
4443673,75.45120401846901,51.07514510487442,-14.097703410023719
44436737,75.43647622077232,53.130724216232906,-14.889300205017317
44436736,77.34022880462729,51.679018552793025,-15.601718460501662
44436735,77.24033042939287,51.01017704799567,-13.107764123726781
44436734,74.20105427736887,51.14345842628204,-12.583376096874186
44436733,65.59644452496251,53.09582045471727,-21.316564975522194
44436732,74.0514057652201,50.806744129330816,-16.29539784378907
44436731,76.2185189132128,48.74415394367786,-14.972405994092702
444366,101.8618687130706,42.05821006310539,19.75245023561959
4443667,108.48143370345697,42.763734216933585,24.982456642388673
44436675,115.26961517293928,43.565926970721556,29.94552918802428
444366755,139.07731759798568,46.274107695911425,45.934097563244684
4443667557,140.56779752016445,44.76759380073202,45.825583195290726
4443667556,139.97678888364567,47.826712723053916,46.85494124900714
4443667555,158.8497274950007,59.89514228204104,49.85392406293186
44436675553,172.72897634510375,67.567538314872,52.88992153980764
444366755537,171.86395891947348,69.37705311947667,53.66684069217988
444366755536,173.70483773754466,69.06175080897,61.33987361924979
4443667555366,175.67891138338217,70.32654268976455,72.76138461197287
44436675553667,175.96239001339077,71.16850215740044,74.56145622903173
44436675553666,176.66228136916948,72.23926590058751,72.1009031162444
44436675553665,182.43768132640426,75.03109910941748,73.80702942423795
444366755536655,188.74568244085074,78.24991143874233,75.43760936564786
4443667555366557,190.56044396780464,80.10762669928657,75.10501129596233
4443667555366556,187.1261459138583,78.45238192077478,73.15356527673094
4443667555366555,189.4755703614499,76.58117943460849,75.83847895842187
4443667555366554,189.00609729587592,80.08607986418194,76.79251714852789
4443667555366552,186.88300884118257,79.68587725757503,76.08819554300574
4443667555366551,188.94702923816678,81.23484763772204,72.81389428778199
44436675553664,177.48196420300908,69.08744283902324,71.08297847403828
44436675553662,174.68289401887642,71.44718638242232,71.10720761547468
44436675553661,173.7373798466432,69.69730108872152,72.38956017355069
444366755535,184.4399203933168,77.84040886751964,51.02391623237908
4443667555355,194.09510838494563,85.37436718187374,50.699429783572945
44436675553557,193.61233348782181,85.94156098306799,48.46447095545907
44436675553556,192.54196886382786,85.77275986808647,51.872357091418145
44436675553555,195.97228904334585,83.7145796626001,50.21894092085913
44436675553554,196.05890587641326,86.31172312382122,50.17927709964567
44436675553552,193.91579763990217,87.42595616221982,50.27890134890407
44436675553551,192.907211094433,83.66721745536294,49.176673616444624
444366755534,171.50088927109726,68.9310781116326,51.37414936572238
444366755532,174.46957030145552,68.0798432063273,52.054132789421246
444366755531,171.21071154505648,66.32489538389387,51.264978160387464
4443667554,139.24818037567985,47.22289900503265,43.86037639717223
4443667553,137.80089470812987,45.302766795006654,47.529301638496264
4443667552,137.40841785897172,48.45729429096464,46.4201419229063
4443667551,136.5088870954142,45.816270041217734,44.86791479785697
444365,101.90288956569267,31.599691697813288,7.731154907196839
4443655,118.87047852614367,24.547758281321123,11.79694343270907
44436557,118.82396973669933,26.151593251661673,13.005458898284205
44436556,119.80357974000897,24.615847835109516,9.473655839379113
44436555,126.09291233680332,28.044720309951842,11.864941789757172
444365553,134.14150789376595,31.59475539188596,12.354800874272522
4443655537,132.9766782232906,33.93930761236376,12.066448787730646
4443655536,133.64991882518532,32.29759479964907,14.64333055430521
4443655535,135.83112903418302,30.216959972229127,12.185284429854745
4443655534,132.83845659533034,30.193239422962826,12.108779440355915
4443655532,133.88005993612157,32.46795887105636,10.310224049540219
4443655531,136.20512130289805,33.01452111626182,12.083931157221361
44436554,117.58678259119078,25.302173164304318,9.936875567450793
44436553,116.71594094989065,24.7617389042283,12.131979529500901
44436552,119.77058846421514,22.825924248388308,12.854532361503027
44436551,117.97846764494862,22.382736287818844,11.187433409666037
444364,86.18608116213686,65.01271934405725,8.709309645486949
444363,82.58620956263384,38.23044603826297,4.643484742530126
4443637,82.68175945241147,36.13978855453752,5.257559129054151
44436375,82.93331917644224,33.92177727009013,5.545437476608282
444362,67.74112260673891,39.58755421529276,1.7854666821248284
4443624,54.98050761714785,38.908934407270124,-0.634109355587855
44436247,55.78005067072251,41.16899359039378,-7.543217220928497
444362473,56.92019613643758,43.72415965726129,-16.293036555710312
4443624737,57.78748076639917,45.761520730133874,-15.10830732744325
4443624736,56.97183257394524,43.12513118749702,-14.354063009146095
4443624735,57.762739749499836,45.251940521561956,-18.279607954240156
4443624734,55.152419601655666,43.59965914843431,-17.353648250891524
4443624732,57.27023506124905,41.74941458823547,-16.81383933933771
4443624731,59.115178037391615,43.12958267924662,-17.151334391966937
44436246,52.48503193722155,39.567822717902544,0.10027948324931747
44436245,54.232165368666664,38.43297959342629,1.566772496609092
44436244,56.470686356667514,38.05556659420907,-1.4075148996649307
44436243,56.20439081264659,39.656802110166915,1.1010189802589925
44436242,53.8229011797939,37.15789512737467,-1.0862208462463518
44436241,54.85739205244485,41.36966920803056,-1.5223712487975414
444361,83.57314465231217,40.32688461545613,1.3332907641497114
4443617,84.15184542950209,39.46742211508141,-0.8491699011757735
44436175,84.34527354849654,37.96722486657014,-2.9138117905812932
444361756,84.66956101311837,35.47826081594789,-5.218722501184228
4443617567,86.56980450299154,37.85167093274455,-4.822974038769162
4443617566,82.77640209549999,34.73262884927428,-4.152681536496589
4443617565,85.0914427959368,35.372006727026815,-7.633331331196328
4443617564,86.55494682467348,34.516774781945145,-4.912991272698375
4443617563,84.78061100015493,37.521262354993354,-6.975607513582666
4443617562,82.40494132257717,35.14138955594177,-7.328984479296947
4443617561,84.87266681633622,33.41770234639584,-5.19116441883608
4442,3.0900568384984037,42.118009158075864,8.458579264368257
44424,6.21787141392908,39.84212928510966,8.552945691785691
444245,7.008370069880342,38.175354406899366,6.139464724469835
4442454,7.450688355486297,36.78070375606658,3.648331096213214
44424544,7.50721582819018,35.566613107758776,1.0690642527559582
444245442,7.491669016559317,34.20713974810168,-1.7019993889209848
4442454425,8.805127918791118,33.79100781329689,-3.202269277332389
4442454423,4.7762595820125435,34.49590830168089,-1.6560300665438275
4442454422,7.5496342810698644,32.284718627406235,-0.9514688779355571
4442454421,6.500000572692052,33.96908961042031,-3.8042360167713176
444244,14.304246109131379,23.736826410167293,13.314222685940509
4442447,18.325799324631774,14.389597327764102,16.02547111351999
44424477,16.931269354197198,14.410374792906568,14.607335660545727
44424476,19.462716677145885,16.61342824715439,15.80504050543971
44424475,20.952812355173684,8.266557473629225,18.70884389740398
444244757,23.352430025291415,3.2700340950903755,20.71023166585835
4442447577,23.048898151736612,1.3192309492034475,22.499775967473504
4442447576,23.816301234852848,3.655413611539788,22.793394537466764
4442447575,20.724552144664965,2.397766818765753,19.536435192630144
4442447574,24.76120832800962,2.087002690826403,20.372286565686935
4442447573,24.10100575735814,4.422822377283264,19.54584122155036
4442447572,22.766605891760882,0.9156656520961849,19.91478665691467
4442447571,20.807621224376504,3.605901621688376,22.48294687383722
44424474,19.12567280628143,14.826114317090104,18.123785768859193
44424473,20.455221115166953,12.898025862896166,16.040416516899697
44424472,19.1932542930149,14.149825047056966,13.728027528849
44424471,16.833733923438913,13.347923605986896,16.986759101626866
444243,30.982379204616205,39.41660575368487,4.168806336149999
444242,7.8819274381591775,39.22586541621427,9.855159746166539
444241,4.995784433791795,41.78318687685855,12.181752002451756
4442414,8.803424457163207,39.738759745266506,22.035188828709103
44424144,10.338008989611653,38.82159673315364,26.06164558968041
444241446,11.96595872376782,37.86731405671241,31.492506148889305
4442414467,14.307745743009281,36.859251284776335,30.20877845983955
4442414466,14.27657653820712,38.572165912399214,32.88842038367701
4442414465,12.041904101761567,38.66655160882751,33.65105652558196
4442414463,11.094357685996561,36.02862121496677,32.72547138643911
4442414462,13.46273882513176,35.61134627857288,33.37411526143439
4442414461,10.794512263947093,39.200205491409456,30.97565677380432
4441,-2.277225571549767,47.359805343594275,8.083450603456324
44414,-3.895077834500214,49.75906552672437,7.710715848627144
444145,-19.11059731434908,53.67668854767994,-8.877752768218537
4441455,-29.317386630883032,55.55995099568555,-19.12936547474102
44414557,-28.343421207382473,55.84985573841389,-21.53104113944747
44414556,-29.90479762764446,55.397795816943685,-17.299397798087977
44414555,-40.354728029120785,55.23732034102951,-23.58146635066056
44414554,-27.16611173973601,55.43234761147661,-18.69250013150411
44414553,-29.635821103056657,53.684740066782055,-20.099819386431925
44414552,-28.362038274701543,57.891262849049475,-19.496313592946127
44414551,-31.023038451664174,56.92545616547912,-20.22663949258101
444144,-10.588008057865673,64.98957726387748,9.719545532051322
4441445,-13.682300184578436,72.08510811268383,10.335688564303602
44414457,-14.275444582974407,73.14532957465379,12.76124637728057
44414456,-14.113471439089107,69.96047551156036,11.636586302460127
44414455,-15.77445808335826,72.74847099763066,11.092364321112239
44414454,-13.635706936367942,71.37162593274347,8.462511824500131
44414453,-12.617321828434859,74.20144244586228,10.166506188676195
44414452,-15.015687514511688,73.51281571715586,9.223671796781105
44414451,-11.639003148065774,72.68229890194574,11.604103481927304
444143,-4.275964451426019,51.23822798242902,9.452265664408326
444141,-5.045050176587694,51.698075488387076,7.3040655292002565
43,49.47375526637904,-37.413243921763026,0.7303938898873096
436,112.20420313694393,-32.49699098768565,-8.556542314212525
4367,142.098872894282,-69.56487190858209,4.731734568602951
43676,174.86364621732872,-110.3922159202928,18.42852452900246
436767,172.9114176745317,-110.85638962773916,18.116787148922487
4367676,169.9790981668312,-110.62097541101512,18.252578757053723
43676766,169.05642185822146,-110.03547846703977,19.804056443097814
436766,198.16837978201795,-113.04913861998104,14.308862481169937
4367664,220.37222796613358,-116.03646589136382,10.939739320710958
43676647,219.07925043449455,-114.75777909223491,9.555739087036251
43676646,218.26479389964214,-115.56200149182689,11.986678546336163
43676645,220.9276865945711,-116.47771748952027,8.991974131719411
43676644,230.69686795410394,-119.77517839766026,4.725488027716004
436766447,238.45713322938252,-122.64569056655729,-0.3015713211812565
4367664477,238.6278828312141,-124.13892063933478,2.0624888795855076
4367664476,236.6961408837436,-123.3903491245385,-0.7950632976813651
4367664474,243.21793933585712,-125.92189399596445,-4.595615986481658
43676644746,247.38952007588384,-129.13115493388256,-8.354395089631552
436766447467,248.16750269437694,-126.7917739746772,-7.985625034604399
436766447466,249.2237308635229,-129.7804626067483,-8.598031030805666
436766447464,251.27876566499475,-130.46209578122296,-11.868901554344939
4367664474644,254.32281897744164,-131.449394147915,-13.870403791797044
43676644746447,255.64279567567627,-130.13256450746033,-13.174434359086485
43676644746446,254.70370056049018,-130.57794442436406,-15.994463315123053
43676644746443,254.93118802177688,-133.5476915513965,-13.180753890402698
43676644746442,252.9919243465869,-132.953436073144,-15.852915280346446
43676644746441,256.13781992441267,-132.3720339278656,-14.96556672511051
436766447463,247.0164911886431,-130.2348009366659,-6.785405837379136
436766447462,245.59004357905906,-130.12534611920185,-9.041865388414504
436766447461,246.35408237260702,-128.21825596222655,-10.856795100237283
4367664473,240.62639118563004,-123.73606967857538,-0.4877570274377514
4367664472,238.84686389049426,-121.08528375787604,1.4400786602770825
4367664471,239.28235930248866,-121.17070531141827,-1.4380374226777275
43676643,220.3137448188534,-118.51257027362398,11.386988263816084
436766434,220.36308212082298,-120.95897471608025,11.59379216492825
4367664344,220.49867876061307,-123.05062509134298,11.78782178921547
43676642,221.51381147823037,-114.01775181478929,11.336038092773974
43676641,223.0658133449489,-112.96467381864193,14.35512754242334
436766414,224.81918368490204,-111.12162486188984,16.330476720383533
4367664144,226.59257563363275,-109.28570326801764,18.207656416991146
43676641447,229.5469985974775,-107.08036762821246,20.502618159076707
436766414477,229.87603695692763,-107.07197265144033,18.416843931072403
436766414476,229.30342884366306,-104.89436589022883,21.767252961542148
436766414474,230.86197243991347,-105.48928148540254,20.015454744147355
436766414473,228.99165159170525,-107.72536770828638,22.714951171769062
436766414472,231.07064319646858,-107.4750735203466,21.516953284162028
436766414471,226.9912641098932,-105.40408141773963,20.53499937487351
436765,176.3157076151063,-111.85567810274206,17.189706882579138
436764,174.59890672703557,-109.04425791518345,16.768300291778136
436763,176.0364428978397,-108.30422244712811,19.452924291290458
4367636,176.8987180953101,-106.58284015763562,19.99255764187074
43676366,178.4212438948579,-104.67675767577532,19.91343612503113
436762,165.65981688416136,-122.47442428593774,14.48146617649151
4367625,155.989889320594,-136.16841536574898,10.887690260252974
43676257,157.26391446155523,-134.52745639205455,10.265558598394511
43676256,159.90960784552954,-155.25212884203418,7.676685917452134
436762564,164.1013629857968,-177.45690347447243,5.15387025433828
4367625647,163.47879240347427,-178.95125645607274,6.831672195717646
4367625646,165.5232162385909,-177.0317915922962,3.759040435553804
4367625645,166.53216030633166,-190.40710327028359,5.429397851353961
43676256454,167.5887766026558,-195.41981824892287,5.676023601336811
436762564544,168.61306917742417,-200.3221573729363,6.012622748790082
4367625645442,170.96836096748478,-211.17517268392447,6.584526670575813
43676256454427,168.53632595858193,-210.91483338530807,6.794752307258592
43676256454426,170.43795018865472,-210.23159962193378,4.926431188504797
43676256454425,171.47617539829577,-212.88844040699644,5.900515582670099
43676256454424,172.81286456859425,-219.87372117903695,7.822009681332762
436762564544242,174.9502373792418,-228.2639442155278,8.921199461908548
4367625645442427,174.99505186836373,-227.06737906126963,10.582342445315444
4367625645442426,175.56643100751182,-229.93675483782113,7.514189639915279
4367625645442425,173.1743448905777,-226.73743664977496,8.046202552786372
4367625645442424,176.55302336824255,-227.37823714441848,7.994867273808182
4367625645442423,172.81880018413764,-229.395528950356,7.7767104410211685
4367625645442422,176.22196221162557,-235.07306363527502,9.568088780944267
43676256454424225,177.40327371483323,-239.91909887130964,10.462308180987371
436762564544242257,179.04106394502136,-240.98496917763566,11.220147972211647
436762564544242256,178.04489751389806,-241.9152856598898,9.103502886504064
436762564544242255,176.08504531559086,-239.97203072824544,7.974160456661818
436762564544242254,176.52979455399594,-239.94130141575536,12.243585539444865
436762564544242252,179.37182940003285,-238.9838967769437,9.645570377416306
436762564544242251,176.04890252537263,-241.77012011473795,10.45226996778029
4367625645442421,174.84942923647674,-229.58646386726144,10.616529027591005
43676256454423,170.5864155693902,-212.67515978713274,8.647722390110024
43676256454422,172.94186180992114,-210.37731755873713,7.091744385945188
43676256454421,170.7676357672827,-209.23473638870112,8.611567957216925
4367625644,162.9366638723562,-176.38171036107897,2.5906894415894537
4367625643,166.1579484238215,-177.55159195327153,6.044872401358937
4367625642,162.74448444022693,-175.5704016293964,5.884918011975556
4367625641,162.37690741387567,-179.06373236115147,4.216965704790875
43676255,155.060863908265,-138.82183153298243,10.152215384775742
436762556,154.28234231147314,-141.3528892133834,9.601613754698747
4367625566,153.64406130592357,-144.01228591140122,9.274236932203191
43676255665,152.89836982748758,-147.45096536409326,9.160511780441386
436762556657,152.08049208241383,-146.91190459019577,6.712364565136659
436762556656,152.0616953837423,-149.40042169127088,9.636872618294797
436762556655,150.60121702205367,-146.3977215694173,9.062657463630707
436762556654,155.08249888445596,-147.78614243368418,7.689449881299822
436762556653,152.56914116352792,-149.0993671008468,7.611174854864537
436762556652,151.90747400984688,-147.7777700451116,11.20335749136625
436762556651,154.94691325952962,-148.24888849264633,10.08956386242034
43676254,158.41765510202447,-140.46790824009398,16.346840351845913
436762546,159.8267076499814,-143.19184765674373,19.308985141701648
4367625466,161.16607872406348,-145.87045980656882,21.981235124669087
43676254664,163.53064114011994,-150.00264911020977,26.174466208666427
436762546647,163.41291779121678,-152.12608118549775,24.669327154182668
436762546646,165.77764912852464,-150.3690395138352,25.93664076551295
436762546645,161.6100878236611,-150.99068698176944,27.556657989881842
436762546644,163.86709811220607,-151.85287879100932,28.728429133839434
436762546643,163.23003915519396,-148.5963466799399,25.569876654348064
436762546642,164.80608438166897,-152.95931934036346,26.711239281585616
436762546641,164.50283971960306,-149.52834124719666,28.547788169860336
43676253,155.33696893135246,-135.32059891761918,8.94086509688615
43676252,155.75179200855507,-134.58683572710763,12.57272158640612
43676251,153.69553888960633,-135.64217447162403,11.215739575127175
436761,178.3374909342787,-114.27382997755849,27.838983241881134
4367616,179.92027106712467,-116.16450106618218,32.187072342945655
43676166,181.47188940115694,-118.08934532563744,36.321516440918856
436761665,184.82382897610742,-121.7408701576496,43.931900405003766
4367616657,186.04462431987233,-120.35044238728773,43.66854476819463
4367616656,183.8862379898296,-120.16495734155272,45.37900337211669
4367616655,185.89804373015005,-123.4453855829547,44.780558410004666
4367616654,182.72090071728564,-122.62914744126917,42.22714473659418
4367616653,184.9664454992558,-123.85488884956564,43.00040886341513
4367616652,182.11453355681942,-122.16797710667043,45.08197399286694
4367616651,184.97762049642506,-122.13948011826905,46.116370442679134
4366,121.15770805361332,-17.6022529164803,10.138206697983774
43667,123.82825010450394,-13.115903428352965,15.323199409093197
436675,126.47205754052558,-8.671703717290185,20.16761366884899
4366755,146.09463922488257,24.444871730204078,54.8154142508139
43667557,145.43359921554318,24.76981587364844,57.703627839142314
436675575,144.50498121336082,22.349034395629776,63.04104512620952
4366755757,144.1605626332997,20.790956088387606,64.98322182607083
4366755756,145.8942279626084,23.004379592500797,64.96670550841644
4366755755,144.01505411601298,23.079969540497167,65.51433795756701
4366755754,142.55346431806709,23.242610376332188,64.32299911969461
4366755753,145.12117032839222,19.542023337228617,61.48938230321819
4366755752,146.94680609003606,22.81240136358651,61.775508400311686
4366755751,142.47686658785656,22.326456032461902,61.082082337595686
43667556,160.74264547716794,34.614695521160556,70.3050951690185
436675566,177.421486392747,46.67173506475894,86.9351029014997
4366755667,179.42141139829488,48.26434429394177,87.10239562957138
43667556673,182.44137719044227,49.51778596113658,86.03572607392174
436675566737,183.9295040763496,49.19629786996472,87.89061399323305
436675566736,184.51718167217552,46.81147972163925,85.52097141321319
436675566735,183.1369814600434,51.75352837958559,81.46620109119665
436675566734,183.9319634477505,51.37705309602512,86.39239745614043
436675566733,181.25197838433178,51.479287614655426,86.67106710611662
436675566732,182.34775230855044,50.488305794591945,88.34864655518408
436675566731,181.31058276936358,47.626922885575446,83.87536361531264
4366755666,180.33751256158553,44.96272897379232,86.78566316011535
43667556663,185.5174835196194,44.12764618115623,84.51867491152696
436675566636,185.64656590304438,43.052562095035164,86.63339596579577
436675566635,188.19267130921492,45.54127196618268,80.42968194931315
4366755666355,199.36906075007468,39.47618653284974,75.3522637620459
43667556663557,198.5190190915322,37.11156938328051,76.4506238539035
43667556663556,200.69977445457482,39.1376733954541,77.74094859238186
43667556663555,201.82431533244704,39.67237881909093,75.44544801430878
43667556663554,201.2351562856951,38.03695809458287,74.25935879875631
43667556663553,199.21574882176887,37.76551185696767,73.74610406461645
43667556663552,198.8426604799367,40.61190413379764,73.27009666105445
43667556663551,199.2991756766612,41.18118915767653,76.2740843986761
436675566634,187.86970666220222,44.34008736890196,84.95085037780794
436675566633,186.88137539343174,42.14695230259813,85.34921804257804
436675566632,186.54206637665706,42.349483863055994,83.29357318281785
436675566631,183.16124654467393,44.339847892989226,83.02847369831598
4366755665,179.86555964642747,50.58862220199891,81.71390661721662
43667556653,183.06206405447801,52.35939006172754,78.25806277962532
436675566535,194.2357144922471,63.62122079333141,74.62761656543591
4366755665355,202.41223118063803,72.63849840430919,71.90002762380153
43667556653557,200.97479682883306,73.23931088145137,73.49756117325418
43667556653556,210.9314553367103,69.74612744177246,74.42243242783564
436675566535563,217.2154361290444,67.74047318533553,75.86672289535964
4366755665355637,216.08834759514048,66.28386835807224,78.21063544900178
4366755665355636,219.29196968843152,67.08971374058923,77.60862646208003
4366755665355635,217.70002419163205,65.39738053160833,74.71348681858326
4366755665355634,217.26381604561806,69.73685737377943,75.64471363003929
4366755665355633,219.23267902940057,65.56611355988822,76.30431238896665
4366755665355632,218.61419309390283,68.8893710797609,77.45752495599675
4366755665355631,216.58624701735553,67.5154547176312,74.30062286129684
43667556653555,202.17892354302765,74.90149396668335,70.6532275929574
43667556653554,195.79486035088138,75.95550334571764,73.38378507116622
43667556653553,204.01467359893294,72.63623839375381,73.32352733104888
43667556653552,204.1069012722569,72.73450296386781,70.50296964601375
43667556653551,201.95008804256105,70.7966667833695,71.1937834365866
436675566534,178.7352706723788,63.13029662219683,74.77276247351882
436675566533,182.4544035581705,53.86697954569921,76.75272752195212
436675566532,184.8270812008643,52.72767937357316,76.94264977100036
436675566531,181.9672526535705,49.57973406858847,79.06353917692098
4366755664,171.3725161888882,57.532909055625105,86.05864298980296
43667556644,167.3465521420207,66.62790936856831,84.41887300728217
436675566447,165.64022696444385,67.76091176113427,83.18889300780532
436675566446,166.3959598712025,67.10868270195914,86.51655197353722
436675566445,170.7556579593848,68.64808056120269,79.20512016468314
436675566444,165.95851718801381,68.54412747704617,85.14629034957315
436675566443,167.68602307841155,65.28486127710386,86.03888976263504
436675566442,168.89277156298328,68.46788407192176,84.70349642551318
436675566441,165.36580664718662,65.18806023283256,83.7150659504431
4366755663,173.89670594602487,44.89562168513197,97.90911046617778
43667556635,171.757873270988,43.30457420760054,106.15189492377448
436675566357,169.64403287344624,43.98184094102092,105.29288325610682
436675566356,170.95809903779357,45.47880218364074,106.62660307082912
436675566355,171.27773026257745,43.785280773224144,108.46461224446927
436675566354,173.3856432846879,44.682747198328116,106.42512607339978
436675566353,171.44676857614206,41.731572780681915,104.62150899053185
436675566352,173.99916628163598,39.06450908095503,107.69642617348856
436675566351,170.04079872011246,42.22647515322226,107.44827687728893
4366755662,176.79860367219413,39.40968989150436,100.13409405845692
43667556625,175.7755462316676,35.36191563198389,108.95032282908825
436675566257,177.44899944827654,35.48299843099282,106.48606369907353
436675566256,177.37679248978384,36.05347987649156,110.25116960051827
436675566255,179.74006311022765,28.050157739337884,116.09004293525086
4366755662557,182.7223557540222,22.419440681243042,121.68698562615205
43667556625577,185.0846425333832,18.920401854438328,126.45213252423893
436675566255774,186.6537008723439,16.270579045749066,130.25768504343426
4366755662557746,188.80580791640318,16.612068637841748,131.5454497650945
4366755662557745,185.64632774961234,17.87385484023444,130.14043577530228
4366755662557744,186.90111924768664,16.126847529696196,132.5299008312831
4366755662557743,189.10334526891825,15.808558893406099,129.20047768957218
4366755662557742,186.9868912117565,13.946625715567778,129.60684428746893
4366755662557741,185.48237861573077,14.762470027516985,131.24015039135844
43667556625576,181.83211331717925,21.88323689668111,119.91730344400702
43667556625575,184.30392486978857,23.639418744104933,122.85037855686764
43667556625574,181.19163558903847,20.536249108185142,122.04638152522935
43667556625573,184.48147743705056,21.80409197886489,120.6601752239445
43667556625572,182.65727251876945,21.220564147293494,124.01242867781511
43667556625571,181.39064004335563,24.05896628034,122.20895780189521
436675566254,176.65510208546078,33.23961786088407,108.17130032794599
436675566252,173.8990165858437,34.93956440805294,108.75623501425082
436675566251,175.75238446329632,33.99235764756043,110.35497026882669
4366755661,178.05349742374793,45.82314545153939,84.5637624392052
43667556613,180.30170205831007,45.493503724126576,81.81530710979875
436675566134,180.6579185373555,44.83457080973871,79.5502478322503
436675566133,178.52719130190852,43.80058910495659,81.5136420650068
436675566132,180.52196316684604,43.11919992121644,81.40931729636098
436675566131,178.44735792542218,45.80281280020626,80.368665569986
43667555,161.93334433993013,40.78117861629278,51.303104626120216
436675553,176.06103219269625,55.53079731927551,48.69123043470677
4366755537,177.33281036682436,54.1175862274689,49.051052876694754
4366755536,178.59396967796505,54.19343398409668,59.29710610714061
4366755535,192.63132448498038,70.716547910445,54.585170756938496
43667555355,206.29285851842647,84.32128597467938,61.07222248827967
436675553557,210.58273044430962,91.18975687435363,63.10788611183521
4366755535571,214.61026361961632,96.95552377525128,65.63426189846388
43667555355717,213.46957088654779,98.74907157753674,64.19990459748522
43667555355716,215.74654880499187,98.96835040292693,64.21935206824439
43667555355715,218.15887441802707,94.43520180269498,65.63292465056723
43667555355714,213.75569288205384,95.92848712649233,67.11588772012023
43667555355713,215.9636200644887,98.34214987273154,66.3356203195263
43667555355712,214.45815667832633,95.84557491483189,62.652098979516666
43667555355711,212.89985932078807,98.06121393685444,66.08275758785227
436675553556,205.11018457043852,79.89678993500502,65.2363637419123
436675553555,215.24942976440914,88.38169139764256,63.998545962136674
4366755535551,221.10525309530217,91.67737635351241,66.14643042115189
43667555355516,223.952813620475,88.80078461481791,64.96856029393261
436675553555166,226.49401477336062,86.13016077782906,63.783294435609285
4366755535551667,227.99263514166637,84.25189198707949,63.957702633816105
4366755535551666,225.82151092039203,86.79392579120629,61.9378268354576
4366755535551664,226.98248291649205,86.05218003131525,66.12057157561343
4366755535551663,226.5015978623111,84.45444455352437,62.10877831451351
4366755535551662,225.19530007126272,83.99295685675678,64.64773594890875
4366755535551661,228.5359016778009,86.72665018277276,63.64739044775434
43667555355514,221.29114287664638,90.4637388487475,67.98239293595535
43667555355513,222.82034823050586,93.0434829936032,65.3172694409049
43667555355512,223.0582337368068,92.03157870654245,67.47725835736352
43667555355511,221.18664765741158,93.52392809492923,67.47309722907619
436675553554,200.74090922294428,84.94570030592523,55.78655580868345
436675553553,205.08611959232616,84.4154056331837,59.54785208685826
436675553552,208.23534329794379,83.30132396897845,60.27282084703561
436675553551,207.2997642128294,86.34635248027769,61.12170825486076
4366755534,174.09879274360839,61.706747029443456,50.647343681270684
4366755533,175.27037057743456,55.31732253020788,46.710471521749774
4366755532,173.84517510008695,55.35936709987858,49.91195222568035
4366755531,180.76904852099258,54.823058986701,41.97928715367773
43667555315,185.55628941664403,54.00853514738575,36.042131636208275
436675553157,185.83990948813477,53.77433378168006,33.83398271948564
436675553156,182.91795400769578,54.42216943170683,37.12051353233401
436675553155,183.53534928777395,54.153058893186326,34.05890023927382
436675553154,185.74638588686628,56.19136441070549,34.82843672611767
436675553153,185.36935494952814,52.169610118575896,36.997672290352774
436675553152,186.83643357534442,55.47170872958862,36.874139775290715
436675553151,187.05942125893003,52.80545666773775,35.40003060545889
43667554,141.62584207089586,37.429614358372945,49.5287157314062
43667553,146.18404660567984,21.285922409396207,55.54048247019215
436675535,145.78278259603053,17.84918528335783,58.686126064821586
4366755356,144.56483001739682,16.198393221168228,60.03446643590367
4366755355,145.89683570948876,16.37189400354644,56.76949981924715
4366755354,147.60829918450358,16.175308241954788,58.56095968505646
4366755353,145.80345208446678,15.244708767919663,59.04973851645552
4366755352,147.82425059967727,19.840218711820707,59.06370489760618
4366755351,143.27347719120237,19.299453002623842,58.236586518992205
43667552,147.98456222689484,23.99613395145669,56.58336806028997
436675525,148.78298361621367,22.727929612718928,59.43388514704947
4366755256,150.9002394704187,23.866952002414052,58.7595075292878
4366755255,150.95140248785842,21.64346547913266,58.92619525658059
4366755254,149.57784532151948,24.844366631927645,60.333225886668906
4366755252,150.611371582074,22.442386367127774,61.12597078648871
4366755251,144.755498061706,22.451684289324554,58.80160602928275
43667551,143.57509802784116,23.58283841412672,55.70588962990355
436675515,141.60567871902398,21.881719383451756,58.26959370650381
4366755156,139.27076043973162,22.52939272628109,59.05679908565101
4366755155,139.81926862245894,20.3845917152892,59.126953425153026
4366755154,140.06915459582166,23.497285838885404,57.28301204124652
4366755151,139.91392552024416,21.089098270243397,56.6555954169969
4365,120.24338487419124,-18.032832463623986,3.3000958308508186
43655,134.13774280892008,7.242362135804188,23.577731761239498
436557,134.08143155530664,8.03776774741752,21.81070964016499
436556,139.2758299752243,14.685606500807783,37.458971737870485
436555,140.24960598366403,17.7707250955571,21.843814719206836
4365553,149.3294383634448,33.389033748565254,18.83096693374304
43655537,153.46175014524164,35.71067659911978,14.904063999778687
436555375,157.93906614962248,37.28608239357799,10.554755867276539
4365553757,158.00401436840812,38.69477210999521,12.939060879384296
4365553756,156.08766419620244,36.402285669376504,9.956277402047519
4365553755,157.7129737422087,37.700332256362074,8.474828773786939
4365553754,159.72005580517185,38.5252100231818,10.687184199621083
4365553753,155.46715793563519,39.801721885031014,11.25742410955223
4365553752,157.96625971899414,39.757793134789964,9.500114906600489
4365553751,159.21660117630842,36.23438935599503,10.260856262650902
43655536,163.48991853912935,45.383102265976916,34.358290133813504
43655535,150.20974239638394,35.4762549902351,19.730005281026894
43655534,142.4168478427192,32.93623271386283,16.00355434916889
43655533,149.86576290897884,32.78224754706262,17.121079267191153
43655532,146.9404499687642,34.096691381305725,19.340423230253432
43655531,150.12498424007188,32.48508161356371,20.69268320419691
436554,125.42549518769292,16.584508035573553,16.951238150998364
436553,137.71368478910964,4.26538752983729,23.186352018445827
4365533,143.46899850943663,-0.1136464802409618,22.448632063585656
43655337,144.2425647821684,1.7199160872812744,22.34422884676489
43655336,143.57589197513957,-2.318222943311509,22.273645900049402
43655335,140.33082151514486,0.2933635797044101,22.663121006970538
43655334,142.4351879301401,-0.06496475943567459,20.112861903192307
43655333,144.6953970210007,-0.532443159824339,23.959870187783544
43655332,144.48161895053815,-0.7621390090363129,20.82944336376521
43655331,142.31647529367967,-1.2353598407666777,24.29379664179198
436552,132.1137122577443,7.895352552396453,24.671867276031442
436551,130.9038484865126,2.0100745870483983,27.301007639357195
4365515,127.63126388513338,-3.805801399102958,31.658987362011555
43655157,127.9040063840153,-2.4771349596438657,29.262210538916428
43655156,128.90154692817532,-5.773692728476281,31.54907017586534
43655155,125.92026959710182,-5.462171476378623,31.459784801872534
43655154,128.6815075500547,-4.312505714331672,33.315462697944945
43655153,127.50502679027184,-2.0314429987225555,32.48424055130363
43655152,127.15864706104486,-5.524846799576365,29.596470407445725
43655151,125.69221949989952,-3.5487749476950494,32.4856420365149
4364,100.27108415023869,-4.514898628461523,-3.853836939900706
4363,112.56124112319532,-32.3400849115356,-15.260355855546068
43637,113.16184423470173,-32.76060444828939,-22.566739242062553
436375,113.75973975890875,-33.4302935579396,-28.577168997046734
4363756,116.37276027880482,-37.10422379422358,-49.4032085350502
43637567,114.26053480447308,-37.40406153878966,-48.93396230159322
43637566,119.64639909793446,-38.916999971499216,-49.00647426125588
436375665,124.2918896902087,-42.72134012628892,-48.51050879656195
4363756657,125.86473309295623,-42.55731915638465,-50.13843460639324
4363756656,124.9419518111974,-40.07062621741715,-49.86021031002329
4363756655,122.89985848866057,-41.992047587945706,-49.35656589509283
4363756654,124.70953440002457,-44.61616424778387,-48.248540040703496
4363756653,126.46534944999486,-39.5989447706769,-46.85802177112325
4363756652,127.13562803915582,-42.51225607654982,-48.25160344106041
4363756651,125.54175909587259,-44.74752982056588,-43.79368574906048
43637565,117.42844367426218,-37.38236570563497,-61.87681042064553
436375656,117.81464646186099,-37.50403878735126,-67.1341780221875
4363756566,118.04378585374911,-37.582288504204634,-72.26458802744911
43637565665,118.08158135212403,-37.23220014873204,-82.85076624422264
436375656657,117.07760468970643,-35.52878833107141,-82.54734002770734
436375656656,119.03743562041981,-36.454232825439775,-84.59638518583847
436375656655,120.27863841976956,-38.36404303428007,-83.2367371777041
436375656654,119.33476309706417,-37.55401941058696,-81.12150423699661
436375656653,114.30026709667763,-34.846587405458386,-89.11911451081416
4363756566533,110.09335492221356,-32.29403045684553,-94.83388226800277
43637565665337,112.3840525050589,-32.469434652456904,-95.6587382447805
43637565665336,110.40515487973039,-34.1860126775163,-95.65573104832174
43637565665335,108.19335780968719,-32.73208965683213,-94.6291357637383
43637565665334,110.4403013516996,-31.360410974819217,-96.85385067761462
43637565665333,109.32075733931079,-30.051027953631845,-95.15108449287064
43637565665332,108.7265332107318,-30.66315672693349,-103.22022650340315
436375656653324,108.13037607712978,-29.463930017049886,-108.60985334112014
4363756566533247,108.35191137330698,-29.056994191809714,-107.02201474073514
4363756566533246,107.66397687826532,-27.646751289750565,-109.86375254350747
4363756566533245,105.4805796069344,-28.937250863256132,-109.56772321222572
4363756566533243,108.05516141991167,-30.23155834213412,-111.4044228228927
4363756566533242,106.3825462512468,-31.841797907379032,-109.47639767426188
4363756566533241,109.78469561670423,-29.9239380397969,-109.85832724613047
43637565665331,111.7294201366098,-31.13291586119768,-92.94591484128988
436375656652,117.8576201800676,-39.06874365016981,-84.8645683084116
436375656651,116.76418749441733,-39.32007077720403,-82.16003326592028
43637564,116.3169927934556,-34.925466761683815,-49.09966297505381
43637563,110.98868371779817,-33.62780652430138,-60.85594327811736
436375633,106.02237523201322,-30.275006569495204,-72.80711864045315
4363756337,105.95134402698893,-31.93001939866167,-70.81806829021879
4363756336,104.0284792093888,-30.89730981250926,-72.11294039054354
4363756335,106.86692480822211,-30.606491088532138,-81.76854811880652
43637563356,107.4480941704677,-30.801900507036933,-85.62218579852689
436375633566,108.3648674217181,-31.168774389991952,-89.20920257430258
4363756334,107.45959557527286,-31.537465018930703,-74.24509265361083
4363756333,104.70223375740164,-30.072426188723014,-74.35461464005478
4363756332,105.97257670820508,-28.233643294157165,-72.96052867456781
4363756331,107.2824565811448,-29.199369591971042,-71.15752087673323
43637562,115.75938639241652,-36.754965119781566,-51.47189033059558
43637561,116.58610831803941,-38.98100877444348,-42.140034898085084
4362,103.55451684264192,-74.74610395915306,-17.58989525795261
43625,105.1065908817181,-77.12745465183463,-16.69064541271495
436257,106.10803155076823,-79.8534351899497,-16.31656719558335
4361,112.92267972922895,-34.213887075812075,-11.54202608266263
43617,113.90847683639997,-36.25791354072603,-15.939606990217081
436175,114.90364342573326,-37.9370935336068,-20.662150780954324
4361756,117.4543802966188,-41.88050446762429,-33.8394715573359
43617567,118.9227366439573,-42.87159211132972,-32.59837655568604
43617566,121.71372155832587,-44.58613865463813,-36.36646867376046
436175665,125.66144127820012,-47.639369816425344,-39.44964797674144
4361756657,127.50487787418079,-48.907545817201935,-38.4814253374421
4361756656,124.28401270317127,-49.27569734105734,-39.532561084568144
4361756655,126.71491726900656,-49.46076501526286,-40.441249155267975
4361756654,127.59355404285834,-46.63815282990068,-38.10244476063424
4361756652,125.131984640549,-48.28936087791124,-37.401641984003966
4361756651,126.90128757145217,-47.34317686904528,-41.3336870900243
43617565,117.31999664576152,-40.89041169121711,-31.69861375788164
43617564,116.26609908343411,-43.067714495829144,-34.902638392709385
43617562,115.46613780835398,-41.56346162239246,-33.17501796251044
43617561,118.13322596765958,-39.43518111948247,-34.736159439741336
42,41.17372286662603,-56.19272636754025,-5.203291063340416
426,99.83075463591847,-77.2143055120473,-20.476424437353817
4267,102.07510820204662,-78.59391170053365,-19.13563681095026
42675,104.09750028496114,-79.59548034788823,-17.75194755645937
4266,97.96881323423987,-78.04746348163034,-21.470032074289545
4265,107.97115041301534,-85.92137207820066,-52.45161920276192
42656,120.41648207907406,-97.00402382352856,-95.38405975795038
426567,113.64723250767017,-97.31259995105984,-94.41595696788195
4265676,109.63973260287501,-97.3449931122894,-93.50047987890437
42656766,106.09432172123329,-97.20000712910796,-92.31221750816526
426567665,101.74926180013286,-96.60245090005408,-90.63447782224289
4265676657,100.76362888773615,-98.4148660147218,-91.64438180321687
4265676656,101.19427527359692,-96.76123472721311,-87.75627064321439
4265676655,99.7886190126673,-95.86993614051981,-89.38539245305265
4265676654,99.58637610445732,-96.2603654606643,-91.20549058069422
4265676653,105.52715635364859,-93.77546435843851,-88.10178918487009
4265676652,100.83596491035544,-98.82875490648395,-89.62223453395052
4265676651,101.14474169826909,-95.88371364156527,-92.89741296407652
426566,118.49066925786664,-115.4507074315885,-110.28352418251048
4265664,116.8422942912123,-133.8994143426949,-123.42634535660493
42656647,115.64849869976769,-132.15653387167816,-123.96780255772737
42656646,118.88683059127062,-134.41892753874123,-124.46285786119768
42656645,122.38699493981584,-144.96208538283463,-131.993711099548
426566454,124.31750963139811,-149.18545499804455,-135.09128397079274
4265664544,126.0898856543727,-153.42389232880691,-138.1344959193153
42656645446,129.87827652563453,-163.80908590785518,-145.38547252416177
426566454467,129.83295776289322,-165.4926218532435,-144.22401336155784
426566454466,129.66875923098365,-163.07674122903285,-143.03657380820718
426566454465,133.09886573144067,-171.77315323505596,-150.7579473466557
4265664544655,136.29903160989414,-179.85553317881758,-155.91265049008132
42656645446557,136.80176486445035,-178.06114128302238,-157.46387175813484
42656645446556,139.23747934865864,-186.32006077679486,-160.91696430273777
426566454465564,142.6232713839254,-192.68579961775262,-165.91596272260102
4265664544655647,142.32536464903464,-193.61709148852336,-163.26425488598403
4265664544655646,141.16784890656712,-191.10859593402895,-166.77438899934225
4265664544655645,141.64134925787548,-194.65817124842056,-165.3763834954041
4265664544655644,139.88705905681695,-191.60786800058477,-164.0079682354025
4265664544655643,144.20477158176678,-191.83859335369678,-165.13837971840186
4265664544655642,142.50539356506567,-193.8202661130895,-167.594661119849
4265664544655641,144.49703220811796,-195.73621454533972,-170.40470418624562
42656645446556415,146.21892438351213,-198.4189858324688,-174.76369049125125
426566454465564157,145.3565860039803,-200.17474407458812,-173.78531526709372
426566454465564156,147.55702751717104,-198.80559067735203,-176.48776174078745
426566454465564155,148.7644286288232,-199.1704770470606,-174.54588534181735
426566454465564154,147.5811264692023,-197.9531188563005,-172.40412645040584
426566454465564153,146.84499102732724,-196.6835744067789,-176.03651372438145
426566454465564152,144.43497455337788,-197.16478440678875,-174.89856641712663
426566454465564151,145.82878774395078,-200.06557798027495,-175.98403359192784
42656645446555,134.18192054061976,-177.44813529299964,-156.41997487600054
42656645446554,134.45349453976263,-179.89108950120556,-154.29889285775116
42656645446553,134.6339395444968,-180.7798266578434,-157.6865337840867
42656645446552,136.3677498569946,-181.58077113433583,-155.68804722886196
42656645446551,138.00680841278947,-179.69796206684435,-155.13918490745772
426566454464,130.04541283265976,-162.18875240585012,-147.07045174186993
426566454463,127.82972130610968,-163.50669185791352,-145.70236661503873
426566454462,131.00095987093428,-165.06906282604146,-146.59510668072326
426566454461,131.8639802137331,-162.05740607567935,-144.8888627047117
42656644,111.68301659670782,-136.5794336706854,-123.31627934363043
426566444,105.41804286398012,-139.59727329161345,-122.97733943700814
4265664447,101.05703299599365,-143.6649132684407,-123.0422535623096
42656644476,97.05396360744545,-147.73392960077445,-123.35867871124631
426566444767,94.86289264750357,-147.9929560260343,-123.93532785645466
426566444766,95.29287233323389,-145.65479397661153,-124.04406742865511
426566444765,95.33810781898487,-148.25432387416114,-121.59114117049818
426566444764,97.58986069377808,-148.6540894821048,-121.47790978773223
426566444763,97.47919578305746,-145.3312785775691,-121.57307989545595
426566444762,98.6964454053188,-147.55859429854632,-124.53156185631411
426566444761,96.89216296559972,-149.15033685478681,-124.4396009870188
4265664446,104.68092731219657,-137.594442117782,-122.67859023674947
4265664445,106.53340475210332,-139.39497827885086,-120.92175359214131
4265664444,106.0261507528065,-141.24930960900036,-124.59440699781916
4265664443,103.41257076544434,-139.4428442374468,-123.28767133396272
4265664442,107.00764261197627,-138.3395733865104,-124.14035225972499
4265664441,105.15214836834886,-141.68933536472136,-121.28711819017902
42656643,118.22155501812324,-132.24016740358326,-123.66109876810637
42656642,116.13292853712267,-135.30431724719986,-125.59275214878286
42656641,117.10261046787475,-134.73370086203337,-121.63640275338828
426565,120.49643268613477,-91.35712571681009,-99.86755468743425
4265656,120.4528386736711,-88.04584491913356,-102.40834666176538
42656566,120.39896773306013,-84.92559901794411,-104.77963811223111
426565665,119.41263617816527,-79.96919549812529,-108.2798056139647
4265656657,117.92464718397297,-81.03851286809594,-108.23596458268824
4265656656,120.62606584613968,-77.45464209425363,-108.1836994239728
4265656655,120.26560494012693,-78.1581578813906,-110.45223914325177
4265656654,120.66943274242584,-81.1688431416854,-110.4234035353464
4265656653,118.36471544067201,-79.07105134897304,-109.81823521356252
4265656652,123.14864893353388,-79.89777527743847,-109.57299331917864
4265656651,120.1913075109082,-79.20254270579935,-106.57953382951318
426564,131.20819358199236,-90.9316225525098,-118.02712213146366
4265646,133.8707748329779,-89.43095367883666,-124.15543421681613
42656466,137.07164963464888,-87.70350925850485,-132.25140697016326
426564664,143.99993126760725,-84.18745133454689,-151.87899702368367
4265646647,145.9437037897325,-82.95635965122412,-153.30294139959426
4265646646,143.68962228575273,-82.08329958926973,-152.65434078859272
4265646645,142.6366243433052,-83.38046114989629,-150.5951659640362
4265646644,148.83653273171333,-83.7354487611136,-161.71268508334924
42656466442,151.12368802981402,-83.95720976474105,-168.80798121269245
426564664427,154.3377727679541,-83.3711847473555,-168.5227694039964
426564664426,150.97315331376544,-82.8857461192788,-170.70672269737565
426564664425,152.5328189181862,-82.76093322345321,-165.62577042244277
426564664424,152.29952133212186,-85.13641679912764,-170.0906095256578
426564664423,151.90244792972194,-85.955234502176,-167.96398589248946
426564664422,149.37125146698637,-83.54677359003868,-168.54879051196315
426564664421,152.6234470299574,-81.91606841736284,-169.3636830169286
4265646643,146.5125681915308,-84.19263012077175,-151.16665129812355
4265646642,144.69183960039797,-84.23232151849787,-149.81713857315071
4265646641,142.4554155128274,-86.26587016845124,-153.93690718633468
42656466414,139.9621164712768,-88.81197094326266,-155.9939459254273
426564664147,142.05829042018829,-89.81610140307549,-157.57337180773655
426564664146,138.36689686683852,-87.61623716394308,-157.0481153352067
426564664145,140.87672942577166,-86.96063342871913,-157.58560493892654
426564664144,139.12105134234753,-89.70968283379709,-158.18567820598926
426564664143,140.53142948909408,-89.56934644785932,-154.21533810352483
426564664142,138.15076187861789,-89.33004323396008,-155.3656594424946
426564664141,140.2876877675886,-91.24223816566517,-156.46131810925334
426563,118.82254041756839,-94.59293697130234,-92.71693892193825
4265636,117.21533286758199,-92.69477709192314,-90.32078001295541
42656366,115.36224513473906,-91.17265688238808,-88.05878746053571
426563665,112.5557188481153,-90.0249425462427,-84.85384834560192
4265636656,110.89441174858072,-87.72229382636706,-85.38097559204715
4265636655,114.44226902560226,-88.50780319643746,-84.94914187967895
4265636654,111.08216764099716,-89.04585168539685,-83.03088663364152
4265636653,112.75386968052254,-90.56039151152135,-82.8187006925146
4265636652,113.04753013985818,-87.6158368582446,-83.58766166856067
4265636651,113.11812609522379,-91.59241067247162,-84.99428180262065
426562,122.37794814531159,-100.00954884394633,-95.54076877278122
4265626,124.54606348793041,-103.08967525739544,-95.27030661373334
42656266,126.89667614648515,-106.203389580914,-94.6053017330445
426562664,131.39398131877786,-112.41677197297572,-92.44015319721629
4265626647,134.45959540045982,-112.79851021943374,-92.94849190450047
4265626646,131.65068943245183,-112.51902576537076,-94.75911973703121
4265626645,131.51427134505843,-114.6606513131026,-92.1265926341149
4265626644,142.54412290867083,-117.65423347232189,-92.85575676149365
42656266444,151.34634534908315,-121.20723314105189,-92.58378547990051
426562664447,150.96272377513384,-123.03086155355378,-91.39602676680418
426562664446,151.75592072666538,-122.31783078509403,-94.43191884609008
426562664445,156.5686407552005,-126.74058186458426,-91.07343794281047
4265626644455,159.08820426955717,-129.2269323900296,-90.43201154973232
42656266444557,161.48835883891732,-131.5806858948957,-89.89238107841602
426562664445575,165.49238323244862,-134.5015398189659,-89.65283642709032
4265626644455757,165.59056249370306,-135.82543577526687,-91.41544642038278
4265626644455756,162.93504371908827,-135.95674388825213,-88.2768850005155
4265626644455755,166.87338546733235,-136.06430498763888,-87.12359379236183
4265626644455754,167.3856053873141,-135.51878375138185,-89.84002646555369
4265626644455753,165.30453040805727,-137.7990185668622,-89.7188012077557
4265626644455752,166.09637267923947,-133.74431651168402,-87.81186231742923
4265626644455751,165.3240936454709,-132.74119256529912,-90.96114855034176
426562664444,153.09227102953938,-120.49048493308307,-91.96552670372459
426562664443,149.01766491641146,-120.76451937331119,-93.1301643860898
426562664442,153.9982710034367,-121.7341271502384,-99.36740477037314
4265626644422,157.10555586896587,-122.39678490400811,-105.17421904806265
42656266444227,155.49001678287868,-123.58079432736128,-107.04136414154222
42656266444226,157.27700056504588,-121.82717961485383,-107.56941558256854
42656266444225,158.36370801140305,-121.1021153007297,-104.54578365193333
42656266444224,156.554693161753,-119.94512023043042,-106.1446846148812
42656266444223,158.15504621255653,-123.67069597169238,-106.38133927779214
42656266444222,157.213407575866,-123.98030199056736,-103.92970163972718
42656266444221,154.09146604580852,-122.36049553807284,-104.71859364500786
426562664441,149.77983377686164,-117.56951934201035,-88.22020892683575
4265626643,130.0001234642155,-111.6370645756365,-92.05542105507664
4265626642,126.7833656575237,-117.93397120434663,-93.15056867088752
42656266422,122.12954151305348,-121.32192476973957,-93.79187068439337
426562664227,122.27590408967535,-121.5334953199868,-91.56115836740761
426562664226,120.50749429198422,-123.0066511280114,-94.68139459934304
426562664225,125.38785687562893,-122.93887646550986,-94.22440558386889
426562664224,122.7506237256876,-122.1279400904989,-95.63908159059825
426562664223,120.56900542235967,-119.96602123618658,-94.39338666960815
426562664222,122.96733170901834,-125.11661683438183,-92.39293495971172
426562664221,121.13018802798572,-123.83815121025161,-92.9044159649365
4265626641,133.80715921279335,-109.49191494974635,-89.63273749649177
426561,124.5452217778206,-98.49219343332203,-92.68410487531807
4265616,127.59637763620663,-100.08748256151051,-90.80049274287454
42656166,130.48930762095182,-102.03782238811897,-89.23766314836587
426561664,135.4936701233393,-106.09333197468455,-86.65633709500818
4265616647,135.8500530280257,-105.25420556189762,-84.8184439392983
4265616646,137.57532690870963,-107.67553028496253,-87.84146659655191
4265616645,137.01293797502535,-104.63989093731526,-87.82617843345736
4265616644,142.42147733573162,-110.07386598672218,-84.79449804563892
42656166444,147.74781156646728,-113.36075544307144,-84.16743565809563
426561664447,150.03608790330057,-112.8430817853631,-82.52153552951557
426561664446,146.84631743299127,-112.51477992620113,-81.80255750959007
426561664445,149.68820106442936,-115.04977957536964,-83.62894630560457
426561664444,147.03863397165304,-115.26299366992926,-82.30408551431873
426561664443,147.0248630438313,-113.37783635435164,-85.83151340948584
426561664441,148.6270369489296,-111.37355190705388,-83.68487513464228
4265616643,136.64071383460677,-107.19279190638001,-85.00260557049002
4265616641,134.5810089016793,-104.52238016026388,-86.53447882226341
4264,98.59905869057594,-75.83957329650984,-19.24965080876076
4262,99.06872500109593,-79.13379923363438,-19.58490394688485
4261,99.74262125622411,-76.55274973871978,-22.570740876035195
41,-8.209094379385894,-55.94876932100588,17.787999856653034
415,-23.09666462890714,-84.34974704404803,37.64113159957515
4157,-24.272026339914763,-83.43673020263927,35.97146655752068
4156,-25.618487197245333,-88.91116857167485,46.18165416657794
41565,-32.08648523031429,-102.6810750480882,64.87980377939249
415657,-34.349296238449405,-102.97498864432355,63.42051876399449
415656,-32.81314084809655,-102.81944421206731,66.91596079721431
415655,-30.222843872271557,-103.06913835795562,64.35498236164382
415654,-34.33657406340859,-106.48278700706078,74.97152546360125
4156545,-35.09174389938444,-108.62071951877631,78.94966261502539
41565455,-35.79525302687729,-111.31104013687084,82.63681129530264
415654556,-36.94281692459359,-118.9121226554378,90.44798631117995
4156545567,-37.77749213588437,-123.30797697454187,95.73543212907838
41565455674,-37.953059781459714,-127.59122275884866,99.318929453582
415654556747,-37.38278649955712,-127.21081459245228,101.59918981771595
415654556746,-37.36174811435532,-129.32647205289493,98.74270347113958
415654556745,-36.16854656312548,-128.06943546367657,100.29394988670764
415654556744,-40.777779124408895,-127.69387687805926,99.96823009825206
415654556743,-39.031185281649,-129.0558513958481,101.0205725272712
415654556742,-38.951808718547966,-128.577093170757,95.7917267029144
415654556741,-38.945118172479006,-125.91697074714943,101.29552910327273
4156545566,-39.765932590403956,-118.90892187553052,90.04078433897828
4156545565,-38.21878843299801,-116.87896318277336,90.22804470277381
4156545564,-35.79072344922184,-118.84240147538043,92.14936026056647
4156545563,-36.0191504141374,-117.05543067034195,90.6140825938811
4156545562,-37.078430893349775,-121.68239314778066,88.02726306831778
41565455624,-39.04114526935244,-129.69817497273985,91.98214182238883
415654556246,-39.250896592132484,-130.64411015197618,89.75628330899144
415654556245,-40.29438029623357,-131.69274877411638,92.40356537967654
415654556244,-41.559064110368354,-129.87377552617346,92.46678866809839
415654556243,-37.1214830229585,-129.88269797722802,92.35013449648798
415654556242,-40.31170926515275,-128.57541559167,90.04245465517289
415654556241,-38.277691560782785,-131.74400691708348,91.449932658506
4156545561,-38.097225597885846,-119.67917347033772,92.31810139243973
415653,-33.6765506248135,-99.9748943196968,52.74255645486019
4156534,-35.13327088315937,-97.85559017120312,52.1917074165059
41565347,-34.88508489662644,-95.6745044714224,51.68886514352599
41565346,-35.97967140337597,-96.61265481721536,54.11101611930382
41565345,-31.644477672945914,-99.45292253201819,49.63930214156347
41565344,-33.75964896488671,-97.18004969937472,54.05080955244048
41565343,-37.35699765388358,-97.0455232161276,52.314618478703125
41565342,-36.84336204657462,-99.31612880518652,52.96836656952811
41565341,-36.107010653564735,-97.79296045546441,50.28010902091174
415652,-32.97858405775341,-107.76818217720401,69.08826575441103
4156525,-33.372476749002615,-110.83723336230923,71.69151768306128
41565255,-33.819471138091366,-113.79764549646738,74.40118163690032
415652556,-34.76751658609594,-119.25873877271785,79.75685174811962
4156525567,-36.981989293560126,-119.18604677662266,80.86670189186779
4156525566,-34.55020530934664,-119.70270655069034,77.49940392706883
4156525565,-32.738919408503584,-118.49489832269838,80.78646357842491
4156525563,-35.533417218120746,-117.1604540310871,79.0763989766726
4156525562,-35.66584279886606,-121.20523350573805,80.27729510907558
4156525561,-33.33974756383562,-120.9518203439876,79.27366980210071
415651,-32.1140264378766,-100.56836472304128,65.08602376238358
4155,-24.45576702984753,-82.15019516000227,38.824187038156715
4154,-20.944060864738425,-84.12742229719859,37.30309939750389
4153,-26.348241173292173,-90.05101069030965,38.88346539375945
41535,-31.935162563908516,-100.48667202714348,41.96274171105421
415357,-35.639599153631224,-107.73916234072576,39.45488296738259
4153575,-37.247230277197836,-110.6683760697533,38.63867046845642
41535755,-38.932922845220524,-113.39065039142197,37.99997715058332
415357556,-41.519383708811176,-117.32132758151292,37.507415490866435
4153575567,-42.19859174343756,-115.10071093634525,37.85018156695125
4153575566,-43.6407534636935,-118.46595364255845,37.32576118689782
4153575565,-43.22224289576495,-117.00971142938808,38.92442440439848
4153575564,-39.66412219878778,-118.04621446217709,37.928224905665324
4153575563,-41.7356932074343,-119.66275389494331,37.68657216634357
4153575562,-42.30340849251335,-116.32375002982135,34.98530656905786
4153575561,-41.697489550811156,-118.49880133228531,35.17922808172623
415355,-30.269855908305576,-100.74043933776844,44.19872529128958
4153554,-28.213451394033417,-100.8690992270956,47.089893706067336
41535547,-26.312573452642887,-102.48207146480595,47.22402694651705
41535545,-27.411931071508587,-101.27164434916376,49.108595652578266
41535544,-28.22381065832573,-102.98886528005822,45.26394089097508
41535543,-28.971798981441264,-103.16464525357407,48.03850652066472
41535542,-26.458595122272953,-100.74002646507577,45.578165261121576
41535541,-27.051517318586733,-99.24177788161602,47.29343895414018
415354,-31.382315669041567,-99.22882020484788,40.11357169035533
415353,-33.635872089345135,-99.17263889613903,41.242650929663455
415352,-31.032543721747185,-101.62801177178595,40.15943263320779
415351,-33.455134287977614,-101.97576360900634,41.18002419991132
4152,-23.30410399429373,-86.09731136867379,36.0349682653862
4151,-22.044994743921478,-82.22127234961839,37.08795116462644